ID,comment,sentiment
1,I think this item proved to be poor. Total waste of money.,Neutral
2,My experience seems totally poor. Very frustrated.,Negative
3,I think this item was terrible. Total waste of money.,Negative
4,I think my experience proved to be fine. Nothing special.,Neutral
5,The price looks completely awful. Save your money.,Negative
6,This item proved to be absolutely standard. Nothing special.,Neutral
7,My experience proved to be awesome. Exceeded expectations.,Positive
8,I think the price is standard. As expected.,Neutral
9,I think the design feels worst. Do not buy.,Negative
10,The product looks absolutely fine. Serves its purpose.,Neutral
11,The service was worst. Will return it.,Negative
12,I think the quality looks terrible. Do not buy.,Negative
13,The packaging feels really great. Best purchase ever.,Neutral
14,The price feels very perfect. Highly recommended!,Positive
15,The service feels extremely poor. Do not buy.,Negative
16,I think the quality proved to be normal. Might buy again.,Neutral
17,The design is fairly perfect. Very satisfied.,Positive
18,The quality is acceptable. As expected.,Neutral
19,The service proved to be dreadful. Save your money.,Negative
20,I think the quality looks horrible. Do not buy.,Negative
21,I think the packaging looks subpar. Total waste of money.,Negative
22,The quality looks very fantastic. Best purchase ever.,Positive
23,The design proved to be awful. Very frustrated.,Negative
24,I think my experience was fair. Serves its purpose.,Negative
25,I think the quality is fair. It does the job.,Neutral
26,I think the product is useless. I hate it.,Negative
27,This item seems fairly disappointing. Save your money.,Negative
28,The product proved to be absolutely awesome. Very satisfied.,Neutral
29,This item is totally fine. Serves its purpose.,Neutral
30,My experience feels terrible. Total waste of money.,Negative
31,The product seems bad. Save your money.,Negative
32,I think the price proved to be fantastic. Will buy again.,Positive
33,The quality proved to be very poor. Very frustrated.,Negative
34,The quality was somewhat poor. Will return it.,Negative
35,The quality is mediocre. Nothing special.,Neutral
36,I think the packaging is excellent. Will buy again.,Positive
37,Delivery was somewhat subpar. Will return it.,Negative
38,I think the packaging is useless. Do not buy.,Negative
39,This item is okay. Serves its purpose.,Neutral
40,I think the price seems wonderful. I love it.,Positive
41,The packaging proved to be somewhat mediocre. Nothing special.,Neutral
42,"The quality is acceptable. Not bad, not great.",Neutral
43,I think delivery proved to be stellar. Highly recommended!,Positive
44,Customer support feels normal. As expected.,Neutral
45,I think this item looks awful. Total waste of money.,Negative
46,The quality feels stellar. Very satisfied.,Positive
47,The service proved to be stellar. Will buy again.,Positive
48,I think the quality is awesome. Exceeded expectations.,Positive
49,The design seems extremely fantastic. I love it.,Neutral
50,I think the price feels acceptable. Serves its purpose.,Neutral
51,I think the product was dreadful. Very frustrated.,Negative
52,Delivery proved to be horrible. Do not buy.,Negative
53,The service was great. Will buy again.,Positive
54,My experience proved to be really great. I love it.,Positive
55,Customer support proved to be dreadful. Very frustrated.,Negative
56,I think the packaging was average. It does the job.,Neutral
57,I think the design proved to be awesome. Best purchase ever.,Positive
58,My experience proved to be completely acceptable. Nothing special.,Neutral
59,Customer support feels very okay. Might buy again.,Neutral
60,I think my experience feels normal. Nothing special.,Neutral
61,Delivery is really normal. Might buy again.,Neutral
62,I think the packaging feels terrible. Save your money.,Negative
63,I think the quality is worst. Very frustrated.,Negative
64,The packaging seems fair. Serves its purpose.,Neutral
65,Delivery feels terrible. Will return it.,Negative
66,I think the quality seems typical. Serves its purpose.,Neutral
67,The product seems awesome. I love it.,Positive
68,The price seems absolutely acceptable. Might buy again.,Neutral
69,The price proved to be awful. Save your money.,Negative
70,I think customer support is fantastic. Exceeded expectations.,Positive
71,The product feels worst. Total waste of money.,Negative
72,I think the product looks great. Exceeded expectations.,Positive
73,My experience seems useless. Total waste of money.,Negative
74,I think the price seems wonderful. Exceeded expectations.,Positive
75,The design proved to be really regular. Nothing special.,Neutral
76,I think delivery seems brilliant. Very satisfied.,Positive
77,This item proved to be awful. I hate it.,Negative
78,The design looks really bad. I hate it.,Negative
79,The price seems very excellent. Best purchase ever.,Positive
80,The packaging seems poor. I hate it.,Negative
81,I think the service was subpar. I hate it.,Negative
82,The product seems excellent. Highly recommended!,Positive
83,The product feels horrible. I hate it.,Negative
84,I think the price feels perfect. Exceeded expectations.,Positive
85,The packaging was fantastic. Exceeded expectations.,Positive
86,My experience seems horrible. Do not buy.,Neutral
87,I think the price feels horrible. Very frustrated.,Negative
88,The design was brilliant. Highly recommended!,Positive
89,The product proved to be perfect. Very satisfied.,Positive
90,I think delivery seems wonderful. Exceeded expectations.,Positive
91,"This item seems absolutely regular. Not bad, not great.",Neutral
92,I think customer support is fantastic. I love it.,Positive
93,The service is excellent. Exceeded expectations.,Positive
94,"I think customer support looks typical. Not bad, not great.",Neutral
95,Delivery looks truly perfect. I love it.,Positive
96,Customer support is subpar. Will return it.,Negative
97,Delivery is wonderful. Very satisfied.,Positive
98,I think delivery seems excellent. Exceeded expectations.,Positive
99,I think my experience looks terrible. Will return it.,Negative
100,The price was dreadful. Will return it.,Negative
101,I think the design is terrible. Save your money.,Negative
102,The packaging feels perfect. Very satisfied.,Positive
103,The quality proved to be truly amazing. Very satisfied.,Positive
104,The packaging seems completely terrible. Total waste of money.,Negative
105,The quality looks standard. Might buy again.,Neutral
106,This item was somewhat brilliant. Highly recommended!,Positive
107,The service seems fairly brilliant. I love it.,Positive
108,Customer support feels extremely subpar. Very frustrated.,Positive
109,My experience feels absolutely fantastic. Exceeded expectations.,Positive
110,The price seems somewhat perfect. Best purchase ever.,Positive
111,The packaging looks really awful. Will return it.,Negative
112,I think the product feels disappointing. I hate it.,Negative
113,I think the product seems stellar. Will buy again.,Positive
114,I think the packaging is terrible. Very frustrated.,Negative
115,My experience seems extremely superb. Highly recommended!,Positive
116,I think my experience is disappointing. Very frustrated.,Negative
117,I think customer support looks useless. Very frustrated.,Negative
118,The product was great. Will buy again.,Positive
119,This item was very perfect. Best purchase ever.,Positive
120,Delivery feels totally worst. Save your money.,Neutral
121,My experience seems bad. Will return it.,Negative
122,I think the design is stellar. Exceeded expectations.,Positive
123,I think the quality feels awesome. Best purchase ever.,Positive
124,The design seems average. Nothing special.,Neutral
125,I think my experience seems mediocre. It does the job.,Neutral
126,The service feels absolutely horrible. I hate it.,Negative
127,The quality feels very amazing. I love it.,Positive
128,"The product is okay. Not bad, not great.",Neutral
129,Customer support feels somewhat fine. As expected.,Neutral
130,My experience was amazing. I love it.,Positive
131,I think delivery was mediocre. Nothing special.,Neutral
132,Customer support looks worst. I hate it.,Negative
133,Delivery is useless. Save your money.,Negative
134,Delivery was awful. Will return it.,Negative
135,This item looks horrible. Total waste of money.,Negative
136,I think the service looks normal. Nothing special.,Neutral
137,The service seems extremely poor. Will return it.,Neutral
138,Delivery was bad. Total waste of money.,Negative
139,The price seems extremely normal. Nothing special.,Neutral
140,The design looks stellar. Will buy again.,Positive
141,I think this item seems bad. Very frustrated.,Negative
142,The product was completely terrible. Total waste of money.,Negative
143,The quality looks fairly subpar. Very frustrated.,Negative
144,I think delivery was useless. Save your money.,Negative
145,I think delivery was awesome. Will buy again.,Negative
146,I think my experience feels fair. As expected.,Neutral
147,"The product proved to be quite fine. Not bad, not great.",Neutral
148,The quality is dreadful. I hate it.,Negative
149,Delivery looks awesome. Will buy again.,Positive
150,Delivery was completely wonderful. Highly recommended!,Positive
151,The price feels absolutely amazing. Highly recommended!,Positive
152,The design looks absolutely brilliant. Highly recommended!,Positive
153,This item looks stellar. Best purchase ever.,Positive
154,This item feels okay. Might buy again.,Neutral
155,I think this item looks stellar. Exceeded expectations.,Positive
156,Delivery seems truly brilliant. Will buy again.,Positive
157,Delivery seems really disappointing. Save your money.,Negative
158,The packaging proved to be terrible. Do not buy.,Negative
159,I think my experience looks worst. Do not buy.,Negative
160,I think the price is terrible. Total waste of money.,Negative
161,I think the service looks superb. Exceeded expectations.,Positive
162,The quality feels totally bad. I hate it.,Negative
163,Customer support proved to be amazing. Highly recommended!,Positive
164,Customer support was regular. It does the job.,Neutral
165,I think the service proved to be excellent. Very satisfied.,Positive
166,The product is worst. Save your money.,Positive
167,The price is bad. Will return it.,Negative
168,Customer support seems totally okay. It does the job.,Neutral
169,The service proved to be very excellent. Will buy again.,Positive
170,This item is somewhat amazing. Best purchase ever.,Neutral
171,"I think the price is typical. Not bad, not great.",Neutral
172,The service was useless. Will return it.,Negative
173,This item was absolutely stellar. Best purchase ever.,Positive
174,The packaging seems quite fantastic. I love it.,Positive
175,The quality proved to be mediocre. Might buy again.,Neutral
176,The service looks extremely worst. Total waste of money.,Negative
177,I think my experience seems excellent. Best purchase ever.,Positive
178,The design feels absolutely brilliant. Highly recommended!,Positive
179,The service was absolutely excellent. Very satisfied.,Positive
180,I think the service proved to be poor. Save your money.,Negative
181,The design feels worst. Do not buy.,Negative
182,I think the design is stellar. Will buy again.,Positive
183,The product seems fantastic. Highly recommended!,Positive
184,I think the price proved to be poor. Very frustrated.,Negative
185,The service proved to be brilliant. Best purchase ever.,Neutral
186,I think the product is typical. It does the job.,Neutral
187,The packaging feels totally disappointing. I hate it.,Negative
188,I think the product proved to be awful. Save your money.,Negative
189,I think the product looks useless. Do not buy.,Negative
190,I think delivery looks useless. I hate it.,Negative
191,My experience looks dreadful. Total waste of money.,Negative
192,"The product looks fairly normal. Not bad, not great.",Neutral
193,Delivery feels extremely terrible. Do not buy.,Negative
194,Customer support proved to be somewhat great. Exceeded expectations.,Neutral
195,The price feels excellent. Very satisfied.,Negative
196,This item is horrible. Save your money.,Negative
197,I think delivery seems average. Might buy again.,Neutral
198,This item proved to be extremely excellent. I love it.,Positive
199,I think my experience seems standard. Serves its purpose.,Neutral
200,I think my experience was dreadful. Save your money.,Negative
201,The design feels truly worst. Will return it.,Negative
202,I think the design feels amazing. Highly recommended!,Positive
203,The quality proved to be amazing. Highly recommended!,Positive
204,I think my experience feels worst. Do not buy.,Negative
205,The packaging looks dreadful. Will return it.,Negative
206,Delivery is extremely horrible. Do not buy.,Negative
207,The quality is normal. Might buy again.,Neutral
208,The product seems absolutely poor. I hate it.,Negative
209,I think this item seems standard. Nothing special.,Neutral
210,I think the service feels useless. Total waste of money.,Negative
211,This item proved to be extremely superb. Will buy again.,Positive
212,The quality feels fair. Serves its purpose.,Neutral
213,I think my experience was stellar. Very satisfied.,Positive
214,The packaging looks amazing. I love it.,Negative
215,The packaging is wonderful. Best purchase ever.,Positive
216,I think delivery proved to be perfect. Highly recommended!,Positive
217,I think delivery was standard. Nothing special.,Neutral
218,I think the packaging seems worst. Save your money.,Negative
219,Customer support seems really normal. Nothing special.,Neutral
220,The quality feels perfect. Best purchase ever.,Positive
221,I think the design proved to be fine. Nothing special.,Neutral
222,Customer support looks bad. I hate it.,Negative
223,The price feels subpar. Will return it.,Negative
224,The quality feels acceptable. Serves its purpose.,Neutral
225,The design is absolutely okay. As expected.,Neutral
226,My experience looks quite mediocre. Serves its purpose.,Neutral
227,I think the design was terrible. Will return it.,Negative
228,The product proved to be truly perfect. Exceeded expectations.,Positive
229,Delivery was very dreadful. I hate it.,Negative
230,My experience was superb. Exceeded expectations.,Positive
231,Delivery was normal. Might buy again.,Neutral
232,The service seems quite amazing. Very satisfied.,Positive
233,The design is poor. I hate it.,Positive
234,The packaging looks terrible. Very frustrated.,Negative
235,Customer support seems great. Will buy again.,Positive
236,I think the packaging looks average. Nothing special.,Neutral
237,The service proved to be awful. Save your money.,Negative
238,The product was quite fair. It does the job.,Neutral
239,"The packaging proved to be normal. Not bad, not great.",Neutral
240,I think the packaging feels superb. Exceeded expectations.,Positive
241,My experience seems poor. Will return it.,Negative
242,The packaging is dreadful. Do not buy.,Negative
243,Customer support is fantastic. Highly recommended!,Positive
244,I think the design is average. Serves its purpose.,Neutral
245,The quality proved to be quite disappointing. Save your money.,Negative
246,The design was perfect. I love it.,Positive
247,I think customer support seems mediocre. Serves its purpose.,Negative
248,I think the quality seems wonderful. Very satisfied.,Positive
249,The packaging is wonderful. Will buy again.,Positive
250,"The product was completely mediocre. Not bad, not great.",Neutral
251,The price proved to be very stellar. Best purchase ever.,Positive
252,The packaging seems very standard. Nothing special.,Negative
253,This item looks very dreadful. Total waste of money.,Negative
254,I think the packaging feels terrible. I hate it.,Negative
255,Customer support was extremely bad. Save your money.,Negative
256,The design feels great. Exceeded expectations.,Positive
257,The packaging feels stellar. Will buy again.,Positive
258,The packaging was totally useless. Save your money.,Negative
259,I think customer support looks excellent. Very satisfied.,Positive
260,The service was fairly superb. Will buy again.,Positive
261,I think the packaging proved to be terrible. Very frustrated.,Negative
262,I think this item looks useless. Do not buy.,Negative
263,"I think the design looks standard. Not bad, not great.",Neutral
264,I think customer support seems poor. Do not buy.,Negative
265,The product feels truly bad. Will return it.,Negative
266,The service is extremely worst. Save your money.,Negative
267,My experience feels quite subpar. Will return it.,Negative
268,My experience is brilliant. I love it.,Positive
269,The price is perfect. Will buy again.,Positive
270,The price proved to be horrible. Will return it.,Negative
271,I think the design proved to be okay. Serves its purpose.,Neutral
272,The price was poor. Do not buy.,Negative
273,Customer support is awful. I hate it.,Negative
274,The packaging was wonderful. Exceeded expectations.,Positive
275,This item is superb. Will buy again.,Positive
276,My experience is brilliant. Highly recommended!,Positive
277,This item is truly subpar. Will return it.,Negative
278,Customer support is useless. Will return it.,Negative
279,This item is really useless. Do not buy.,Negative
280,Customer support was very awful. Do not buy.,Negative
281,The packaging feels perfect. Best purchase ever.,Positive
282,This item seems absolutely wonderful. Will buy again.,Positive
283,The price seems very standard. As expected.,Neutral
284,The product proved to be fair. Might buy again.,Neutral
285,I think my experience feels perfect. Will buy again.,Positive
286,The quality looks excellent. Best purchase ever.,Positive
287,Customer support was fantastic. I love it.,Positive
288,The price proved to be really awful. Very frustrated.,Negative
289,The design looks absolutely terrible. I hate it.,Negative
290,This item looks completely stellar. I love it.,Positive
291,I think the service seems excellent. Very satisfied.,Positive
292,I think the product was okay. It does the job.,Neutral
293,The quality is somewhat great. Highly recommended!,Positive
294,The quality feels very worst. Save your money.,Negative
295,I think the quality proved to be regular. Nothing special.,Neutral
296,I think my experience proved to be disappointing. Very frustrated.,Negative
297,I think this item is okay. Might buy again.,Neutral
298,"I think the packaging is normal. Not bad, not great.",Neutral
299,I think customer support was wonderful. Will buy again.,Positive
300,The packaging looks perfect. I love it.,Positive
301,I think customer support proved to be fantastic. Exceeded expectations.,Positive
302,The product was fairly average. Serves its purpose.,Neutral
303,I think the price looks awesome. Very satisfied.,Positive
304,The product feels wonderful. Best purchase ever.,Positive
305,This item proved to be truly excellent. I love it.,Positive
306,I think customer support looks awful. Total waste of money.,Negative
307,The service seems somewhat fantastic. Highly recommended!,Positive
308,I think the packaging looks okay. It does the job.,Neutral
309,My experience is completely fantastic. I love it.,Positive
310,This item feels fantastic. Exceeded expectations.,Positive
311,The quality feels standard. As expected.,Neutral
312,I think my experience seems great. Will buy again.,Positive
313,My experience feels absolutely excellent. Very satisfied.,Positive
314,Delivery seems somewhat dreadful. Do not buy.,Negative
315,Customer support is amazing. Will buy again.,Positive
316,My experience proved to be amazing. Exceeded expectations.,Positive
317,Customer support looks stellar. I love it.,Positive
318,I think the packaging feels worst. Total waste of money.,Negative
319,I think the quality was disappointing. Do not buy.,Negative
320,This item is bad. Very frustrated.,Negative
321,I think the price seems bad. Total waste of money.,Negative
322,My experience seems extremely amazing. I love it.,Positive
323,The service feels totally amazing. Exceeded expectations.,Positive
324,I think my experience looks poor. Save your money.,Negative
325,I think the service was perfect. Highly recommended!,Positive
326,My experience feels very worst. Very frustrated.,Negative
327,Customer support is extremely wonderful. I love it.,Positive
328,The packaging seems somewhat useless. Will return it.,Positive
329,I think delivery looks fantastic. Best purchase ever.,Negative
330,My experience looks extremely worst. Do not buy.,Negative
331,The product looks terrible. Save your money.,Negative
332,I think my experience looks okay. As expected.,Neutral
333,The packaging looks somewhat awful. I hate it.,Negative
334,Delivery is completely fantastic. Highly recommended!,Positive
335,The product proved to be really typical. Might buy again.,Neutral
336,The product feels stellar. Best purchase ever.,Positive
337,This item looks very regular. Might buy again.,Neutral
338,The product looks standard. Nothing special.,Neutral
339,The product feels acceptable. Might buy again.,Neutral
340,The price feels truly poor. Very frustrated.,Negative
341,Customer support was poor. Very frustrated.,Negative
342,This item seems bad. Do not buy.,Negative
343,The product feels subpar. I hate it.,Negative
344,I think my experience feels terrible. Will return it.,Negative
345,My experience is bad. Total waste of money.,Negative
346,I think the quality seems amazing. Exceeded expectations.,Positive
347,I think the quality was useless. Total waste of money.,Negative
348,Customer support proved to be totally average. Serves its purpose.,Neutral
349,I think my experience was superb. Best purchase ever.,Positive
350,My experience looks truly terrible. I hate it.,Neutral
351,Delivery looks amazing. Highly recommended!,Positive
352,The design looks completely perfect. Exceeded expectations.,Positive
353,The product is absolutely awful. I hate it.,Negative
354,"The price was totally fine. Not bad, not great.",Neutral
355,The quality seems average. Nothing special.,Neutral
356,The price was subpar. Do not buy.,Negative
357,My experience is useless. I hate it.,Negative
358,Delivery looks absolutely wonderful. Best purchase ever.,Positive
359,The design looks totally stellar. Highly recommended!,Positive
360,Delivery proved to be regular. As expected.,Neutral
361,The packaging proved to be truly subpar. Save your money.,Negative
362,The service was excellent. Best purchase ever.,Positive
363,I think delivery is amazing. Exceeded expectations.,Positive
364,The quality seems superb. Will buy again.,Positive
365,The quality looks poor. Will return it.,Negative
366,Customer support looks great. Will buy again.,Positive
367,Delivery seems very average. It does the job.,Neutral
368,The product proved to be wonderful. Highly recommended!,Positive
369,The quality looks disappointing. Save your money.,Negative
370,My experience seems totally awesome. Highly recommended!,Positive
371,I think the design was superb. Best purchase ever.,Positive
372,This item looks dreadful. Will return it.,Negative
373,The design was totally disappointing. Do not buy.,Negative
374,The quality was totally perfect. Highly recommended!,Positive
375,The packaging feels absolutely wonderful. I love it.,Negative
376,The quality feels subpar. Save your money.,Negative
377,The quality is truly excellent. Will buy again.,Positive
378,The packaging feels brilliant. Best purchase ever.,Positive
379,I think delivery looks worst. Very frustrated.,Negative
380,The packaging feels really stellar. Will buy again.,Positive
381,I think the quality looks useless. Very frustrated.,Negative
382,My experience is totally horrible. Total waste of money.,Negative
383,My experience looks absolutely terrible. Do not buy.,Negative
384,I think the packaging was awful. Do not buy.,Negative
385,The service is useless. Save your money.,Negative
386,The quality proved to be fair. As expected.,Neutral
387,This item proved to be absolutely horrible. Total waste of money.,Negative
388,I think the price seems perfect. Highly recommended!,Positive
389,I think delivery proved to be terrible. Do not buy.,Negative
390,The quality feels superb. Very satisfied.,Positive
391,I think the price proved to be amazing. Best purchase ever.,Positive
392,My experience seems great. Highly recommended!,Positive
393,The price proved to be somewhat subpar. Total waste of money.,Negative
394,I think the service is brilliant. Will buy again.,Positive
395,This item feels terrible. Very frustrated.,Negative
396,I think this item is brilliant. Best purchase ever.,Positive
397,I think the product was acceptable. As expected.,Neutral
398,Delivery seems somewhat horrible. Very frustrated.,Negative
399,The quality proved to be useless. Total waste of money.,Negative
400,My experience feels horrible. Will return it.,Negative
401,The price proved to be terrible. Do not buy.,Negative
402,I think customer support is useless. Save your money.,Negative
403,I think the quality proved to be fantastic. Will buy again.,Positive
404,I think the design looks bad. I hate it.,Negative
405,The design looks excellent. Very satisfied.,Positive
406,I think the design feels stellar. Very satisfied.,Neutral
407,I think the quality feels awesome. Very satisfied.,Neutral
408,The quality is horrible. Do not buy.,Negative
409,I think the packaging looks regular. Serves its purpose.,Neutral
410,I think my experience proved to be awful. Total waste of money.,Negative
411,I think this item is fine. Might buy again.,Neutral
412,The packaging was mediocre. It does the job.,Neutral
413,This item looks fairly terrible. Will return it.,Negative
414,The product seems absolutely fine. Might buy again.,Neutral
415,The packaging feels great. Very satisfied.,Positive
416,This item looks absolutely horrible. Total waste of money.,Negative
417,The design feels fairly average. It does the job.,Neutral
418,The price looks typical. Serves its purpose.,Neutral
419,The packaging proved to be perfect. Exceeded expectations.,Positive
420,The price looks poor. Do not buy.,Negative
421,The quality was absolutely stellar. Will buy again.,Positive
422,My experience seems totally worst. I hate it.,Negative
423,I think the packaging is useless. Save your money.,Negative
424,The packaging seems truly useless. I hate it.,Positive
425,My experience proved to be completely amazing. Best purchase ever.,Negative
426,I think the packaging feels bad. Total waste of money.,Negative
427,I think the design proved to be brilliant. I love it.,Positive
428,The price proved to be worst. Very frustrated.,Neutral
429,The service seems awesome. Exceeded expectations.,Positive
430,I think the quality is stellar. Highly recommended!,Positive
431,I think the design feels typical. Serves its purpose.,Neutral
432,Customer support was stellar. Best purchase ever.,Positive
433,I think the product was wonderful. Very satisfied.,Positive
434,My experience was absolutely wonderful. Exceeded expectations.,Positive
435,I think the design proved to be excellent. Will buy again.,Negative
436,The price feels stellar. Highly recommended!,Positive
437,I think the service was subpar. Will return it.,Negative
438,I think the design proved to be amazing. Exceeded expectations.,Positive
439,I think this item feels subpar. Will return it.,Negative
440,This item seems amazing. Will buy again.,Positive
441,The price was awesome. I love it.,Positive
442,The packaging looks terrible. Will return it.,Negative
443,The design was worst. Do not buy.,Negative
444,The product was bad. Save your money.,Negative
445,The price proved to be quite terrible. Total waste of money.,Neutral
446,The price proved to be useless. Very frustrated.,Negative
447,Delivery proved to be subpar. Do not buy.,Negative
448,My experience is regular. Might buy again.,Neutral
449,I think the design proved to be terrible. Very frustrated.,Negative
450,The product looks subpar. Will return it.,Negative
451,The product feels truly useless. Do not buy.,Negative
452,This item is perfect. I love it.,Positive
453,I think my experience proved to be fair. As expected.,Neutral
454,I think the quality feels useless. Will return it.,Negative
455,The price was extremely bad. Do not buy.,Negative
456,My experience feels absolutely standard. Nothing special.,Neutral
457,The design is superb. Very satisfied.,Positive
458,The quality was really dreadful. Save your money.,Negative
459,"The design feels acceptable. Not bad, not great.",Neutral
460,I think the product proved to be amazing. Exceeded expectations.,Positive
461,I think the design seems disappointing. I hate it.,Negative
462,The design looks amazing. Very satisfied.,Positive
463,The service was completely fantastic. Very satisfied.,Negative
464,The packaging looks somewhat standard. Serves its purpose.,Neutral
465,The service proved to be totally disappointing. Save your money.,Negative
466,The quality was extremely stellar. Exceeded expectations.,Positive
467,The quality looks fairly awful. Will return it.,Negative
468,I think customer support feels horrible. Will return it.,Negative
469,Delivery was average. It does the job.,Positive
470,Delivery was amazing. I love it.,Positive
471,I think the service proved to be superb. Exceeded expectations.,Positive
472,The design is typical. Might buy again.,Neutral
473,Customer support feels excellent. Exceeded expectations.,Positive
474,I think the price is stellar. Very satisfied.,Positive
475,The quality proved to be totally typical. Serves its purpose.,Neutral
476,This item is totally subpar. Very frustrated.,Negative
477,Customer support feels terrible. Save your money.,Negative
478,The product seems wonderful. Will buy again.,Positive
479,I think the packaging was fantastic. Highly recommended!,Positive
480,I think the product looks mediocre. Serves its purpose.,Neutral
481,The product was wonderful. Will buy again.,Positive
482,I think the quality proved to be standard. It does the job.,Neutral
483,Delivery feels bad. Do not buy.,Negative
484,I think my experience looks subpar. Save your money.,Negative
485,My experience looks terrible. I hate it.,Negative
486,The quality seems disappointing. Save your money.,Negative
487,I think the price feels horrible. Save your money.,Negative
488,I think this item looks perfect. Will buy again.,Positive
489,The quality feels really stellar. Exceeded expectations.,Positive
490,"My experience was typical. Not bad, not great.",Neutral
491,This item feels absolutely perfect. Highly recommended!,Positive
492,Delivery proved to be completely stellar. Highly recommended!,Positive
493,I think this item is typical. It does the job.,Neutral
494,The quality proved to be perfect. I love it.,Positive
495,I think the price was brilliant. Will buy again.,Positive
496,The quality was superb. Highly recommended!,Positive
497,I think delivery feels average. Might buy again.,Neutral
498,Delivery proved to be quite wonderful. Highly recommended!,Positive
499,The service feels really terrible. Will return it.,Negative
500,Delivery was dreadful. Do not buy.,Negative
501,I think the quality is perfect. Very satisfied.,Positive
502,The service was fairly superb. Will buy again.,Positive
503,I think this item is disappointing. Save your money.,Negative
504,I think this item looks great. Will buy again.,Positive
505,I think delivery proved to be normal. Might buy again.,Neutral
506,I think the service proved to be subpar. Will return it.,Negative
507,I think the quality feels regular. Might buy again.,Neutral
508,I think the product proved to be fine. Serves its purpose.,Neutral
509,I think the quality looks fine. It does the job.,Neutral
510,I think the product was disappointing. Very frustrated.,Negative
511,My experience proved to be useless. Very frustrated.,Negative
512,I think the service looks horrible. Very frustrated.,Negative
513,"My experience is okay. Not bad, not great.",Neutral
514,I think the packaging was brilliant. Exceeded expectations.,Positive
515,I think the packaging is superb. Exceeded expectations.,Positive
516,The product proved to be absolutely dreadful. Total waste of money.,Negative
517,I think my experience is stellar. Exceeded expectations.,Positive
518,The price looks amazing. Exceeded expectations.,Positive
519,This item was superb. Very satisfied.,Positive
520,The design was fairly fair. Nothing special.,Neutral
521,The service looks amazing. Will buy again.,Neutral
522,I think the quality is useless. Total waste of money.,Negative
523,My experience was worst. Very frustrated.,Negative
524,I think the quality proved to be subpar. Will return it.,Negative
525,This item looks useless. Very frustrated.,Negative
526,The product feels somewhat fine. Nothing special.,Neutral
527,My experience proved to be absolutely subpar. Do not buy.,Negative
528,I think the quality feels excellent. Exceeded expectations.,Positive
529,I think this item feels normal. Might buy again.,Neutral
530,This item was perfect. Best purchase ever.,Positive
531,The design proved to be truly wonderful. Highly recommended!,Positive
532,I think customer support was brilliant. Will buy again.,Positive
533,I think my experience is fantastic. Best purchase ever.,Positive
534,This item feels truly poor. Total waste of money.,Negative
535,My experience is quite awful. Will return it.,Negative
536,Delivery proved to be quite average. It does the job.,Neutral
537,I think delivery is awesome. I love it.,Positive
538,Customer support looks really fantastic. Best purchase ever.,Positive
539,This item is extremely typical. As expected.,Neutral
540,I think the design looks fantastic. Very satisfied.,Positive
541,The design looks very brilliant. Best purchase ever.,Neutral
542,Delivery looks completely perfect. Exceeded expectations.,Positive
543,The design is subpar. I hate it.,Negative
544,The service proved to be great. Best purchase ever.,Positive
545,The service looks great. Best purchase ever.,Positive
546,Delivery was very horrible. Do not buy.,Negative
547,I think this item seems awesome. Best purchase ever.,Negative
548,I think the design proved to be fine. Nothing special.,Neutral
549,The design looks worst. Total waste of money.,Negative
550,Delivery looks fairly disappointing. Save your money.,Negative
551,I think the quality seems poor. Very frustrated.,Negative
552,The service proved to be brilliant. Best purchase ever.,Neutral
553,The quality feels totally okay. It does the job.,Neutral
554,I think the price feels perfect. Highly recommended!,Positive
555,The design looks subpar. Very frustrated.,Negative
556,My experience looks absolutely disappointing. I hate it.,Negative
557,I think the design proved to be superb. Very satisfied.,Positive
558,The service is totally regular. Serves its purpose.,Neutral
559,The price proved to be quite standard. Might buy again.,Neutral
560,The design proved to be absolutely poor. I hate it.,Negative
561,I think the product feels amazing. Exceeded expectations.,Positive
562,I think the quality seems okay. It does the job.,Neutral
563,I think my experience was dreadful. Do not buy.,Negative
564,I think the quality looks useless. Total waste of money.,Negative
565,My experience looks truly disappointing. Very frustrated.,Negative
566,I think the design was fantastic. Exceeded expectations.,Positive
567,I think customer support seems normal. As expected.,Neutral
568,The packaging looks bad. Very frustrated.,Negative
569,My experience is subpar. Very frustrated.,Negative
570,I think the service is disappointing. I hate it.,Negative
571,The packaging proved to be absolutely brilliant. I love it.,Positive
572,I think the packaging seems perfect. Very satisfied.,Positive
573,I think the product was brilliant. Best purchase ever.,Positive
574,My experience looks normal. Might buy again.,Neutral
575,I think customer support proved to be regular. It does the job.,Neutral
576,I think my experience was awesome. I love it.,Positive
577,I think the price seems awesome. Exceeded expectations.,Positive
578,The packaging feels fairly stellar. I love it.,Positive
579,Delivery proved to be brilliant. Will buy again.,Positive
580,The packaging proved to be superb. Exceeded expectations.,Positive
581,I think the service feels poor. Save your money.,Negative
582,Delivery looks quite mediocre. Serves its purpose.,Neutral
583,This item proved to be extremely worst. Total waste of money.,Negative
584,This item looks perfect. Very satisfied.,Positive
585,The price seems fairly awful. Save your money.,Negative
586,I think my experience is poor. I hate it.,Negative
587,The service looks fantastic. Will buy again.,Positive
588,This item is worst. Save your money.,Negative
589,I think the quality was disappointing. Total waste of money.,Neutral
590,This item feels average. Nothing special.,Neutral
591,The price looks dreadful. Will return it.,Negative
592,I think the price was poor. Do not buy.,Negative
593,Customer support looks horrible. I hate it.,Neutral
594,Customer support seems totally awful. Total waste of money.,Negative
595,The design feels dreadful. Total waste of money.,Negative
596,Delivery was somewhat amazing. I love it.,Positive
597,Customer support seems somewhat brilliant. Will buy again.,Positive
598,This item is brilliant. Exceeded expectations.,Positive
599,The design proved to be somewhat excellent. Very satisfied.,Positive
600,Delivery proved to be absolutely regular. It does the job.,Neutral
601,I think the packaging proved to be stellar. Will buy again.,Positive
602,The service looks excellent. Best purchase ever.,Neutral
603,The design feels dreadful. Do not buy.,Negative
604,My experience was totally fantastic. Best purchase ever.,Positive
605,The packaging seems totally fair. Serves its purpose.,Neutral
606,The quality was absolutely disappointing. Very frustrated.,Negative
607,The price is wonderful. I love it.,Positive
608,The product was normal. Might buy again.,Neutral
609,"The service seems totally standard. Not bad, not great.",Neutral
610,This item proved to be brilliant. Will buy again.,Positive
611,"The product feels fairly acceptable. Not bad, not great.",Neutral
612,The quality was amazing. Very satisfied.,Positive
613,I think the packaging feels awful. I hate it.,Negative
614,The packaging was fairly useless. Total waste of money.,Negative
615,Delivery was totally amazing. Very satisfied.,Positive
616,Customer support is absolutely worst. Very frustrated.,Negative
617,The design was great. Exceeded expectations.,Positive
618,The price looks somewhat fair. Serves its purpose.,Neutral
619,I think customer support proved to be horrible. Total waste of money.,Neutral
620,My experience seems somewhat awful. I hate it.,Negative
621,The service looks absolutely wonderful. Exceeded expectations.,Positive
622,Delivery proved to be great. Best purchase ever.,Positive
623,Delivery looks quite useless. Very frustrated.,Negative
624,My experience seems fairly acceptable. Might buy again.,Neutral
625,The design is horrible. Very frustrated.,Negative
626,This item feels really disappointing. Very frustrated.,Negative
627,Customer support was extremely useless. I hate it.,Negative
628,The packaging is quite fine. Serves its purpose.,Neutral
629,I think the design is regular. It does the job.,Neutral
630,The service feels completely stellar. Best purchase ever.,Positive
631,Customer support was regular. It does the job.,Neutral
632,The quality proved to be quite useless. Will return it.,Negative
633,I think the product was excellent. Exceeded expectations.,Positive
634,I think the price was brilliant. I love it.,Positive
635,The price is completely wonderful. Highly recommended!,Positive
636,I think the service feels great. Exceeded expectations.,Positive
637,The packaging looks completely fair. It does the job.,Neutral
638,The quality proved to be quite great. Highly recommended!,Positive
639,The packaging looks disappointing. I hate it.,Negative
640,I think the quality feels worst. I hate it.,Negative
641,The quality seems stellar. I love it.,Positive
642,The price was somewhat horrible. Do not buy.,Negative
643,The service feels poor. Will return it.,Negative
644,The packaging looks fairly wonderful. Very satisfied.,Positive
645,The price feels dreadful. Will return it.,Negative
646,Delivery proved to be poor. Very frustrated.,Negative
647,The design is completely dreadful. Will return it.,Negative
648,The packaging proved to be very superb. Very satisfied.,Positive
649,The service was poor. I hate it.,Negative
650,The price looks totally average. Nothing special.,Neutral
651,The service looks absolutely regular. It does the job.,Neutral
652,I think the design feels disappointing. Save your money.,Negative
653,This item proved to be truly terrible. I hate it.,Negative
654,The packaging was truly stellar. Will buy again.,Positive
655,I think my experience looks poor. Do not buy.,Negative
656,I think the product feels subpar. Total waste of money.,Negative
657,I think the quality seems dreadful. Total waste of money.,Negative
658,My experience seems absolutely awesome. Exceeded expectations.,Positive
659,Customer support proved to be really dreadful. I hate it.,Negative
660,I think delivery was awful. Very frustrated.,Negative
661,The service was horrible. Very frustrated.,Negative
662,This item proved to be fantastic. Best purchase ever.,Positive
663,I think the product seems fine. It does the job.,Neutral
664,Customer support looks extremely brilliant. Highly recommended!,Positive
665,My experience was extremely disappointing. I hate it.,Negative
666,I think the service looks awful. Do not buy.,Negative
667,My experience is somewhat terrible. Very frustrated.,Negative
668,I think delivery proved to be dreadful. Very frustrated.,Negative
669,The design looks somewhat bad. Very frustrated.,Negative
670,The product looks completely amazing. Exceeded expectations.,Positive
671,This item feels fairly fantastic. Exceeded expectations.,Positive
672,I think the design proved to be disappointing. Total waste of money.,Negative
673,The quality looks disappointing. Save your money.,Negative
674,My experience is awesome. I love it.,Positive
675,The service is somewhat wonderful. Exceeded expectations.,Positive
676,My experience feels very fine. Serves its purpose.,Positive
677,Customer support feels poor. I hate it.,Negative
678,I think the packaging was horrible. Total waste of money.,Negative
679,The service seems stellar. Exceeded expectations.,Positive
680,Delivery feels totally amazing. Highly recommended!,Positive
681,I think my experience is bad. Total waste of money.,Negative
682,I think this item seems fantastic. Exceeded expectations.,Positive
683,The design feels perfect. Exceeded expectations.,Positive
684,My experience looks completely great. Very satisfied.,Positive
685,The quality seems extremely dreadful. Save your money.,Negative
686,I think the price seems brilliant. Very satisfied.,Positive
687,The service is disappointing. I hate it.,Negative
688,I think the design looks fantastic. Very satisfied.,Positive
689,Delivery looks bad. Do not buy.,Negative
690,"This item seems okay. Not bad, not great.",Neutral
691,Delivery proved to be bad. Do not buy.,Negative
692,"The product feels completely okay. Not bad, not great.",Neutral
693,My experience seems horrible. I hate it.,Negative
694,The packaging seems awesome. Will buy again.,Positive
695,The service is completely poor. Total waste of money.,Negative
696,The service was great. I love it.,Positive
697,I think the product is fantastic. Exceeded expectations.,Positive
698,The design looks quite normal. As expected.,Positive
699,The price is typical. It does the job.,Neutral
700,I think the price feels disappointing. Total waste of money.,Negative
701,This item is extremely superb. I love it.,Positive
702,I think customer support looks typical. As expected.,Neutral
703,The service was really fantastic. Very satisfied.,Positive
704,I think the design looks mediocre. Nothing special.,Neutral
705,The quality proved to be dreadful. I hate it.,Negative
706,I think this item seems wonderful. Very satisfied.,Positive
707,I think the design is brilliant. Exceeded expectations.,Positive
708,I think the quality feels great. Highly recommended!,Positive
709,The service proved to be awful. Save your money.,Negative
710,I think my experience is excellent. Very satisfied.,Positive
711,The packaging is awful. Do not buy.,Negative
712,The service was fantastic. Will buy again.,Positive
713,The price seems very subpar. I hate it.,Negative
714,The price feels absolutely average. It does the job.,Neutral
715,The service was average. Serves its purpose.,Neutral
716,I think the price seems amazing. Very satisfied.,Positive
717,The quality feels amazing. Best purchase ever.,Positive
718,I think the quality feels dreadful. Save your money.,Negative
719,The packaging looks absolutely worst. Will return it.,Positive
720,This item looks quite subpar. Do not buy.,Positive
721,My experience was dreadful. Do not buy.,Negative
722,The price is normal. It does the job.,Neutral
723,The product seems really awful. Very frustrated.,Negative
724,Delivery seems totally terrible. Do not buy.,Negative
725,The price is extremely fine. Nothing special.,Neutral
726,Customer support seems awful. Total waste of money.,Negative
727,The price feels useless. Total waste of money.,Positive
728,The product is extremely fantastic. Will buy again.,Positive
729,The price looks horrible. Do not buy.,Negative
730,Delivery proved to be absolutely average. Might buy again.,Negative
731,I think my experience feels fine. It does the job.,Neutral
732,My experience was bad. Will return it.,Negative
733,The packaging feels fantastic. Exceeded expectations.,Positive
734,Delivery looks somewhat perfect. Exceeded expectations.,Positive
735,The service was superb. Highly recommended!,Positive
736,I think the product proved to be excellent. Best purchase ever.,Positive
737,I think the price is typical. Might buy again.,Neutral
738,The service seems awesome. Best purchase ever.,Positive
739,The design seems somewhat useless. Do not buy.,Negative
740,I think the design is worst. Total waste of money.,Negative
741,The price is awesome. Highly recommended!,Positive
742,I think delivery feels subpar. Will return it.,Negative
743,The packaging is really brilliant. Best purchase ever.,Positive
744,I think the product seems worst. Total waste of money.,Negative
745,My experience was awful. Total waste of money.,Negative
746,The price proved to be wonderful. Highly recommended!,Positive
747,I think delivery is fine. Nothing special.,Neutral
748,The packaging feels fair. It does the job.,Neutral
749,I think the product seems fair. It does the job.,Neutral
750,The quality seems bad. Very frustrated.,Negative
751,I think the packaging proved to be wonderful. Very satisfied.,Positive
752,The price seems truly terrible. I hate it.,Neutral
753,The packaging is regular. Serves its purpose.,Neutral
754,I think the product feels perfect. Exceeded expectations.,Positive
755,The packaging seems superb. Very satisfied.,Positive
756,Delivery seems perfect. Exceeded expectations.,Positive
757,"This item proved to be typical. Not bad, not great.",Neutral
758,This item looks brilliant. I love it.,Positive
759,Delivery is fairly amazing. Will buy again.,Positive
760,The service proved to be really brilliant. I love it.,Positive
761,I think this item seems typical. Nothing special.,Neutral
762,"This item is acceptable. Not bad, not great.",Neutral
763,I think the product proved to be dreadful. Will return it.,Negative
764,This item looks subpar. I hate it.,Negative
765,Delivery looks dreadful. Save your money.,Negative
766,The packaging seems fairly regular. Might buy again.,Neutral
767,I think the quality seems subpar. Will return it.,Negative
768,The service was fairly subpar. Will return it.,Negative
769,I think the quality is perfect. Exceeded expectations.,Positive
770,The price feels useless. Very frustrated.,Negative
771,I think delivery seems worst. I hate it.,Negative
772,I think the price looks brilliant. I love it.,Positive
773,The design is absolutely dreadful. Very frustrated.,Negative
774,The design feels bad. Total waste of money.,Negative
775,This item proved to be great. Best purchase ever.,Positive
776,I think the design feels terrible. Total waste of money.,Negative
777,"I think the price is fine. Not bad, not great.",Neutral
778,The service proved to be fine. As expected.,Neutral
779,The quality proved to be excellent. Will buy again.,Positive
780,My experience was really excellent. Best purchase ever.,Positive
781,The design is wonderful. Very satisfied.,Positive
782,My experience is truly standard. Nothing special.,Neutral
783,I think my experience was awesome. Will buy again.,Positive
784,This item was superb. Very satisfied.,Positive
785,The service was extremely standard. As expected.,Neutral
786,The quality feels extremely disappointing. Save your money.,Negative
787,I think this item looks superb. Highly recommended!,Positive
788,This item looks poor. I hate it.,Negative
789,The service was useless. Will return it.,Negative
790,Delivery proved to be totally poor. I hate it.,Negative
791,I think the design feels useless. Will return it.,Negative
792,I think customer support proved to be horrible. I hate it.,Negative
793,The product looks completely fantastic. Highly recommended!,Positive
794,"The design seems fine. Not bad, not great.",Neutral
795,Customer support was awesome. Will buy again.,Positive
796,The packaging feels totally acceptable. Serves its purpose.,Neutral
797,The packaging looks dreadful. Will return it.,Positive
798,The quality seems extremely awesome. I love it.,Positive
799,The packaging proved to be awful. Very frustrated.,Negative
800,The design is horrible. I hate it.,Negative
801,I think the price feels subpar. Will return it.,Negative
802,This item proved to be somewhat standard. Serves its purpose.,Neutral
803,I think the price is fair. Might buy again.,Neutral
804,This item proved to be extremely average. Might buy again.,Neutral
805,The price was fairly useless. I hate it.,Negative
806,The service is extremely wonderful. Will buy again.,Positive
807,Delivery looks useless. I hate it.,Negative
808,I think my experience looks acceptable. It does the job.,Neutral
809,I think the design seems useless. Save your money.,Negative
810,I think customer support proved to be bad. Do not buy.,Negative
811,This item is fairly worst. Save your money.,Negative
812,The product looks fairly excellent. Will buy again.,Neutral
813,I think the quality seems amazing. Will buy again.,Positive
814,The design proved to be fine. Nothing special.,Neutral
815,The product seems completely dreadful. Save your money.,Negative
816,I think customer support proved to be superb. Highly recommended!,Positive
817,The service seems very terrible. Total waste of money.,Negative
818,I think this item seems awful. Very frustrated.,Neutral
819,I think the price proved to be acceptable. It does the job.,Neutral
820,I think the quality is wonderful. Highly recommended!,Positive
821,I think the quality was wonderful. Best purchase ever.,Positive
822,I think my experience feels subpar. Total waste of money.,Negative
823,My experience feels mediocre. Serves its purpose.,Neutral
824,Customer support proved to be extremely poor. Save your money.,Negative
825,The packaging is wonderful. I love it.,Positive
826,I think the design proved to be typical. Nothing special.,Neutral
827,This item was fairly awful. Total waste of money.,Neutral
828,The service was horrible. Total waste of money.,Negative
829,Customer support was average. It does the job.,Neutral
830,I think this item seems excellent. Highly recommended!,Positive
831,The packaging was quite horrible. I hate it.,Negative
832,I think the service feels standard. As expected.,Neutral
833,I think delivery was excellent. Will buy again.,Positive
834,I think the service looks worst. I hate it.,Negative
835,I think the price looks amazing. Best purchase ever.,Positive
836,The price seems wonderful. Exceeded expectations.,Positive
837,The packaging proved to be standard. As expected.,Neutral
838,I think the service seems awful. Do not buy.,Negative
839,The design seems completely fantastic. Best purchase ever.,Positive
840,I think my experience looks okay. Might buy again.,Neutral
841,The product seems very fantastic. I love it.,Positive
842,The product feels great. I love it.,Positive
843,The product proved to be excellent. Highly recommended!,Positive
844,I think the product was great. Highly recommended!,Positive
845,I think customer support was poor. I hate it.,Negative
846,I think the price is amazing. Highly recommended!,Positive
847,Delivery was worst. I hate it.,Negative
848,The packaging looks superb. Best purchase ever.,Positive
849,The price is somewhat wonderful. Will buy again.,Positive
850,Delivery was very fantastic. Will buy again.,Positive
851,My experience feels awesome. Exceeded expectations.,Neutral
852,The price is absolutely great. Best purchase ever.,Positive
853,I think delivery was bad. Very frustrated.,Negative
854,My experience proved to be excellent. Will buy again.,Positive
855,The product proved to be quite bad. Do not buy.,Negative
856,Delivery is terrible. Do not buy.,Negative
857,The product looks absolutely average. It does the job.,Neutral
858,"I think delivery was regular. Not bad, not great.",Neutral
859,I think delivery looks brilliant. I love it.,Positive
860,The packaging is totally useless. Save your money.,Negative
861,This item feels truly fair. It does the job.,Neutral
862,My experience proved to be wonderful. Very satisfied.,Positive
863,I think the price is typical. Serves its purpose.,Positive
864,This item was terrible. I hate it.,Negative
865,The service feels stellar. Exceeded expectations.,Positive
866,I think the quality looks awesome. Highly recommended!,Positive
867,The service looks superb. I love it.,Positive
868,The product feels stellar. Will buy again.,Positive
869,Delivery proved to be fairly fantastic. Highly recommended!,Positive
870,Customer support was extremely acceptable. Nothing special.,Neutral
871,The service feels okay. Nothing special.,Neutral
872,The product was perfect. Highly recommended!,Positive
873,The price seems totally subpar. Will return it.,Negative
874,The service proved to be superb. Best purchase ever.,Positive
875,The price feels awful. Do not buy.,Negative
876,The price proved to be somewhat wonderful. Very satisfied.,Positive
877,The quality proved to be dreadful. Total waste of money.,Negative
878,Customer support is disappointing. Very frustrated.,Negative
879,The quality was fairly terrible. Will return it.,Negative
880,The product looks worst. Total waste of money.,Negative
881,Delivery feels completely worst. Will return it.,Negative
882,I think customer support looks horrible. Do not buy.,Negative
883,I think my experience seems useless. Do not buy.,Negative
884,The service seems totally fantastic. Highly recommended!,Negative
885,This item seems fantastic. Highly recommended!,Positive
886,Customer support seems really horrible. Very frustrated.,Negative
887,I think the packaging proved to be horrible. I hate it.,Negative
888,I think the product seems bad. Total waste of money.,Negative
889,Customer support looks completely great. Exceeded expectations.,Positive
890,The price proved to be really poor. I hate it.,Negative
891,I think the quality is fantastic. Very satisfied.,Positive
892,The quality seems completely subpar. Total waste of money.,Negative
893,Customer support feels really awful. Do not buy.,Negative
894,Delivery seems awesome. Will buy again.,Positive
895,The price feels fairly standard. It does the job.,Neutral
896,The product seems very subpar. Save your money.,Negative
897,I think customer support looks brilliant. Will buy again.,Positive
898,The price seems amazing. Best purchase ever.,Positive
899,The price is subpar. I hate it.,Negative
900,The service looks truly regular. As expected.,Neutral
901,I think the price seems excellent. Will buy again.,Positive
902,The packaging feels fairly perfect. Exceeded expectations.,Positive
903,The quality is great. Exceeded expectations.,Positive
904,Customer support seems extremely stellar. Very satisfied.,Negative
905,I think this item looks great. Exceeded expectations.,Positive
906,Customer support feels okay. Might buy again.,Neutral
907,This item proved to be mediocre. Nothing special.,Neutral
908,The service looks excellent. Best purchase ever.,Positive
909,"I think the product proved to be acceptable. Not bad, not great.",Neutral
910,The service proved to be superb. Best purchase ever.,Positive
911,The price seems totally useless. Do not buy.,Negative
912,The quality seems extremely poor. Total waste of money.,Negative
913,The design seems quite excellent. Very satisfied.,Positive
914,The service looks truly amazing. I love it.,Positive
915,I think the product looks subpar. I hate it.,Negative
916,My experience looks absolutely excellent. I love it.,Positive
917,The price looks very dreadful. Total waste of money.,Negative
918,The design was terrible. Will return it.,Negative
919,"The design seems acceptable. Not bad, not great.",Neutral
920,The service was amazing. Will buy again.,Positive
921,The design looks absolutely subpar. Do not buy.,Negative
922,Delivery proved to be great. Highly recommended!,Positive
923,I think my experience was horrible. I hate it.,Negative
924,Delivery proved to be extremely great. Very satisfied.,Positive
925,The price is superb. Will buy again.,Positive
926,I think the price seems brilliant. Best purchase ever.,Positive
927,My experience proved to be somewhat average. As expected.,Neutral
928,I think the product seems perfect. Highly recommended!,Positive
929,This item looks fine. Serves its purpose.,Neutral
930,I think the packaging is disappointing. Do not buy.,Negative
931,I think customer support feels superb. Will buy again.,Positive
932,My experience was quite fine. It does the job.,Neutral
933,I think the product feels dreadful. Save your money.,Negative
934,I think delivery seems superb. Very satisfied.,Positive
935,The design seems average. It does the job.,Neutral
936,The price feels somewhat normal. Might buy again.,Neutral
937,The product proved to be extremely typical. Nothing special.,Neutral
938,I think the service seems superb. Will buy again.,Positive
939,I think the packaging seems poor. Very frustrated.,Negative
940,The design seems terrible. Will return it.,Negative
941,This item is fairly awesome. Exceeded expectations.,Positive
942,Customer support seems bad. Do not buy.,Negative
943,The packaging looks horrible. I hate it.,Negative
944,The price proved to be totally amazing. I love it.,Positive
945,The packaging proved to be really superb. Best purchase ever.,Positive
946,The price is somewhat amazing. Exceeded expectations.,Positive
947,The service is useless. Save your money.,Negative
948,The packaging was normal. Serves its purpose.,Neutral
949,Delivery looks somewhat disappointing. Do not buy.,Negative
950,I think the packaging looks worst. Will return it.,Negative
951,This item is extremely useless. Will return it.,Negative
952,I think the service is stellar. Highly recommended!,Positive
953,Delivery was very poor. Total waste of money.,Negative
954,The packaging feels fine. Serves its purpose.,Neutral
955,I think the quality looks great. Highly recommended!,Positive
956,The packaging is absolutely excellent. I love it.,Positive
957,The service is disappointing. Do not buy.,Negative
958,The service feels extremely fair. Might buy again.,Positive
959,The service proved to be extremely fair. Might buy again.,Neutral
960,"I think the design is mediocre. Not bad, not great.",Neutral
961,I think customer support is wonderful. Will buy again.,Positive
962,Customer support is stellar. Will buy again.,Positive
963,I think my experience seems awful. Total waste of money.,Neutral
964,The product was worst. Very frustrated.,Negative
965,I think the design is great. Best purchase ever.,Positive
966,I think delivery looks superb. I love it.,Positive
967,Customer support is terrible. Will return it.,Negative
968,The quality was worst. Do not buy.,Negative
969,I think the product feels fair. Might buy again.,Neutral
970,The packaging was somewhat stellar. Very satisfied.,Positive
971,The quality was superb. Exceeded expectations.,Positive
972,Customer support seems brilliant. Very satisfied.,Positive
973,I think delivery feels perfect. Exceeded expectations.,Positive
974,The packaging seems truly mediocre. Nothing special.,Neutral
975,I think the product was awesome. Best purchase ever.,Positive
976,Delivery feels totally fine. Nothing special.,Neutral
977,My experience seems totally awful. Save your money.,Negative
978,Customer support was completely poor. Very frustrated.,Negative
979,The quality is stellar. Very satisfied.,Positive
980,I think the price feels superb. Will buy again.,Positive
981,I think the product proved to be great. I love it.,Positive
982,The packaging looks fantastic. Best purchase ever.,Positive
983,Delivery seems extremely useless. Very frustrated.,Negative
984,This item looks fairly awesome. I love it.,Positive
985,I think customer support seems awesome. I love it.,Positive
986,This item feels truly fine. Might buy again.,Neutral
987,The service was acceptable. Nothing special.,Neutral
988,This item seems worst. Total waste of money.,Negative
989,The quality feels completely disappointing. Very frustrated.,Negative
990,The quality seems extremely subpar. Total waste of money.,Negative
991,The packaging was average. Might buy again.,Neutral
992,This item seems completely brilliant. Exceeded expectations.,Positive
993,This item proved to be very standard. As expected.,Neutral
994,I think delivery proved to be subpar. Total waste of money.,Negative
995,I think the design seems standard. It does the job.,Positive
996,I think the product seems subpar. Save your money.,Negative
997,My experience proved to be dreadful. I hate it.,Negative
998,The design feels awesome. Best purchase ever.,Positive
999,This item is typical. As expected.,Neutral
1000,I think the quality is perfect. Highly recommended!,Positive
1001,The service is truly stellar. Highly recommended!,Positive
1002,The packaging is excellent. Best purchase ever.,Positive
1003,I think delivery looks useless. Very frustrated.,Negative
1004,The price is disappointing. Will return it.,Negative
1005,This item proved to be great. Highly recommended!,Positive
1006,This item was really superb. Highly recommended!,Positive
1007,I think delivery proved to be terrible. I hate it.,Negative
1008,My experience seems awesome. Very satisfied.,Positive
1009,The service feels excellent. Will buy again.,Positive
1010,I think delivery looks fantastic. Will buy again.,Positive
1011,I think the packaging seems terrible. Total waste of money.,Negative
1012,I think the design feels acceptable. Serves its purpose.,Neutral
1013,The design is useless. I hate it.,Negative
1014,The design is totally stellar. Very satisfied.,Positive
1015,This item looks quite excellent. Exceeded expectations.,Positive
1016,The packaging proved to be truly amazing. Will buy again.,Positive
1017,Delivery is completely useless. Total waste of money.,Negative
1018,This item seems fairly great. Exceeded expectations.,Positive
1019,The product proved to be quite fine. As expected.,Neutral
1020,The service was fairly excellent. Highly recommended!,Positive
1021,I think customer support looks fine. Nothing special.,Neutral
1022,I think customer support looks useless. Total waste of money.,Negative
1023,I think delivery seems brilliant. I love it.,Positive
1024,This item was typical. Nothing special.,Neutral
1025,I think my experience looks great. Exceeded expectations.,Positive
1026,My experience is wonderful. Exceeded expectations.,Positive
1027,The quality is perfect. Best purchase ever.,Positive
1028,"My experience looks average. Not bad, not great.",Neutral
1029,I think the price proved to be brilliant. Highly recommended!,Positive
1030,The packaging seems quite okay. It does the job.,Neutral
1031,The price was worst. Do not buy.,Negative
1032,The packaging was superb. I love it.,Positive
1033,This item proved to be horrible. I hate it.,Negative
1034,I think the product was poor. Do not buy.,Negative
1035,I think the packaging was wonderful. Best purchase ever.,Positive
1036,I think delivery looks subpar. Save your money.,Negative
1037,This item is completely average. Nothing special.,Neutral
1038,The design is amazing. Exceeded expectations.,Positive
1039,I think this item is brilliant. Will buy again.,Positive
1040,The design is really wonderful. Will buy again.,Positive
1041,This item looks amazing. Best purchase ever.,Positive
1042,I think the price feels amazing. Will buy again.,Positive
1043,I think my experience looks perfect. Exceeded expectations.,Positive
1044,I think customer support looks dreadful. Save your money.,Negative
1045,The packaging looks subpar. Total waste of money.,Negative
1046,This item was extremely poor. Will return it.,Negative
1047,The price was totally superb. Will buy again.,Positive
1048,I think the service was fair. Nothing special.,Neutral
1049,Customer support is completely perfect. Very satisfied.,Positive
1050,Customer support looks brilliant. Very satisfied.,Positive
1051,I think the packaging was mediocre. Serves its purpose.,Neutral
1052,Customer support seems brilliant. Will buy again.,Positive
1053,My experience seems quite bad. Will return it.,Negative
1054,The design proved to be somewhat great. Highly recommended!,Positive
1055,The design was extremely dreadful. I hate it.,Negative
1056,This item looks absolutely horrible. I hate it.,Negative
1057,The quality was superb. I love it.,Positive
1058,The product feels fairly worst. Do not buy.,Negative
1059,I think the service feels awful. Very frustrated.,Negative
1060,The quality was extremely great. Best purchase ever.,Positive
1061,I think the product proved to be poor. Will return it.,Negative
1062,The product feels fair. It does the job.,Neutral
1063,I think customer support seems subpar. Do not buy.,Negative
1064,The service seems wonderful. Will buy again.,Positive
1065,The product seems amazing. Highly recommended!,Positive
1066,The service proved to be fantastic. Will buy again.,Positive
1067,I think customer support feels horrible. Save your money.,Negative
1068,The product proved to be dreadful. I hate it.,Negative
1069,This item seems very dreadful. Save your money.,Negative
1070,The price is very great. I love it.,Positive
1071,I think the price was fantastic. Very satisfied.,Positive
1072,The design was fairly dreadful. I hate it.,Negative
1073,I think the product seems brilliant. Best purchase ever.,Positive
1074,Customer support looks superb. I love it.,Positive
1075,Customer support proved to be really amazing. Highly recommended!,Positive
1076,Delivery feels worst. Will return it.,Negative
1077,My experience seems dreadful. I hate it.,Negative
1078,The packaging was superb. Highly recommended!,Positive
1079,I think the packaging is wonderful. I love it.,Positive
1080,The service seems fairly excellent. Best purchase ever.,Positive
1081,I think the design was awesome. Very satisfied.,Positive
1082,The price looks average. As expected.,Neutral
1083,"The design was normal. Not bad, not great.",Neutral
1084,The price feels truly great. Best purchase ever.,Positive
1085,The quality was truly excellent. Very satisfied.,Positive
1086,Delivery seems superb. Very satisfied.,Positive
1087,The price feels truly fantastic. Will buy again.,Positive
1088,I think the packaging is amazing. Highly recommended!,Positive
1089,I think the design seems amazing. Best purchase ever.,Positive
1090,The design was completely wonderful. Exceeded expectations.,Positive
1091,I think my experience was disappointing. Total waste of money.,Negative
1092,The product looks completely typical. Might buy again.,Neutral
1093,The service feels somewhat typical. As expected.,Neutral
1094,This item was terrible. Will return it.,Negative
1095,The design proved to be subpar. Very frustrated.,Negative
1096,Customer support seems superb. Very satisfied.,Positive
1097,The packaging is really stellar. Best purchase ever.,Positive
1098,The product is horrible. Do not buy.,Negative
1099,I think customer support feels brilliant. Very satisfied.,Positive
1100,Delivery feels extremely worst. Do not buy.,Negative
1101,The packaging proved to be really amazing. Highly recommended!,Positive
1102,I think the service is brilliant. Exceeded expectations.,Positive
1103,I think the service seems dreadful. Do not buy.,Negative
1104,This item was totally acceptable. Serves its purpose.,Neutral
1105,The service is very bad. Will return it.,Negative
1106,My experience looks very standard. Might buy again.,Neutral
1107,Delivery seems fair. Serves its purpose.,Neutral
1108,Customer support proved to be somewhat awful. Save your money.,Negative
1109,I think the quality proved to be fine. As expected.,Neutral
1110,I think the product feels excellent. I love it.,Positive
1111,My experience is completely stellar. Highly recommended!,Positive
1112,"The product is somewhat acceptable. Not bad, not great.",Neutral
1113,The packaging feels totally stellar. Very satisfied.,Positive
1114,The quality seems truly wonderful. Exceeded expectations.,Positive
1115,The price seems great. I love it.,Positive
1116,I think this item proved to be useless. I hate it.,Negative
1117,The packaging is fairly wonderful. Exceeded expectations.,Positive
1118,My experience was worst. I hate it.,Negative
1119,Customer support proved to be standard. As expected.,Neutral
1120,I think my experience proved to be great. I love it.,Positive
1121,I think my experience feels perfect. Best purchase ever.,Positive
1122,The price feels dreadful. Very frustrated.,Negative
1123,This item seems subpar. Save your money.,Neutral
1124,The product seems bad. Will return it.,Negative
1125,I think the price feels brilliant. I love it.,Positive
1126,The product feels truly standard. Might buy again.,Negative
1127,The price proved to be totally horrible. Will return it.,Negative
1128,The product looks totally superb. Very satisfied.,Positive
1129,Customer support was quite disappointing. Total waste of money.,Negative
1130,Delivery feels brilliant. Will buy again.,Positive
1131,I think the packaging is subpar. Do not buy.,Negative
1132,The design looks fair. Might buy again.,Neutral
1133,I think my experience feels standard. It does the job.,Neutral
1134,I think the design looks stellar. I love it.,Positive
1135,"I think the design feels fine. Not bad, not great.",Neutral
1136,The packaging was extremely poor. I hate it.,Negative
1137,Customer support looks worst. Will return it.,Negative
1138,Customer support looks fantastic. I love it.,Positive
1139,The price seems completely horrible. Save your money.,Negative
1140,I think the price is useless. Total waste of money.,Negative
1141,I think this item was useless. Will return it.,Negative
1142,Delivery is excellent. I love it.,Positive
1143,"Customer support was fairly acceptable. Not bad, not great.",Neutral
1144,The packaging seems very dreadful. Total waste of money.,Negative
1145,The packaging is amazing. Will buy again.,Positive
1146,I think the design is awful. Very frustrated.,Negative
1147,The quality is okay. Might buy again.,Neutral
1148,Customer support proved to be completely awful. Total waste of money.,Negative
1149,The price looks dreadful. Save your money.,Negative
1150,I think the packaging feels standard. Might buy again.,Neutral
1151,Customer support proved to be extremely okay. It does the job.,Neutral
1152,The quality seems wonderful. Very satisfied.,Positive
1153,Customer support is fairly bad. Do not buy.,Negative
1154,I think the price is horrible. Total waste of money.,Negative
1155,This item feels somewhat bad. Very frustrated.,Negative
1156,Customer support feels absolutely excellent. Very satisfied.,Positive
1157,The price was horrible. Save your money.,Negative
1158,The quality seems useless. Will return it.,Negative
1159,I think the product seems fine. Might buy again.,Neutral
1160,I think the price proved to be bad. Will return it.,Negative
1161,The packaging is completely average. As expected.,Neutral
1162,The product looks worst. Will return it.,Negative
1163,This item was quite fantastic. Best purchase ever.,Positive
1164,I think delivery was useless. Total waste of money.,Negative
1165,I think the product was worst. Do not buy.,Negative
1166,I think the quality was awesome. Exceeded expectations.,Positive
1167,I think the design proved to be poor. Very frustrated.,Negative
1168,I think delivery seems bad. Will return it.,Negative
1169,I think the design feels brilliant. Exceeded expectations.,Positive
1170,I think the product was amazing. Exceeded expectations.,Positive
1171,The design is typical. Nothing special.,Neutral
1172,The design is completely superb. Very satisfied.,Positive
1173,The product is perfect. Exceeded expectations.,Positive
1174,The quality is somewhat awesome. Will buy again.,Positive
1175,I think the packaging is wonderful. Will buy again.,Positive
1176,I think the design looks worst. I hate it.,Negative
1177,I think the price seems stellar. Will buy again.,Positive
1178,The service was quite amazing. Very satisfied.,Positive
1179,I think customer support looks superb. Best purchase ever.,Positive
1180,I think the quality proved to be horrible. I hate it.,Negative
1181,The design feels fairly worst. Total waste of money.,Negative
1182,The price was superb. Exceeded expectations.,Positive
1183,I think the service is superb. Very satisfied.,Positive
1184,The product feels absolutely wonderful. Highly recommended!,Positive
1185,Delivery seems really standard. Nothing special.,Neutral
1186,Delivery seems regular. It does the job.,Neutral
1187,The quality looks very worst. Do not buy.,Negative
1188,The quality feels fantastic. Very satisfied.,Positive
1189,I think the packaging was superb. Best purchase ever.,Positive
1190,My experience seems really dreadful. Total waste of money.,Negative
1191,My experience seems totally wonderful. I love it.,Positive
1192,I think the service seems disappointing. Do not buy.,Negative
1193,The packaging seems somewhat terrible. Will return it.,Negative
1194,The quality proved to be bad. Total waste of money.,Negative
1195,I think the service looks horrible. I hate it.,Negative
1196,The packaging was truly useless. Save your money.,Negative
1197,My experience is worst. Do not buy.,Negative
1198,The service proved to be somewhat dreadful. Total waste of money.,Neutral
1199,The packaging looks quite poor. Do not buy.,Negative
1200,Delivery seems worst. I hate it.,Negative
1201,Customer support was wonderful. Very satisfied.,Positive
1202,The product seems really disappointing. Do not buy.,Negative
1203,I think my experience seems useless. Very frustrated.,Negative
1204,I think the price is standard. It does the job.,Neutral
1205,The quality looks completely bad. I hate it.,Negative
1206,I think this item was amazing. I love it.,Positive
1207,I think the packaging is superb. Will buy again.,Positive
1208,This item was truly useless. Do not buy.,Negative
1209,The product looks bad. Do not buy.,Negative
1210,This item feels really acceptable. Nothing special.,Neutral
1211,The product was truly terrible. Total waste of money.,Negative
1212,The service seems awesome. I love it.,Positive
1213,The design seems terrible. Very frustrated.,Negative
1214,My experience is fairly fantastic. Will buy again.,Positive
1215,This item looks quite dreadful. Save your money.,Negative
1216,I think the price is wonderful. I love it.,Positive
1217,This item is quite awful. I hate it.,Negative
1218,The price is stellar. I love it.,Positive
1219,Delivery proved to be disappointing. Very frustrated.,Negative
1220,The product looks truly excellent. Very satisfied.,Positive
1221,The product proved to be terrible. Save your money.,Negative
1222,The product seems really excellent. Exceeded expectations.,Positive
1223,My experience was bad. Very frustrated.,Negative
1224,I think customer support is brilliant. Very satisfied.,Positive
1225,The price is excellent. Exceeded expectations.,Positive
1226,I think the packaging is awful. I hate it.,Negative
1227,I think delivery feels useless. Will return it.,Negative
1228,I think customer support looks horrible. Will return it.,Negative
1229,"The quality feels acceptable. Not bad, not great.",Neutral
1230,The packaging feels completely poor. Very frustrated.,Negative
1231,My experience looks great. Exceeded expectations.,Positive
1232,This item looks somewhat dreadful. Save your money.,Negative
1233,Delivery was disappointing. Do not buy.,Negative
1234,The quality proved to be perfect. Highly recommended!,Positive
1235,I think the price feels terrible. Very frustrated.,Negative
1236,The quality is mediocre. As expected.,Neutral
1237,My experience looks terrible. Total waste of money.,Negative
1238,The design is truly wonderful. Highly recommended!,Positive
1239,The quality looks very typical. As expected.,Neutral
1240,The quality was absolutely excellent. Very satisfied.,Positive
1241,This item seems totally useless. Very frustrated.,Negative
1242,Delivery seems truly fantastic. Exceeded expectations.,Positive
1243,The design looks absolutely perfect. Highly recommended!,Positive
1244,The product looks awesome. Highly recommended!,Positive
1245,Customer support seems worst. I hate it.,Positive
1246,This item feels horrible. Total waste of money.,Negative
1247,The design is completely average. Might buy again.,Negative
1248,I think the product feels awful. Save your money.,Negative
1249,The service is completely wonderful. Very satisfied.,Positive
1250,I think the design seems brilliant. Exceeded expectations.,Positive
1251,The price looks awesome. Very satisfied.,Positive
1252,This item feels quite superb. Highly recommended!,Positive
1253,I think customer support looks terrible. Will return it.,Negative
1254,The price is horrible. Save your money.,Negative
1255,Delivery is great. Exceeded expectations.,Positive
1256,I think the product proved to be terrible. I hate it.,Neutral
1257,I think the design is normal. Might buy again.,Neutral
1258,The product seems regular. Serves its purpose.,Neutral
1259,I think the product looks poor. Will return it.,Negative
1260,This item was truly superb. Best purchase ever.,Neutral
1261,My experience proved to be fairly awful. Save your money.,Negative
1262,The packaging looks very superb. Exceeded expectations.,Positive
1263,I think the quality proved to be poor. Very frustrated.,Negative
1264,I think my experience looks dreadful. Very frustrated.,Negative
1265,The product seems poor. Will return it.,Negative
1266,The price is truly wonderful. Highly recommended!,Positive
1267,"Delivery looks fine. Not bad, not great.",Neutral
1268,The packaging feels quite stellar. Exceeded expectations.,Positive
1269,The product proved to be somewhat bad. Total waste of money.,Negative
1270,I think this item is excellent. Best purchase ever.,Positive
1271,My experience looks superb. I love it.,Positive
1272,"The price proved to be regular. Not bad, not great.",Neutral
1273,I think the product is amazing. I love it.,Positive
1274,The product proved to be worst. Will return it.,Negative
1275,Delivery is somewhat perfect. Best purchase ever.,Positive
1276,This item proved to be absolutely brilliant. Very satisfied.,Positive
1277,My experience feels wonderful. Highly recommended!,Positive
1278,The price looks truly awful. Do not buy.,Negative
1279,The design was fair. Serves its purpose.,Neutral
1280,My experience was bad. Very frustrated.,Negative
1281,Customer support seems typical. Serves its purpose.,Neutral
1282,Delivery proved to be extremely stellar. Highly recommended!,Positive
1283,I think the product was worst. Total waste of money.,Negative
1284,The packaging feels worst. Save your money.,Negative
1285,"The product looks absolutely fair. Not bad, not great.",Neutral
1286,The packaging was really poor. Total waste of money.,Negative
1287,The design seems awful. Save your money.,Negative
1288,I think customer support was acceptable. It does the job.,Positive
1289,The design is somewhat standard. It does the job.,Neutral
1290,The design is fairly regular. It does the job.,Neutral
1291,Delivery proved to be subpar. Do not buy.,Negative
1292,This item is fair. Nothing special.,Neutral
1293,I think the product looks worst. I hate it.,Negative
1294,I think this item is horrible. Save your money.,Negative
1295,The price was wonderful. Very satisfied.,Positive
1296,My experience seems fairly dreadful. Will return it.,Negative
1297,I think this item was horrible. Total waste of money.,Negative
1298,Delivery feels dreadful. Do not buy.,Negative
1299,The quality seems horrible. Total waste of money.,Negative
1300,The product feels very horrible. Very frustrated.,Negative
1301,The quality was really fantastic. I love it.,Positive
1302,The price was awful. Will return it.,Negative
1303,I think customer support is poor. Very frustrated.,Negative
1304,The quality proved to be horrible. Do not buy.,Positive
1305,I think the price seems poor. Save your money.,Negative
1306,I think the packaging is excellent. Highly recommended!,Positive
1307,I think the packaging looks fair. Serves its purpose.,Neutral
1308,"The quality proved to be very okay. Not bad, not great.",Neutral
1309,I think this item seems worst. Save your money.,Negative
1310,I think delivery is subpar. I hate it.,Negative
1311,The price is excellent. Will buy again.,Positive
1312,I think the quality looks poor. I hate it.,Negative
1313,Customer support is totally wonderful. Will buy again.,Positive
1314,I think customer support seems regular. Might buy again.,Neutral
1315,Customer support was disappointing. Do not buy.,Negative
1316,This item was terrible. Very frustrated.,Negative
1317,I think delivery feels awful. Save your money.,Negative
1318,The product proved to be completely stellar. Highly recommended!,Positive
1319,Customer support was worst. Very frustrated.,Negative
1320,I think my experience was subpar. Will return it.,Negative
1321,The product is fairly excellent. Best purchase ever.,Positive
1322,The design looks fairly average. Serves its purpose.,Neutral
1323,Delivery seems normal. Serves its purpose.,Neutral
1324,My experience feels awful. I hate it.,Negative
1325,The quality is excellent. Will buy again.,Neutral
1326,I think the design looks mediocre. It does the job.,Neutral
1327,Delivery seems somewhat poor. Do not buy.,Negative
1328,The service was okay. As expected.,Neutral
1329,I think the price seems terrible. I hate it.,Negative
1330,The quality was absolutely stellar. Highly recommended!,Positive
1331,Customer support seems quite awful. Total waste of money.,Negative
1332,My experience was great. Very satisfied.,Positive
1333,My experience feels somewhat poor. I hate it.,Negative
1334,The packaging looks really bad. Save your money.,Negative
1335,I think the product was terrible. I hate it.,Negative
1336,Delivery proved to be truly dreadful. Very frustrated.,Neutral
1337,This item feels really fine. Nothing special.,Neutral
1338,The design was fairly poor. Will return it.,Positive
1339,This item looks completely amazing. Very satisfied.,Positive
1340,I think the quality feels worst. Very frustrated.,Negative
1341,The packaging feels awesome. I love it.,Positive
1342,The service seems disappointing. Do not buy.,Negative
1343,Customer support seems very brilliant. Highly recommended!,Positive
1344,The design was somewhat useless. Will return it.,Negative
1345,I think my experience looks horrible. Do not buy.,Negative
1346,The price seems extremely poor. I hate it.,Negative
1347,The quality was typical. Nothing special.,Neutral
1348,The price was poor. Save your money.,Negative
1349,The design is somewhat awesome. I love it.,Positive
1350,The product seems superb. Best purchase ever.,Positive
1351,This item seems okay. Might buy again.,Neutral
1352,My experience looks awful. Will return it.,Negative
1353,My experience seems awesome. Very satisfied.,Positive
1354,The design looks amazing. Very satisfied.,Positive
1355,I think the packaging seems poor. Save your money.,Negative
1356,I think my experience proved to be fine. As expected.,Neutral
1357,I think the product seems great. Exceeded expectations.,Positive
1358,The service feels extremely awesome. Very satisfied.,Positive
1359,The service proved to be truly wonderful. Will buy again.,Positive
1360,The service proved to be wonderful. Best purchase ever.,Positive
1361,The design looks totally stellar. I love it.,Positive
1362,The service is completely awful. Will return it.,Negative
1363,The packaging was acceptable. Serves its purpose.,Neutral
1364,My experience is perfect. Highly recommended!,Positive
1365,I think this item feels fantastic. Will buy again.,Positive
1366,I think customer support feels worst. Very frustrated.,Negative
1367,I think customer support is acceptable. It does the job.,Neutral
1368,I think the service feels amazing. Best purchase ever.,Positive
1369,I think delivery was terrible. Very frustrated.,Negative
1370,Customer support is okay. Nothing special.,Neutral
1371,The design proved to be poor. I hate it.,Negative
1372,The service feels absolutely regular. It does the job.,Neutral
1373,I think the service proved to be excellent. Exceeded expectations.,Positive
1374,My experience looks normal. Might buy again.,Neutral
1375,I think the design proved to be perfect. Best purchase ever.,Positive
1376,I think the packaging looks subpar. Will return it.,Negative
1377,My experience looks terrible. Very frustrated.,Neutral
1378,I think this item feels poor. Very frustrated.,Negative
1379,Customer support looks absolutely standard. Might buy again.,Positive
1380,I think this item was useless. Will return it.,Negative
1381,The packaging was very okay. As expected.,Neutral
1382,This item proved to be awesome. I love it.,Positive
1383,The quality is very fair. Nothing special.,Neutral
1384,My experience feels awesome. Highly recommended!,Positive
1385,The design was really brilliant. Best purchase ever.,Positive
1386,Delivery is superb. Will buy again.,Positive
1387,The quality looks quite subpar. Will return it.,Negative
1388,The product looks poor. Very frustrated.,Negative
1389,The quality seems perfect. I love it.,Positive
1390,The design feels horrible. Total waste of money.,Negative
1391,Delivery is terrible. Total waste of money.,Negative
1392,Delivery proved to be average. Serves its purpose.,Neutral
1393,This item proved to be quite amazing. I love it.,Positive
1394,I think the price proved to be worst. Total waste of money.,Negative
1395,The packaging seems perfect. I love it.,Positive
1396,I think the design looks stellar. Best purchase ever.,Positive
1397,Customer support proved to be extremely great. I love it.,Positive
1398,Delivery is fairly mediocre. Nothing special.,Neutral
1399,The price was truly standard. Might buy again.,Neutral
1400,I think delivery was perfect. Best purchase ever.,Positive
1401,I think my experience is perfect. Very satisfied.,Positive
1402,The packaging seems poor. Save your money.,Negative
1403,The service seems awful. Will return it.,Negative
1404,The price seems fantastic. Best purchase ever.,Positive
1405,I think the product feels horrible. Total waste of money.,Negative
1406,I think my experience looks wonderful. Very satisfied.,Positive
1407,I think the quality was typical. Nothing special.,Neutral
1408,The packaging was brilliant. Highly recommended!,Positive
1409,Delivery was subpar. I hate it.,Negative
1410,My experience seems terrible. Will return it.,Negative
1411,My experience looks superb. I love it.,Positive
1412,I think the quality was okay. It does the job.,Neutral
1413,The design looks useless. Very frustrated.,Negative
1414,Customer support is somewhat subpar. I hate it.,Negative
1415,I think the packaging seems subpar. I hate it.,Negative
1416,Delivery seems somewhat bad. Will return it.,Negative
1417,This item feels really perfect. Highly recommended!,Positive
1418,I think delivery feels awesome. Will buy again.,Positive
1419,The packaging was excellent. Exceeded expectations.,Positive
1420,Delivery seems somewhat poor. Do not buy.,Negative
1421,This item feels terrible. Do not buy.,Negative
1422,Customer support seems awful. Save your money.,Negative
1423,Delivery seems horrible. Do not buy.,Negative
1424,I think the design is terrible. Very frustrated.,Negative
1425,The price looks excellent. Best purchase ever.,Positive
1426,The product looks somewhat perfect. Highly recommended!,Positive
1427,I think the product seems worst. I hate it.,Negative
1428,The design proved to be poor. Total waste of money.,Negative
1429,The design proved to be stellar. Exceeded expectations.,Positive
1430,The price looks extremely terrible. I hate it.,Negative
1431,I think the quality was excellent. Exceeded expectations.,Positive
1432,"The packaging is average. Not bad, not great.",Neutral
1433,I think this item seems awful. Do not buy.,Negative
1434,My experience seems fantastic. Highly recommended!,Positive
1435,This item is very bad. Very frustrated.,Negative
1436,I think the price looks awful. I hate it.,Negative
1437,I think delivery was great. Exceeded expectations.,Positive
1438,The quality is poor. Do not buy.,Negative
1439,I think the product feels stellar. I love it.,Positive
1440,The price seems dreadful. Will return it.,Negative
1441,"I think the design was fair. Not bad, not great.",Neutral
1442,I think delivery was awesome. I love it.,Positive
1443,This item was absolutely brilliant. Exceeded expectations.,Positive
1444,The packaging looks typical. It does the job.,Neutral
1445,The product was awesome. Very satisfied.,Positive
1446,I think my experience feels horrible. Very frustrated.,Negative
1447,The product seems absolutely worst. Very frustrated.,Negative
1448,The design proved to be okay. Might buy again.,Neutral
1449,The service was extremely great. Highly recommended!,Positive
1450,My experience seems amazing. Very satisfied.,Positive
1451,I think delivery looks amazing. Exceeded expectations.,Positive
1452,This item feels bad. Will return it.,Negative
1453,The quality seems extremely disappointing. Very frustrated.,Neutral
1454,I think the service feels awful. Will return it.,Negative
1455,I think delivery proved to be subpar. Will return it.,Negative
1456,I think delivery proved to be disappointing. Save your money.,Negative
1457,I think the quality seems great. I love it.,Positive
1458,This item seems awesome. I love it.,Positive
1459,I think the design was dreadful. Do not buy.,Negative
1460,The packaging looks dreadful. Very frustrated.,Negative
1461,The quality is superb. I love it.,Positive
1462,Customer support looks superb. Very satisfied.,Positive
1463,Customer support feels excellent. Best purchase ever.,Positive
1464,Delivery seems fair. Serves its purpose.,Neutral
1465,The design is perfect. Highly recommended!,Positive
1466,I think the product looks worst. Very frustrated.,Negative
1467,I think my experience is poor. Do not buy.,Negative
1468,Delivery was somewhat awful. Very frustrated.,Negative
1469,The quality was fine. Might buy again.,Neutral
1470,I think the service seems great. Exceeded expectations.,Positive
1471,I think customer support is worst. I hate it.,Negative
1472,The design feels somewhat awful. Save your money.,Negative
1473,"Delivery looks truly average. Not bad, not great.",Neutral
1474,I think the price feels horrible. Do not buy.,Negative
1475,The design is brilliant. Best purchase ever.,Positive
1476,The packaging feels dreadful. Do not buy.,Negative
1477,I think the quality seems mediocre. Serves its purpose.,Neutral
1478,The price is fairly great. Exceeded expectations.,Positive
1479,This item looks absolutely perfect. Best purchase ever.,Positive
1480,I think customer support looks fair. Nothing special.,Negative
1481,The service is fairly superb. Will buy again.,Positive
1482,"I think the service proved to be regular. Not bad, not great.",Neutral
1483,The service was completely horrible. Will return it.,Negative
1484,This item proved to be excellent. Exceeded expectations.,Positive
1485,Customer support looks really worst. Very frustrated.,Negative
1486,I think the packaging is great. I love it.,Positive
1487,I think the service feels fantastic. Highly recommended!,Neutral
1488,The price seems great. Highly recommended!,Positive
1489,I think the service was bad. Will return it.,Negative
1490,I think the quality seems terrible. Will return it.,Neutral
1491,I think the design proved to be excellent. Highly recommended!,Positive
1492,I think delivery looks superb. Best purchase ever.,Positive
1493,The product seems superb. Exceeded expectations.,Positive
1494,Customer support was totally great. I love it.,Positive
1495,My experience was worst. Will return it.,Negative
1496,I think the product feels awesome. Exceeded expectations.,Positive
1497,This item was stellar. Exceeded expectations.,Positive
1498,I think my experience is wonderful. Very satisfied.,Positive
1499,The packaging feels brilliant. Very satisfied.,Positive
1500,My experience looks stellar. Exceeded expectations.,Positive
1501,I think the price looks acceptable. Serves its purpose.,Neutral
1502,Customer support looks quite normal. Nothing special.,Neutral
1503,This item was absolutely normal. Serves its purpose.,Neutral
1504,"This item was standard. Not bad, not great.",Neutral
1505,I think the design proved to be wonderful. I love it.,Positive
1506,I think the packaging was dreadful. Will return it.,Negative
1507,I think my experience feels excellent. Best purchase ever.,Positive
1508,I think the design seems horrible. I hate it.,Negative
1509,The quality was mediocre. Nothing special.,Neutral
1510,The service feels subpar. Total waste of money.,Negative
1511,The price looks absolutely great. Very satisfied.,Positive
1512,I think the design was worst. Total waste of money.,Negative
1513,The packaging feels perfect. Best purchase ever.,Positive
1514,The price seems terrible. Very frustrated.,Negative
1515,The service is somewhat perfect. Very satisfied.,Positive
1516,I think my experience seems amazing. Very satisfied.,Positive
1517,I think the product feels regular. It does the job.,Neutral
1518,"Delivery proved to be absolutely acceptable. Not bad, not great.",Neutral
1519,The design seems worst. Very frustrated.,Negative
1520,The product feels fantastic. Best purchase ever.,Positive
1521,I think the service looks fantastic. I love it.,Positive
1522,The packaging feels totally amazing. Exceeded expectations.,Positive
1523,I think the quality was awesome. Highly recommended!,Positive
1524,The design feels fantastic. I love it.,Positive
1525,I think the design is useless. I hate it.,Negative
1526,I think the price feels worst. Save your money.,Neutral
1527,I think delivery is average. Nothing special.,Positive
1528,The design feels brilliant. I love it.,Positive
1529,The design is somewhat great. Exceeded expectations.,Positive
1530,The price looks extremely stellar. Highly recommended!,Positive
1531,Customer support looks stellar. Exceeded expectations.,Positive
1532,The service looks acceptable. Serves its purpose.,Neutral
1533,I think the product was amazing. Exceeded expectations.,Positive
1534,I think customer support proved to be excellent. Will buy again.,Positive
1535,Delivery looks disappointing. Will return it.,Negative
1536,I think the service was useless. Will return it.,Negative
1537,My experience proved to be quite fair. As expected.,Neutral
1538,This item feels poor. Will return it.,Negative
1539,Customer support looks fantastic. Will buy again.,Positive
1540,The service seems dreadful. Will return it.,Negative
1541,The product seems stellar. Best purchase ever.,Positive
1542,The product proved to be superb. Highly recommended!,Positive
1543,I think the quality feels fine. As expected.,Neutral
1544,"I think the product seems normal. Not bad, not great.",Neutral
1545,The design seems acceptable. Nothing special.,Neutral
1546,I think my experience was amazing. Highly recommended!,Positive
1547,The product feels superb. Very satisfied.,Positive
1548,The packaging feels totally terrible. Total waste of money.,Negative
1549,The design is fantastic. Will buy again.,Positive
1550,My experience was truly awful. I hate it.,Negative
1551,The quality proved to be perfect. Best purchase ever.,Positive
1552,The packaging was totally perfect. I love it.,Positive
1553,The product proved to be really bad. Save your money.,Negative
1554,I think the design proved to be subpar. Do not buy.,Negative
1555,"I think the service is standard. Not bad, not great.",Neutral
1556,The design was somewhat perfect. I love it.,Positive
1557,Delivery seems really disappointing. Very frustrated.,Negative
1558,I think the quality was acceptable. Might buy again.,Neutral
1559,The quality was very bad. Very frustrated.,Negative
1560,I think my experience was terrible. Total waste of money.,Negative
1561,Customer support looks great. Very satisfied.,Positive
1562,I think this item was average. Might buy again.,Neutral
1563,The product looks extremely excellent. Very satisfied.,Positive
1564,"My experience was fine. Not bad, not great.",Neutral
1565,The packaging was extremely bad. Save your money.,Negative
1566,This item feels absolutely superb. I love it.,Positive
1567,Delivery is worst. I hate it.,Negative
1568,Customer support feels subpar. Total waste of money.,Negative
1569,Customer support feels totally fine. Might buy again.,Neutral
1570,The quality feels subpar. Total waste of money.,Negative
1571,I think the quality is great. Very satisfied.,Positive
1572,Customer support looks fairly disappointing. Total waste of money.,Negative
1573,The price was totally worst. Total waste of money.,Negative
1574,I think the price proved to be awful. Save your money.,Negative
1575,Delivery proved to be absolutely bad. Save your money.,Negative
1576,The price looks fairly regular. Nothing special.,Neutral
1577,The packaging proved to be useless. Save your money.,Negative
1578,I think the price feels average. Might buy again.,Neutral
1579,I think the price was terrible. Will return it.,Negative
1580,The service feels great. Exceeded expectations.,Positive
1581,I think customer support proved to be amazing. Highly recommended!,Positive
1582,I think customer support was perfect. Best purchase ever.,Positive
1583,I think this item proved to be awful. Save your money.,Negative
1584,"I think the price proved to be normal. Not bad, not great.",Neutral
1585,The service seems excellent. I love it.,Positive
1586,I think the design feels dreadful. Do not buy.,Negative
1587,The packaging was very fantastic. Very satisfied.,Positive
1588,I think the packaging looks fantastic. Exceeded expectations.,Positive
1589,I think this item is wonderful. I love it.,Positive
1590,I think the quality proved to be normal. As expected.,Negative
1591,The price feels really disappointing. Save your money.,Negative
1592,The service seems extremely mediocre. Might buy again.,Neutral
1593,I think the quality is stellar. Best purchase ever.,Positive
1594,I think the design seems worst. Save your money.,Negative
1595,"The design feels fairly fine. Not bad, not great.",Neutral
1596,I think this item was wonderful. I love it.,Positive
1597,The price looks completely perfect. Highly recommended!,Positive
1598,I think delivery looks poor. Total waste of money.,Negative
1599,I think the product seems mediocre. It does the job.,Neutral
1600,The product looks absolutely dreadful. Will return it.,Negative
1601,The packaging was poor. Do not buy.,Negative
1602,Delivery proved to be really fine. As expected.,Neutral
1603,I think the packaging looks acceptable. Nothing special.,Neutral
1604,I think the design was horrible. Will return it.,Negative
1605,The design is totally fantastic. Very satisfied.,Negative
1606,The design is fair. Might buy again.,Neutral
1607,I think delivery proved to be awesome. Best purchase ever.,Positive
1608,The quality looks fairly awesome. Highly recommended!,Positive
1609,I think the product looks bad. Save your money.,Negative
1610,This item feels somewhat worst. Do not buy.,Negative
1611,The quality is disappointing. Save your money.,Negative
1612,The design is dreadful. Will return it.,Negative
1613,I think my experience proved to be amazing. Exceeded expectations.,Positive
1614,"I think customer support was okay. Not bad, not great.",Neutral
1615,My experience feels fantastic. I love it.,Positive
1616,I think the product seems great. Very satisfied.,Positive
1617,I think the quality is stellar. Will buy again.,Positive
1618,The price feels amazing. Very satisfied.,Positive
1619,I think the service seems worst. I hate it.,Negative
1620,The design proved to be fairly disappointing. Save your money.,Negative
1621,The packaging proved to be superb. Exceeded expectations.,Positive
1622,The design is really bad. Total waste of money.,Negative
1623,I think delivery proved to be bad. Total waste of money.,Negative
1624,I think the quality was amazing. Best purchase ever.,Positive
1625,I think my experience proved to be regular. Nothing special.,Neutral
1626,I think my experience feels subpar. Will return it.,Negative
1627,The packaging was perfect. Will buy again.,Positive
1628,The product feels somewhat horrible. I hate it.,Negative
1629,The price looks very brilliant. Will buy again.,Positive
1630,My experience is worst. Do not buy.,Negative
1631,The service seems dreadful. I hate it.,Negative
1632,The quality looks truly useless. Will return it.,Negative
1633,I think the quality was fantastic. Will buy again.,Positive
1634,I think the price is average. As expected.,Neutral
1635,This item looks totally brilliant. I love it.,Positive
1636,Delivery is quite standard. As expected.,Neutral
1637,I think the price proved to be terrible. Very frustrated.,Negative
1638,I think customer support was useless. Will return it.,Negative
1639,This item proved to be perfect. I love it.,Neutral
1640,I think the packaging feels standard. Serves its purpose.,Neutral
1641,I think the product looks fantastic. Will buy again.,Positive
1642,The design proved to be awesome. Exceeded expectations.,Positive
1643,Delivery is very superb. Best purchase ever.,Positive
1644,I think the packaging seems fair. Might buy again.,Neutral
1645,The price was excellent. Highly recommended!,Positive
1646,I think customer support is awful. Save your money.,Negative
1647,I think the design looks disappointing. Save your money.,Negative
1648,I think this item seems normal. As expected.,Neutral
1649,Delivery is truly horrible. Very frustrated.,Negative
1650,I think the quality feels normal. Might buy again.,Neutral
1651,The price seems poor. Do not buy.,Negative
1652,Delivery feels worst. Save your money.,Negative
1653,The product was superb. Very satisfied.,Positive
1654,I think customer support feels awful. I hate it.,Negative
1655,I think the product is poor. Will return it.,Negative
1656,I think customer support looks acceptable. Might buy again.,Neutral
1657,I think the design looks disappointing. Total waste of money.,Negative
1658,The quality is extremely horrible. I hate it.,Negative
1659,The quality looks mediocre. Nothing special.,Neutral
1660,The packaging is extremely fair. It does the job.,Neutral
1661,Delivery was poor. Very frustrated.,Negative
1662,The design seems terrible. Will return it.,Negative
1663,I think the price feels disappointing. Save your money.,Negative
1664,I think delivery looks awesome. Exceeded expectations.,Positive
1665,The quality seems okay. Serves its purpose.,Neutral
1666,Delivery proved to be stellar. Very satisfied.,Positive
1667,I think the product proved to be horrible. Very frustrated.,Negative
1668,I think the service was fantastic. Best purchase ever.,Positive
1669,I think the price proved to be regular. As expected.,Neutral
1670,This item feels typical. As expected.,Neutral
1671,I think my experience seems brilliant. I love it.,Positive
1672,The packaging feels disappointing. Very frustrated.,Negative
1673,I think the product looks superb. I love it.,Positive
1674,The service proved to be quite average. Might buy again.,Neutral
1675,The packaging is stellar. I love it.,Positive
1676,I think my experience is amazing. Very satisfied.,Neutral
1677,I think my experience looks perfect. Very satisfied.,Positive
1678,The quality seems extremely awful. Save your money.,Negative
1679,I think the service proved to be horrible. Total waste of money.,Negative
1680,The product was fantastic. Very satisfied.,Positive
1681,The price proved to be completely horrible. Save your money.,Negative
1682,The price proved to be somewhat bad. Total waste of money.,Negative
1683,I think delivery feels stellar. I love it.,Positive
1684,The product feels awesome. I love it.,Positive
1685,I think the service feels excellent. Highly recommended!,Positive
1686,I think the packaging seems disappointing. Very frustrated.,Negative
1687,Delivery feels great. Will buy again.,Positive
1688,This item is very wonderful. Exceeded expectations.,Positive
1689,My experience feels somewhat amazing. I love it.,Positive
1690,I think the quality was disappointing. Total waste of money.,Negative
1691,This item was fairly excellent. Exceeded expectations.,Positive
1692,I think the price looks worst. Very frustrated.,Negative
1693,I think the product feels wonderful. Will buy again.,Positive
1694,The product was fantastic. Very satisfied.,Positive
1695,I think delivery proved to be fantastic. Very satisfied.,Positive
1696,The service is dreadful. Do not buy.,Negative
1697,The design feels disappointing. Save your money.,Negative
1698,My experience is fantastic. Exceeded expectations.,Positive
1699,The price looks fairly dreadful. I hate it.,Negative
1700,The service feels extremely typical. It does the job.,Neutral
1701,The product proved to be really great. Will buy again.,Positive
1702,This item is average. It does the job.,Neutral
1703,I think customer support looks subpar. Total waste of money.,Negative
1704,Customer support feels perfect. Best purchase ever.,Positive
1705,Customer support was fairly poor. I hate it.,Negative
1706,The packaging seems fairly amazing. Best purchase ever.,Positive
1707,The quality looks totally wonderful. Exceeded expectations.,Positive
1708,The design was extremely poor. Save your money.,Negative
1709,I think customer support seems great. I love it.,Positive
1710,The price is somewhat stellar. Highly recommended!,Positive
1711,The design is useless. I hate it.,Negative
1712,This item is very terrible. I hate it.,Negative
1713,I think my experience proved to be great. Best purchase ever.,Positive
1714,The service is completely typical. It does the job.,Neutral
1715,Delivery seems very fantastic. Best purchase ever.,Positive
1716,I think my experience feels awesome. I love it.,Positive
1717,The price was worst. Very frustrated.,Negative
1718,The packaging feels great. Highly recommended!,Positive
1719,I think my experience is poor. Total waste of money.,Neutral
1720,This item was fairly awesome. Will buy again.,Positive
1721,The price looks really poor. Very frustrated.,Negative
1722,The product feels totally standard. It does the job.,Neutral
1723,I think the packaging looks wonderful. Highly recommended!,Positive
1724,The packaging feels perfect. Highly recommended!,Positive
1725,The product feels truly useless. I hate it.,Negative
1726,The product was really stellar. I love it.,Positive
1727,Customer support seems quite useless. Total waste of money.,Negative
1728,"My experience feels completely regular. Not bad, not great.",Neutral
1729,My experience feels awesome. Best purchase ever.,Positive
1730,"The product feels extremely mediocre. Not bad, not great.",Neutral
1731,My experience looks amazing. Will buy again.,Positive
1732,Customer support feels standard. It does the job.,Neutral
1733,"The product feels very average. Not bad, not great.",Neutral
1734,The design seems really awful. I hate it.,Positive
1735,I think the quality is excellent. I love it.,Positive
1736,The service proved to be somewhat acceptable. It does the job.,Neutral
1737,I think the quality looks disappointing. Total waste of money.,Negative
1738,The service is worst. Do not buy.,Negative
1739,The price was somewhat fantastic. Exceeded expectations.,Positive
1740,This item proved to be totally excellent. Exceeded expectations.,Positive
1741,Customer support feels totally regular. Serves its purpose.,Neutral
1742,The quality was dreadful. Save your money.,Negative
1743,The service feels horrible. Save your money.,Negative
1744,The quality feels truly terrible. I hate it.,Negative
1745,I think my experience seems fair. It does the job.,Neutral
1746,The service feels absolutely awful. I hate it.,Negative
1747,I think the service is excellent. Will buy again.,Positive
1748,The quality seems completely average. Nothing special.,Neutral
1749,I think this item looks standard. Serves its purpose.,Neutral
1750,This item feels fairly fantastic. Exceeded expectations.,Positive
1751,I think the service is amazing. Very satisfied.,Positive
1752,The design was really dreadful. Save your money.,Negative
1753,The quality looks typical. As expected.,Neutral
1754,The packaging proved to be fantastic. Exceeded expectations.,Positive
1755,I think the price seems superb. Will buy again.,Positive
1756,The quality proved to be totally awful. Very frustrated.,Negative
1757,I think the product seems disappointing. Very frustrated.,Negative
1758,My experience proved to be useless. Will return it.,Negative
1759,Delivery is fine. Might buy again.,Neutral
1760,I think my experience was brilliant. Will buy again.,Positive
1761,Delivery is amazing. Best purchase ever.,Positive
1762,My experience feels very bad. Will return it.,Negative
1763,I think the quality feels disappointing. Will return it.,Negative
1764,The price feels awesome. I love it.,Positive
1765,The price seems quite okay. Nothing special.,Neutral
1766,My experience seems truly superb. Very satisfied.,Positive
1767,"The design proved to be fairly typical. Not bad, not great.",Neutral
1768,The quality is very average. Serves its purpose.,Neutral
1769,I think the price feels okay. Serves its purpose.,Neutral
1770,I think the quality was great. Will buy again.,Positive
1771,This item feels absolutely dreadful. Will return it.,Negative
1772,The price looks fine. It does the job.,Neutral
1773,This item proved to be very stellar. Exceeded expectations.,Positive
1774,I think the design proved to be amazing. Very satisfied.,Positive
1775,I think the design looks bad. Save your money.,Negative
1776,I think the quality was perfect. Exceeded expectations.,Positive
1777,I think the quality seems useless. Total waste of money.,Negative
1778,The packaging was extremely useless. I hate it.,Negative
1779,The quality is quite awesome. Highly recommended!,Positive
1780,I think the design was stellar. Highly recommended!,Positive
1781,The service was stellar. Best purchase ever.,Positive
1782,The service is subpar. Total waste of money.,Positive
1783,I think the service seems amazing. Best purchase ever.,Positive
1784,The packaging looks very subpar. Will return it.,Negative
1785,The quality is awful. Total waste of money.,Negative
1786,I think my experience seems normal. As expected.,Neutral
1787,I think the packaging looks brilliant. Exceeded expectations.,Positive
1788,This item seems very useless. Save your money.,Negative
1789,"The product feels quite okay. Not bad, not great.",Neutral
1790,Customer support proved to be extremely terrible. Total waste of money.,Negative
1791,The packaging is somewhat subpar. Save your money.,Negative
1792,The product looks quite awesome. Very satisfied.,Positive
1793,This item proved to be superb. Exceeded expectations.,Positive
1794,This item looks brilliant. Will buy again.,Neutral
1795,The quality feels perfect. I love it.,Positive
1796,I think the service feels fine. It does the job.,Positive
1797,The price was useless. Very frustrated.,Negative
1798,Customer support feels terrible. Will return it.,Negative
1799,I think the design proved to be dreadful. I hate it.,Negative
1800,I think the service is okay. Nothing special.,Neutral
1801,My experience proved to be extremely wonderful. Exceeded expectations.,Positive
1802,Customer support was somewhat subpar. Very frustrated.,Negative
1803,The packaging proved to be extremely useless. Total waste of money.,Negative
1804,I think delivery feels superb. Highly recommended!,Positive
1805,The design seems somewhat brilliant. Highly recommended!,Positive
1806,Customer support feels awful. I hate it.,Neutral
1807,The design seems extremely bad. Will return it.,Negative
1808,The service seems totally wonderful. Exceeded expectations.,Positive
1809,Delivery feels truly dreadful. Total waste of money.,Negative
1810,My experience is completely standard. It does the job.,Neutral
1811,I think the design proved to be awful. Will return it.,Negative
1812,"My experience feels truly acceptable. Not bad, not great.",Neutral
1813,My experience looks amazing. Will buy again.,Positive
1814,I think the price looks regular. As expected.,Neutral
1815,The quality seems quite horrible. I hate it.,Negative
1816,The packaging looks brilliant. Will buy again.,Positive
1817,The price is horrible. Total waste of money.,Negative
1818,I think my experience proved to be average. Nothing special.,Neutral
1819,I think the design is average. Might buy again.,Neutral
1820,I think the design seems dreadful. Total waste of money.,Negative
1821,I think the service looks bad. Save your money.,Negative
1822,The packaging looks bad. Total waste of money.,Negative
1823,The product feels somewhat brilliant. Highly recommended!,Positive
1824,I think delivery seems fantastic. Highly recommended!,Positive
1825,I think the design seems stellar. Very satisfied.,Positive
1826,The design feels quite awful. Very frustrated.,Negative
1827,I think delivery is amazing. Best purchase ever.,Positive
1828,I think the quality was worst. Total waste of money.,Negative
1829,The price seems extremely perfect. Will buy again.,Positive
1830,This item looks excellent. Best purchase ever.,Positive
1831,The quality looks normal. Might buy again.,Neutral
1832,I think the price is perfect. Exceeded expectations.,Positive
1833,I think the quality was horrible. I hate it.,Negative
1834,I think customer support looks fair. Serves its purpose.,Neutral
1835,I think the service is awful. Very frustrated.,Negative
1836,This item seems absolutely terrible. Save your money.,Negative
1837,I think this item proved to be useless. Will return it.,Negative
1838,The quality proved to be really fantastic. I love it.,Positive
1839,The price is extremely fantastic. Will buy again.,Positive
1840,The service was great. Very satisfied.,Positive
1841,The packaging feels disappointing. Total waste of money.,Negative
1842,I think the quality looks bad. Will return it.,Negative
1843,The service proved to be regular. Might buy again.,Neutral
1844,I think the product was superb. I love it.,Positive
1845,Customer support feels very great. Exceeded expectations.,Positive
1846,The design feels terrible. Do not buy.,Negative
1847,This item seems standard. Serves its purpose.,Neutral
1848,The service was useless. Save your money.,Neutral
1849,I think the packaging seems average. Nothing special.,Neutral
1850,My experience feels absolutely awful. Total waste of money.,Negative
1851,I think the packaging proved to be dreadful. Total waste of money.,Negative
1852,I think the price is stellar. I love it.,Positive
1853,This item feels completely wonderful. Very satisfied.,Positive
1854,The packaging was completely stellar. Very satisfied.,Positive
1855,Customer support proved to be useless. Total waste of money.,Negative
1856,The design is subpar. Do not buy.,Negative
1857,"My experience is typical. Not bad, not great.",Neutral
1858,The design looks fairly normal. Nothing special.,Neutral
1859,The packaging looks subpar. Will return it.,Negative
1860,I think the design looks acceptable. Serves its purpose.,Neutral
1861,My experience is very worst. Will return it.,Negative
1862,The design proved to be very superb. Best purchase ever.,Positive
1863,The service seems wonderful. I love it.,Positive
1864,The price is totally horrible. Do not buy.,Negative
1865,This item seems terrible. I hate it.,Negative
1866,The service seems totally amazing. Best purchase ever.,Positive
1867,Delivery was absolutely amazing. Highly recommended!,Neutral
1868,This item was quite great. Best purchase ever.,Positive
1869,My experience is very subpar. Will return it.,Negative
1870,"The product seems average. Not bad, not great.",Neutral
1871,The product looks awesome. Highly recommended!,Positive
1872,The service was fair. As expected.,Neutral
1873,"I think the design was regular. Not bad, not great.",Neutral
1874,I think this item seems wonderful. Best purchase ever.,Positive
1875,My experience looks absolutely okay. As expected.,Neutral
1876,Customer support was great. Best purchase ever.,Positive
1877,The price proved to be wonderful. I love it.,Positive
1878,My experience is bad. Will return it.,Negative
1879,The product was really awesome. I love it.,Positive
1880,I think the quality feels bad. Very frustrated.,Negative
1881,The quality proved to be bad. Total waste of money.,Negative
1882,I think the product is terrible. Very frustrated.,Negative
1883,My experience was totally subpar. Very frustrated.,Negative
1884,The product feels subpar. Total waste of money.,Negative
1885,I think my experience seems stellar. Exceeded expectations.,Positive
1886,Delivery proved to be fairly stellar. Exceeded expectations.,Positive
1887,I think delivery seems regular. Nothing special.,Neutral
1888,I think the design looks great. Will buy again.,Positive
1889,The design was awful. I hate it.,Negative
1890,The quality proved to be useless. Will return it.,Negative
1891,The price looks terrible. Do not buy.,Negative
1892,Customer support feels fantastic. I love it.,Positive
1893,Customer support looks absolutely perfect. Exceeded expectations.,Positive
1894,Customer support is fairly bad. Will return it.,Negative
1895,I think the quality proved to be brilliant. Will buy again.,Positive
1896,I think customer support was fair. As expected.,Neutral
1897,I think the service proved to be subpar. I hate it.,Negative
1898,I think delivery was subpar. Will return it.,Negative
1899,"I think the product feels fine. Not bad, not great.",Neutral
1900,My experience seems horrible. Do not buy.,Negative
1901,I think the price feels awesome. Highly recommended!,Positive
1902,The product feels totally bad. I hate it.,Negative
1903,Delivery seems fairly okay. Might buy again.,Neutral
1904,The price seems very normal. It does the job.,Neutral
1905,The design looks extremely okay. Nothing special.,Neutral
1906,I think my experience was awful. Will return it.,Negative
1907,"This item feels standard. Not bad, not great.",Neutral
1908,I think the service was perfect. Best purchase ever.,Positive
1909,Customer support feels excellent. Exceeded expectations.,Positive
1910,The design feels normal. As expected.,Neutral
1911,The quality is typical. Serves its purpose.,Neutral
1912,The packaging proved to be dreadful. Will return it.,Negative
1913,The packaging seems quite mediocre. Nothing special.,Neutral
1914,"The product feels regular. Not bad, not great.",Neutral
1915,The product seems excellent. Will buy again.,Positive
1916,I think the quality was worst. Do not buy.,Negative
1917,I think the price seems bad. I hate it.,Negative
1918,I think customer support looks average. Serves its purpose.,Neutral
1919,The price seems totally superb. Highly recommended!,Positive
1920,The quality feels superb. Exceeded expectations.,Positive
1921,The price proved to be worst. Total waste of money.,Negative
1922,I think my experience proved to be terrible. Save your money.,Negative
1923,My experience was acceptable. Nothing special.,Neutral
1924,Customer support feels quite bad. Save your money.,Negative
1925,I think the packaging looks excellent. Exceeded expectations.,Positive
1926,The design is superb. Exceeded expectations.,Positive
1927,I think the service seems perfect. Highly recommended!,Positive
1928,Customer support feels fantastic. Will buy again.,Positive
1929,I think the quality proved to be poor. Save your money.,Negative
1930,This item is awesome. Will buy again.,Positive
1931,I think the packaging feels typical. Nothing special.,Neutral
1932,The service looks truly useless. Total waste of money.,Negative
1933,The quality looks very awesome. Best purchase ever.,Positive
1934,I think the service proved to be great. Highly recommended!,Positive
1935,"Delivery was extremely fine. Not bad, not great.",Neutral
1936,The design proved to be disappointing. Total waste of money.,Negative
1937,I think the packaging looks fair. Serves its purpose.,Neutral
1938,The design feels perfect. Very satisfied.,Positive
1939,"The design is truly acceptable. Not bad, not great.",Positive
1940,I think customer support seems useless. Save your money.,Negative
1941,I think my experience proved to be terrible. Save your money.,Negative
1942,The product looks excellent. Will buy again.,Positive
1943,This item looks brilliant. Will buy again.,Positive
1944,This item proved to be terrible. Do not buy.,Negative
1945,The service proved to be awful. Save your money.,Neutral
1946,The quality seems totally normal. As expected.,Neutral
1947,I think the product proved to be bad. I hate it.,Negative
1948,Delivery is fairly excellent. Exceeded expectations.,Positive
1949,I think delivery proved to be great. Highly recommended!,Positive
1950,I think my experience proved to be perfect. Will buy again.,Positive
1951,I think the price proved to be worst. Will return it.,Negative
1952,Customer support seems absolutely useless. Will return it.,Negative
1953,I think the service looks superb. Will buy again.,Positive
1954,This item is truly acceptable. Nothing special.,Positive
1955,The product feels horrible. Very frustrated.,Negative
1956,I think the service seems great. I love it.,Positive
1957,The product seems very bad. Very frustrated.,Negative
1958,My experience seems okay. Might buy again.,Neutral
1959,The packaging proved to be perfect. Very satisfied.,Positive
1960,I think my experience looks terrible. Total waste of money.,Negative
1961,I think my experience is brilliant. Very satisfied.,Positive
1962,I think customer support looks stellar. Will buy again.,Positive
1963,I think my experience was brilliant. Best purchase ever.,Positive
1964,My experience was really useless. I hate it.,Negative
1965,The product looks standard. Might buy again.,Neutral
1966,The service is truly dreadful. Very frustrated.,Negative
1967,This item is totally bad. Will return it.,Negative
1968,I think delivery seems bad. I hate it.,Negative
1969,I think the price is bad. Save your money.,Negative
1970,The product seems superb. I love it.,Positive
1971,I think the design was perfect. Will buy again.,Positive
1972,Delivery was great. Exceeded expectations.,Positive
1973,Customer support was completely fair. Nothing special.,Neutral
1974,Delivery looks fairly fantastic. Very satisfied.,Positive
1975,The quality looks fairly worst. Will return it.,Negative
1976,The design is completely poor. Save your money.,Negative
1977,This item feels fairly terrible. Very frustrated.,Negative
1978,I think the price is horrible. Will return it.,Negative
1979,The product proved to be really stellar. Very satisfied.,Positive
1980,The service proved to be completely excellent. I love it.,Positive
1981,The quality feels extremely awful. I hate it.,Negative
1982,Customer support proved to be terrible. Very frustrated.,Negative
1983,The price proved to be truly great. Highly recommended!,Positive
1984,I think the price feels average. Nothing special.,Neutral
1985,The quality feels amazing. Best purchase ever.,Positive
1986,The packaging feels awful. Do not buy.,Negative
1987,Delivery looks extremely brilliant. Will buy again.,Positive
1988,Delivery is somewhat brilliant. Very satisfied.,Positive
1989,Customer support proved to be quite poor. Will return it.,Negative
1990,My experience proved to be bad. Save your money.,Negative
1991,This item is extremely okay. Serves its purpose.,Neutral
1992,I think this item looks disappointing. Do not buy.,Negative
1993,My experience was absolutely poor. Do not buy.,Negative
1994,"I think the product feels mediocre. Not bad, not great.",Neutral
1995,Delivery proved to be completely awesome. Best purchase ever.,Positive
1996,The design proved to be perfect. Will buy again.,Positive
1997,My experience was awful. Do not buy.,Negative
1998,I think the service proved to be stellar. Best purchase ever.,Positive
1999,The packaging feels useless. Will return it.,Negative
2000,Customer support was fairly great. Exceeded expectations.,Positive
2001,The product feels absolutely horrible. Save your money.,Negative
2002,The price was somewhat subpar. Do not buy.,Negative
2003,Customer support proved to be extremely disappointing. Do not buy.,Negative
2004,The packaging feels bad. Will return it.,Negative
2005,Customer support proved to be great. Highly recommended!,Positive
2006,The price proved to be quite worst. Will return it.,Negative
2007,I think the design seems disappointing. Will return it.,Negative
2008,I think my experience feels useless. I hate it.,Negative
2009,My experience seems really excellent. Exceeded expectations.,Positive
2010,I think the service was mediocre. Might buy again.,Neutral
2011,Delivery was truly disappointing. I hate it.,Negative
2012,The price seems brilliant. Best purchase ever.,Positive
2013,Delivery feels perfect. Highly recommended!,Positive
2014,The packaging was really bad. Save your money.,Negative
2015,I think the service looks okay. It does the job.,Neutral
2016,The packaging is brilliant. I love it.,Positive
2017,The product seems brilliant. I love it.,Positive
2018,My experience was awesome. Exceeded expectations.,Positive
2019,I think the service was fantastic. I love it.,Positive
2020,Customer support was completely stellar. Best purchase ever.,Positive
2021,The quality was totally worst. Do not buy.,Negative
2022,The product feels subpar. Do not buy.,Negative
2023,The service looks quite fantastic. Highly recommended!,Positive
2024,This item seems quite fantastic. Exceeded expectations.,Positive
2025,Delivery is brilliant. I love it.,Positive
2026,This item looks fairly subpar. Will return it.,Positive
2027,I think the design proved to be mediocre. As expected.,Neutral
2028,The packaging is totally brilliant. Exceeded expectations.,Negative
2029,The packaging feels stellar. I love it.,Positive
2030,The packaging was absolutely amazing. I love it.,Positive
2031,The product proved to be okay. As expected.,Neutral
2032,The design was truly fantastic. Exceeded expectations.,Positive
2033,I think the design is horrible. Save your money.,Negative
2034,I think the price proved to be awful. Very frustrated.,Negative
2035,I think delivery proved to be poor. Save your money.,Negative
2036,I think delivery seems worst. Do not buy.,Negative
2037,I think delivery is disappointing. Will return it.,Negative
2038,I think the design looks wonderful. Highly recommended!,Positive
2039,Delivery proved to be somewhat disappointing. Save your money.,Negative
2040,My experience feels poor. Total waste of money.,Negative
2041,I think the product is okay. Might buy again.,Positive
2042,I think the design proved to be awesome. Best purchase ever.,Positive
2043,I think the service looks disappointing. I hate it.,Negative
2044,I think customer support is regular. Might buy again.,Neutral
2045,I think delivery feels awesome. Highly recommended!,Positive
2046,I think the quality is bad. Save your money.,Negative
2047,This item looks normal. Serves its purpose.,Neutral
2048,Customer support looks absolutely great. I love it.,Positive
2049,I think the quality was poor. Save your money.,Negative
2050,Delivery looks somewhat awful. Save your money.,Neutral
2051,The design is dreadful. Save your money.,Negative
2052,The service is very dreadful. Very frustrated.,Negative
2053,My experience is extremely bad. I hate it.,Negative
2054,I think this item seems amazing. Exceeded expectations.,Negative
2055,Customer support feels extremely excellent. Very satisfied.,Positive
2056,My experience feels brilliant. I love it.,Positive
2057,Delivery was fairly mediocre. It does the job.,Neutral
2058,The packaging was absolutely excellent. Exceeded expectations.,Positive
2059,I think this item looks regular. Nothing special.,Neutral
2060,I think the service was typical. Nothing special.,Neutral
2061,The quality is very horrible. Very frustrated.,Negative
2062,I think the product is wonderful. I love it.,Positive
2063,I think the product was worst. Do not buy.,Negative
2064,This item was awesome. Very satisfied.,Positive
2065,I think the service is excellent. Highly recommended!,Positive
2066,The service feels really mediocre. As expected.,Neutral
2067,I think delivery proved to be bad. Total waste of money.,Negative
2068,The price proved to be stellar. Very satisfied.,Positive
2069,The quality looks worst. Very frustrated.,Negative
2070,The price is amazing. Highly recommended!,Positive
2071,My experience is quite excellent. Best purchase ever.,Positive
2072,Customer support looks fairly fair. It does the job.,Neutral
2073,The packaging looks very worst. Very frustrated.,Negative
2074,Customer support was regular. As expected.,Neutral
2075,The packaging seems awesome. Best purchase ever.,Positive
2076,I think the product proved to be amazing. Best purchase ever.,Positive
2077,The price feels worst. Do not buy.,Negative
2078,Delivery proved to be totally bad. Save your money.,Negative
2079,The quality seems truly perfect. Very satisfied.,Positive
2080,The service looks completely stellar. Best purchase ever.,Positive
2081,The quality was extremely perfect. Exceeded expectations.,Positive
2082,"My experience feels normal. Not bad, not great.",Neutral
2083,My experience proved to be extremely normal. It does the job.,Neutral
2084,Customer support feels acceptable. Nothing special.,Neutral
2085,I think customer support looks great. Very satisfied.,Positive
2086,The service seems wonderful. Will buy again.,Positive
2087,"Customer support seems average. Not bad, not great.",Neutral
2088,"I think customer support is average. Not bad, not great.",Neutral
2089,Delivery seems wonderful. Exceeded expectations.,Positive
2090,The price feels wonderful. Exceeded expectations.,Positive
2091,I think the price looks poor. Very frustrated.,Negative
2092,The price seems somewhat useless. Very frustrated.,Neutral
2093,The service proved to be fantastic. I love it.,Positive
2094,This item looks quite terrible. Very frustrated.,Negative
2095,I think the product proved to be amazing. Will buy again.,Positive
2096,The design seems fair. As expected.,Neutral
2097,I think delivery was wonderful. Will buy again.,Positive
2098,I think the quality looks normal. It does the job.,Neutral
2099,Delivery feels bad. Will return it.,Negative
2100,I think my experience feels amazing. Highly recommended!,Positive
2101,I think the design proved to be worst. Total waste of money.,Negative
2102,I think the price seems perfect. I love it.,Positive
2103,Delivery proved to be perfect. Very satisfied.,Positive
2104,The product feels totally excellent. I love it.,Positive
2105,I think delivery feels fantastic. Best purchase ever.,Positive
2106,I think customer support is disappointing. I hate it.,Negative
2107,I think my experience feels terrible. Save your money.,Negative
2108,Delivery was superb. I love it.,Positive
2109,My experience is extremely poor. Very frustrated.,Negative
2110,The price is somewhat great. Best purchase ever.,Positive
2111,I think the price was dreadful. Total waste of money.,Negative
2112,The price looks somewhat terrible. Will return it.,Negative
2113,The quality is regular. As expected.,Neutral
2114,The packaging was perfect. Best purchase ever.,Positive
2115,This item looks useless. Save your money.,Negative
2116,The price is great. Very satisfied.,Positive
2117,I think delivery looks subpar. Do not buy.,Negative
2118,The service is quite average. Might buy again.,Neutral
2119,I think the service seems typical. Serves its purpose.,Neutral
2120,The packaging was very dreadful. Will return it.,Negative
2121,The quality proved to be terrible. Total waste of money.,Negative
2122,I think the product proved to be average. As expected.,Neutral
2123,This item seems amazing. Very satisfied.,Positive
2124,The product proved to be truly subpar. Very frustrated.,Negative
2125,I think the product was wonderful. Highly recommended!,Positive
2126,Customer support feels great. Highly recommended!,Positive
2127,I think the price seems worst. Total waste of money.,Negative
2128,The product feels terrible. Very frustrated.,Negative
2129,The design feels quite okay. Serves its purpose.,Neutral
2130,The service was subpar. Save your money.,Positive
2131,I think delivery is horrible. Do not buy.,Negative
2132,I think the service proved to be standard. Serves its purpose.,Neutral
2133,I think this item seems amazing. I love it.,Positive
2134,I think my experience seems fantastic. Best purchase ever.,Positive
2135,The product looks useless. Very frustrated.,Negative
2136,The price seems brilliant. Exceeded expectations.,Positive
2137,The service was dreadful. Save your money.,Neutral
2138,The price feels poor. Very frustrated.,Negative
2139,My experience seems really amazing. I love it.,Positive
2140,The design is fairly disappointing. Save your money.,Negative
2141,The design is really horrible. Save your money.,Negative
2142,The service seems terrible. Will return it.,Negative
2143,I think the design seems terrible. Save your money.,Negative
2144,I think the service was terrible. Do not buy.,Negative
2145,The price seems okay. Might buy again.,Neutral
2146,The packaging seems quite excellent. I love it.,Positive
2147,The service proved to be perfect. Very satisfied.,Negative
2148,The product was stellar. Best purchase ever.,Positive
2149,Delivery was subpar. Do not buy.,Negative
2150,My experience was very amazing. Exceeded expectations.,Positive
2151,The service proved to be stellar. Exceeded expectations.,Positive
2152,"I think my experience was typical. Not bad, not great.",Neutral
2153,I think delivery was stellar. I love it.,Positive
2154,The quality was poor. Do not buy.,Negative
2155,The packaging feels totally worst. Save your money.,Negative
2156,The design looks quite great. Will buy again.,Positive
2157,The product is fine. It does the job.,Positive
2158,I think customer support looks stellar. Exceeded expectations.,Positive
2159,The service seems very worst. I hate it.,Negative
2160,I think the design feels great. Very satisfied.,Positive
2161,I think the design proved to be disappointing. I hate it.,Negative
2162,Delivery feels completely stellar. I love it.,Positive
2163,Delivery feels excellent. Highly recommended!,Positive
2164,The product proved to be really superb. I love it.,Positive
2165,I think the service is terrible. Save your money.,Negative
2166,I think delivery looks typical. As expected.,Neutral
2167,Delivery feels truly average. Nothing special.,Neutral
2168,I think customer support seems awful. Very frustrated.,Negative
2169,The product seems truly awful. I hate it.,Negative
2170,The design proved to be useless. Will return it.,Negative
2171,My experience seems totally terrible. Will return it.,Negative
2172,This item feels worst. Will return it.,Negative
2173,Delivery looks wonderful. Will buy again.,Positive
2174,The packaging is somewhat dreadful. Do not buy.,Negative
2175,Customer support seems awesome. Exceeded expectations.,Positive
2176,Delivery proved to be worst. Do not buy.,Negative
2177,The design is truly brilliant. Very satisfied.,Positive
2178,I think the packaging is brilliant. Highly recommended!,Positive
2179,The price feels awful. Save your money.,Negative
2180,I think the quality looks bad. Do not buy.,Negative
2181,The price is dreadful. Very frustrated.,Negative
2182,This item seems okay. It does the job.,Neutral
2183,"This item was really standard. Not bad, not great.",Neutral
2184,"I think the quality looks okay. Not bad, not great.",Neutral
2185,My experience looks mediocre. It does the job.,Neutral
2186,Customer support proved to be somewhat disappointing. Save your money.,Negative
2187,The design looks absolutely horrible. Save your money.,Negative
2188,I think customer support is dreadful. Total waste of money.,Negative
2189,Customer support feels awful. Save your money.,Negative
2190,The price feels quite excellent. Highly recommended!,Neutral
2191,The packaging proved to be fairly disappointing. Will return it.,Negative
2192,I think the price looks great. Will buy again.,Positive
2193,The design seems extremely fair. As expected.,Neutral
2194,Customer support seems somewhat fantastic. Very satisfied.,Positive
2195,The quality looks quite terrible. Do not buy.,Negative
2196,I think the product proved to be worst. Save your money.,Negative
2197,The packaging was stellar. Exceeded expectations.,Positive
2198,My experience seems totally excellent. Highly recommended!,Positive
2199,The design looks awful. Do not buy.,Negative
2200,Customer support looks extremely awful. Total waste of money.,Negative
2201,The quality feels extremely awesome. Highly recommended!,Positive
2202,I think customer support seems stellar. Will buy again.,Positive
2203,Customer support seems quite worst. Will return it.,Negative
2204,I think the price proved to be useless. Total waste of money.,Negative
2205,I think the design proved to be fine. Serves its purpose.,Neutral
2206,This item seems really amazing. Highly recommended!,Positive
2207,The service was mediocre. Nothing special.,Neutral
2208,The packaging seems dreadful. Do not buy.,Negative
2209,Delivery seems regular. Nothing special.,Neutral
2210,This item seems awesome. I love it.,Positive
2211,The packaging proved to be fairly typical. As expected.,Neutral
2212,The design proved to be subpar. Very frustrated.,Negative
2213,I think delivery looks excellent. Highly recommended!,Positive
2214,I think customer support looks awful. I hate it.,Negative
2215,The price is somewhat useless. Total waste of money.,Negative
2216,The design feels excellent. Highly recommended!,Positive
2217,The design is truly brilliant. Best purchase ever.,Positive
2218,I think the packaging looks worst. Will return it.,Negative
2219,I think the packaging seems great. Highly recommended!,Positive
2220,I think this item proved to be fantastic. Very satisfied.,Positive
2221,This item proved to be awful. Total waste of money.,Negative
2222,I think delivery is dreadful. I hate it.,Negative
2223,The price is horrible. Do not buy.,Negative
2224,This item looks bad. Do not buy.,Negative
2225,The design was horrible. Will return it.,Negative
2226,The price looks extremely amazing. Very satisfied.,Positive
2227,The service looks very disappointing. Total waste of money.,Negative
2228,This item proved to be really fair. Nothing special.,Neutral
2229,The service looks poor. Save your money.,Negative
2230,Customer support feels extremely useless. Do not buy.,Negative
2231,I think the service was excellent. Will buy again.,Positive
2232,The design proved to be awesome. Best purchase ever.,Positive
2233,The quality was absolutely okay. It does the job.,Neutral
2234,The price looks normal. Might buy again.,Neutral
2235,I think delivery is wonderful. Exceeded expectations.,Positive
2236,The service is absolutely horrible. Very frustrated.,Negative
2237,Customer support was standard. Might buy again.,Neutral
2238,The price proved to be disappointing. Will return it.,Negative
2239,The product proved to be disappointing. I hate it.,Negative
2240,My experience looks fair. Nothing special.,Neutral
2241,I think the price feels acceptable. Nothing special.,Neutral
2242,I think the packaging is useless. Will return it.,Negative
2243,The design is awesome. Very satisfied.,Positive
2244,I think my experience looks wonderful. Best purchase ever.,Positive
2245,I think delivery proved to be okay. Serves its purpose.,Neutral
2246,The quality proved to be okay. Might buy again.,Neutral
2247,The design looks stellar. Highly recommended!,Positive
2248,I think the service seems dreadful. Very frustrated.,Negative
2249,The price proved to be awful. Total waste of money.,Neutral
2250,Delivery seems fantastic. Will buy again.,Positive
2251,The packaging proved to be truly disappointing. Will return it.,Negative
2252,"The product feels very fine. Not bad, not great.",Neutral
2253,The design is totally worst. Total waste of money.,Negative
2254,Delivery was great. Highly recommended!,Positive
2255,The packaging is poor. Will return it.,Negative
2256,The quality proved to be perfect. I love it.,Positive
2257,The service feels truly amazing. I love it.,Positive
2258,The product seems regular. It does the job.,Neutral
2259,The service looks totally useless. Will return it.,Negative
2260,The service seems awesome. Highly recommended!,Positive
2261,The price looks poor. Save your money.,Negative
2262,I think the service seems excellent. Very satisfied.,Positive
2263,My experience seems totally disappointing. Save your money.,Negative
2264,My experience looks very superb. Best purchase ever.,Positive
2265,My experience was fairly amazing. Best purchase ever.,Positive
2266,The packaging proved to be fair. Serves its purpose.,Neutral
2267,I think this item was worst. Very frustrated.,Negative
2268,The price proved to be completely poor. Will return it.,Negative
2269,I think this item is perfect. Exceeded expectations.,Positive
2270,The product seems dreadful. Will return it.,Negative
2271,The packaging seems fairly brilliant. Will buy again.,Positive
2272,I think customer support feels awesome. Highly recommended!,Positive
2273,I think customer support is perfect. Best purchase ever.,Positive
2274,Delivery is extremely fair. It does the job.,Positive
2275,I think the quality feels standard. As expected.,Neutral
2276,The packaging was truly amazing. I love it.,Positive
2277,The price was really fine. Nothing special.,Neutral
2278,I think customer support was superb. Very satisfied.,Positive
2279,This item feels subpar. Will return it.,Negative
2280,My experience seems horrible. Total waste of money.,Negative
2281,The packaging feels perfect. Best purchase ever.,Positive
2282,My experience proved to be totally fantastic. Exceeded expectations.,Positive
2283,This item seems excellent. I love it.,Positive
2284,This item feels useless. I hate it.,Negative
2285,The service is subpar. Total waste of money.,Negative
2286,This item looks completely average. Serves its purpose.,Neutral
2287,The product proved to be completely typical. Might buy again.,Neutral
2288,The packaging looks poor. Total waste of money.,Negative
2289,I think the price is poor. Total waste of money.,Negative
2290,The quality was quite horrible. Do not buy.,Negative
2291,Customer support proved to be subpar. I hate it.,Negative
2292,This item proved to be somewhat horrible. Total waste of money.,Negative
2293,I think customer support seems horrible. Save your money.,Negative
2294,I think the service seems disappointing. I hate it.,Neutral
2295,The quality is completely brilliant. Very satisfied.,Positive
2296,The quality feels fairly acceptable. It does the job.,Neutral
2297,I think delivery is terrible. Do not buy.,Negative
2298,"The service was fair. Not bad, not great.",Neutral
2299,The product feels totally superb. Exceeded expectations.,Positive
2300,The quality proved to be quite superb. Best purchase ever.,Positive
2301,I think the quality feels awful. Total waste of money.,Negative
2302,I think customer support seems subpar. Save your money.,Negative
2303,I think the service seems poor. Do not buy.,Negative
2304,I think the product looks fantastic. Exceeded expectations.,Positive
2305,My experience is perfect. Very satisfied.,Positive
2306,The quality was absolutely worst. Very frustrated.,Negative
2307,The design proved to be totally poor. Save your money.,Negative
2308,The packaging was quite acceptable. Might buy again.,Neutral
2309,My experience feels completely excellent. Best purchase ever.,Positive
2310,I think this item looks fantastic. Best purchase ever.,Positive
2311,The service proved to be useless. Save your money.,Negative
2312,The design was superb. Highly recommended!,Positive
2313,I think the packaging feels awesome. Very satisfied.,Positive
2314,Customer support proved to be absolutely awesome. Will buy again.,Positive
2315,The quality is absolutely acceptable. Nothing special.,Neutral
2316,This item seems absolutely regular. It does the job.,Neutral
2317,Customer support feels somewhat awful. Save your money.,Positive
2318,The packaging seems really great. Will buy again.,Positive
2319,The packaging proved to be worst. Total waste of money.,Negative
2320,Customer support is okay. As expected.,Neutral
2321,I think my experience feels wonderful. Very satisfied.,Positive
2322,Delivery feels extremely horrible. Save your money.,Negative
2323,I think the service was worst. Very frustrated.,Negative
2324,The packaging seems amazing. Will buy again.,Positive
2325,The design proved to be wonderful. Very satisfied.,Positive
2326,The design was brilliant. Will buy again.,Positive
2327,The design seems awesome. Will buy again.,Positive
2328,I think the design is great. Best purchase ever.,Positive
2329,The design feels perfect. Best purchase ever.,Positive
2330,I think the price seems excellent. I love it.,Positive
2331,The service looks quite stellar. Best purchase ever.,Positive
2332,This item proved to be absolutely useless. I hate it.,Negative
2333,"The service looks fine. Not bad, not great.",Neutral
2334,The product was absolutely okay. It does the job.,Negative
2335,I think this item is excellent. Highly recommended!,Positive
2336,This item is useless. Save your money.,Negative
2337,The price was awesome. Will buy again.,Positive
2338,I think the quality was perfect. Will buy again.,Positive
2339,The design was superb. Best purchase ever.,Positive
2340,Customer support feels okay. As expected.,Neutral
2341,I think the product proved to be bad. Will return it.,Positive
2342,"The price is totally typical. Not bad, not great.",Neutral
2343,"The packaging proved to be okay. Not bad, not great.",Neutral
2344,I think the design is mediocre. Nothing special.,Neutral
2345,This item is totally amazing. I love it.,Negative
2346,The price is dreadful. Total waste of money.,Negative
2347,The price proved to be fairly mediocre. Nothing special.,Neutral
2348,The quality proved to be very perfect. Very satisfied.,Positive
2349,I think customer support proved to be fantastic. Exceeded expectations.,Positive
2350,The service looks awful. Will return it.,Negative
2351,The quality feels somewhat useless. Very frustrated.,Negative
2352,The design feels very amazing. Exceeded expectations.,Positive
2353,I think the service seems excellent. I love it.,Positive
2354,My experience seems bad. I hate it.,Negative
2355,The quality is very amazing. Will buy again.,Positive
2356,I think the service feels worst. Very frustrated.,Negative
2357,The product feels fairly useless. Do not buy.,Negative
2358,I think this item looks superb. Exceeded expectations.,Positive
2359,"Customer support looks extremely okay. Not bad, not great.",Neutral
2360,The design is excellent. Best purchase ever.,Positive
2361,I think delivery feels normal. Nothing special.,Neutral
2362,Delivery feels amazing. Very satisfied.,Positive
2363,The packaging proved to be standard. It does the job.,Neutral
2364,Customer support was truly dreadful. I hate it.,Negative
2365,I think the quality seems useless. Do not buy.,Negative
2366,Delivery looks worst. Save your money.,Negative
2367,I think the price looks terrible. Save your money.,Negative
2368,Delivery is completely terrible. I hate it.,Negative
2369,The price feels completely horrible. I hate it.,Negative
2370,The price is superb. Exceeded expectations.,Positive
2371,This item seems quite brilliant. Highly recommended!,Positive
2372,I think the price was horrible. Save your money.,Negative
2373,I think delivery seems useless. Total waste of money.,Positive
2374,The service feels dreadful. I hate it.,Negative
2375,The quality feels awful. Will return it.,Negative
2376,The design is truly poor. Do not buy.,Negative
2377,Delivery seems somewhat useless. Will return it.,Negative
2378,I think the design is okay. Nothing special.,Neutral
2379,The packaging was extremely subpar. Very frustrated.,Negative
2380,Customer support is absolutely dreadful. Do not buy.,Negative
2381,I think the quality is excellent. Very satisfied.,Positive
2382,I think the packaging was amazing. Very satisfied.,Positive
2383,I think my experience feels fine. It does the job.,Neutral
2384,I think the product looks wonderful. Exceeded expectations.,Positive
2385,Customer support feels worst. I hate it.,Negative
2386,Delivery looks totally worst. Very frustrated.,Negative
2387,The product proved to be great. I love it.,Positive
2388,The quality is absolutely subpar. Will return it.,Negative
2389,The service was really terrible. Very frustrated.,Negative
2390,The price looks completely stellar. Highly recommended!,Positive
2391,The quality proved to be disappointing. Do not buy.,Negative
2392,This item was fine. Might buy again.,Neutral
2393,I think the quality looks excellent. I love it.,Positive
2394,The product is disappointing. Total waste of money.,Negative
2395,The packaging is completely fantastic. Very satisfied.,Positive
2396,The quality was fantastic. Will buy again.,Positive
2397,The packaging proved to be horrible. Total waste of money.,Negative
2398,I think delivery is standard. Nothing special.,Neutral
2399,The price looks fine. Serves its purpose.,Positive
2400,I think the product feels poor. I hate it.,Negative
2401,I think this item feels bad. Do not buy.,Negative
2402,I think delivery proved to be poor. I hate it.,Negative
2403,Delivery feels bad. I hate it.,Negative
2404,The packaging looks truly subpar. I hate it.,Negative
2405,I think my experience was disappointing. Total waste of money.,Positive
2406,My experience is very great. I love it.,Positive
2407,Delivery seems extremely excellent. Best purchase ever.,Positive
2408,I think the product was amazing. Best purchase ever.,Positive
2409,The product proved to be terrible. Save your money.,Negative
2410,The price seems extremely worst. Total waste of money.,Negative
2411,The design proved to be average. Nothing special.,Neutral
2412,"I think the product feels normal. Not bad, not great.",Neutral
2413,The service feels fairly excellent. Very satisfied.,Positive
2414,This item seems useless. Total waste of money.,Negative
2415,Delivery was quite bad. Save your money.,Negative
2416,I think the packaging seems wonderful. Highly recommended!,Positive
2417,The packaging seems completely standard. As expected.,Neutral
2418,The packaging feels awesome. Exceeded expectations.,Positive
2419,I think customer support looks amazing. Will buy again.,Positive
2420,I think the service proved to be poor. I hate it.,Negative
2421,My experience proved to be wonderful. I love it.,Positive
2422,The quality seems stellar. Best purchase ever.,Positive
2423,The service was absolutely disappointing. Very frustrated.,Positive
2424,Delivery was quite awesome. Exceeded expectations.,Positive
2425,The quality was perfect. I love it.,Positive
2426,The quality feels normal. Serves its purpose.,Neutral
2427,My experience proved to be fantastic. Best purchase ever.,Positive
2428,Delivery looks very disappointing. I hate it.,Negative
2429,The product feels disappointing. Will return it.,Negative
2430,I think the product was awful. Save your money.,Negative
2431,Customer support looks extremely superb. Exceeded expectations.,Positive
2432,Customer support seems stellar. Best purchase ever.,Positive
2433,I think the packaging is wonderful. Highly recommended!,Positive
2434,The product is average. It does the job.,Neutral
2435,My experience was very bad. Save your money.,Negative
2436,Delivery seems useless. Very frustrated.,Negative
2437,I think my experience is okay. It does the job.,Neutral
2438,The quality seems fairly subpar. Save your money.,Negative
2439,The price was disappointing. Total waste of money.,Negative
2440,The service looks useless. I hate it.,Negative
2441,Delivery is absolutely bad. Total waste of money.,Negative
2442,Delivery was totally wonderful. Best purchase ever.,Positive
2443,The product looks excellent. I love it.,Positive
2444,"The service was quite acceptable. Not bad, not great.",Neutral
2445,The quality seems mediocre. Might buy again.,Neutral
2446,The packaging is superb. I love it.,Positive
2447,This item feels really regular. It does the job.,Positive
2448,"I think the price seems fine. Not bad, not great.",Neutral
2449,The product was superb. Will buy again.,Neutral
2450,I think my experience is superb. Exceeded expectations.,Positive
2451,The packaging seems awful. Do not buy.,Negative
2452,I think the quality was disappointing. Will return it.,Negative
2453,The service proved to be totally useless. Will return it.,Negative
2454,I think my experience proved to be awesome. Best purchase ever.,Positive
2455,The design feels fairly amazing. I love it.,Positive
2456,I think the service proved to be stellar. Exceeded expectations.,Positive
2457,The product proved to be perfect. Will buy again.,Positive
2458,Customer support feels quite awful. Will return it.,Negative
2459,I think my experience is useless. Will return it.,Negative
2460,The packaging is fairly bad. Total waste of money.,Negative
2461,The price was bad. I hate it.,Negative
2462,Customer support feels truly useless. Save your money.,Negative
2463,I think the service was perfect. Exceeded expectations.,Positive
2464,Customer support looks worst. Very frustrated.,Negative
2465,Customer support proved to be useless. I hate it.,Positive
2466,The price is poor. Total waste of money.,Negative
2467,I think delivery feels subpar. Total waste of money.,Negative
2468,The product proved to be completely awful. Total waste of money.,Negative
2469,The product seems quite excellent. Exceeded expectations.,Positive
2470,The design feels fairly awful. Very frustrated.,Negative
2471,I think my experience looks superb. I love it.,Positive
2472,I think the service proved to be fine. Serves its purpose.,Neutral
2473,The quality seems very bad. Total waste of money.,Negative
2474,The packaging seems terrible. Very frustrated.,Negative
2475,The design looks absolutely worst. Total waste of money.,Negative
2476,The price was truly normal. Might buy again.,Neutral
2477,The design seems fantastic. Exceeded expectations.,Positive
2478,The service seems very poor. Total waste of money.,Negative
2479,This item was stellar. Will buy again.,Positive
2480,The quality looks worst. Save your money.,Negative
2481,My experience looks fairly mediocre. Serves its purpose.,Neutral
2482,Delivery looks totally amazing. I love it.,Positive
2483,I think the quality looks brilliant. Highly recommended!,Positive
2484,I think the packaging proved to be fantastic. Best purchase ever.,Positive
2485,The product seems fantastic. I love it.,Positive
2486,The quality feels superb. Will buy again.,Neutral
2487,The quality was quite amazing. Very satisfied.,Positive
2488,This item proved to be fairly wonderful. Best purchase ever.,Positive
2489,I think delivery looks disappointing. Save your money.,Negative
2490,My experience feels perfect. Best purchase ever.,Neutral
2491,The quality feels acceptable. Might buy again.,Neutral
2492,Customer support seems quite fine. It does the job.,Neutral
2493,The product feels stellar. Highly recommended!,Positive
2494,The price feels useless. I hate it.,Negative
2495,The packaging proved to be completely bad. I hate it.,Negative
2496,This item feels fair. It does the job.,Neutral
2497,The quality proved to be perfect. Will buy again.,Positive
2498,The product was brilliant. Exceeded expectations.,Positive
2499,The quality proved to be okay. It does the job.,Neutral
2500,This item looks disappointing. Total waste of money.,Negative
2501,My experience seems truly useless. Save your money.,Negative
2502,The price looks very amazing. Exceeded expectations.,Positive
2503,I think the design seems dreadful. I hate it.,Negative
2504,The service seems useless. Very frustrated.,Negative
2505,The service seems absolutely superb. Will buy again.,Positive
2506,I think the design looks typical. As expected.,Neutral
2507,Customer support seems extremely awful. Save your money.,Negative
2508,The service proved to be subpar. Total waste of money.,Negative
2509,I think my experience is typical. Serves its purpose.,Neutral
2510,The service feels standard. Serves its purpose.,Neutral
2511,"The product is okay. Not bad, not great.",Neutral
2512,I think the service was brilliant. Exceeded expectations.,Negative
2513,The price feels really normal. It does the job.,Neutral
2514,Customer support is extremely fantastic. I love it.,Positive
2515,The quality feels awful. Will return it.,Negative
2516,Delivery was totally amazing. Exceeded expectations.,Positive
2517,The product proved to be really subpar. Save your money.,Negative
2518,"I think my experience looks average. Not bad, not great.",Neutral
2519,The price looks perfect. I love it.,Positive
2520,The design seems wonderful. Exceeded expectations.,Positive
2521,The service proved to be poor. Very frustrated.,Negative
2522,Delivery looks useless. Will return it.,Negative
2523,The packaging looks somewhat mediocre. As expected.,Neutral
2524,The product proved to be extremely fine. Nothing special.,Neutral
2525,The quality was quite perfect. I love it.,Positive
2526,I think my experience seems wonderful. Very satisfied.,Positive
2527,The design looks totally amazing. Will buy again.,Positive
2528,I think delivery is terrible. Will return it.,Negative
2529,The quality is brilliant. I love it.,Positive
2530,The service seems totally awesome. Highly recommended!,Positive
2531,I think the packaging looks bad. I hate it.,Negative
2532,This item was truly disappointing. Total waste of money.,Negative
2533,Delivery was brilliant. I love it.,Positive
2534,Customer support was normal. It does the job.,Neutral
2535,I think this item looks subpar. Will return it.,Negative
2536,I think the packaging looks poor. Do not buy.,Negative
2537,I think the product looks stellar. Best purchase ever.,Positive
2538,I think the product feels brilliant. Will buy again.,Positive
2539,I think the quality is mediocre. As expected.,Neutral
2540,I think delivery is excellent. Will buy again.,Positive
2541,I think the packaging feels amazing. Best purchase ever.,Positive
2542,I think the price proved to be awful. Very frustrated.,Negative
2543,I think the service looks stellar. Will buy again.,Positive
2544,I think the price seems disappointing. I hate it.,Negative
2545,I think my experience seems excellent. Will buy again.,Positive
2546,The design proved to be disappointing. I hate it.,Negative
2547,The design is absolutely subpar. Will return it.,Negative
2548,I think delivery is great. Exceeded expectations.,Positive
2549,Customer support seems truly fair. Nothing special.,Negative
2550,The quality was superb. Best purchase ever.,Positive
2551,This item proved to be amazing. Exceeded expectations.,Positive
2552,I think the product feels standard. Serves its purpose.,Neutral
2553,I think the design proved to be fair. It does the job.,Neutral
2554,The product was absolutely fine. Serves its purpose.,Neutral
2555,The packaging seems quite terrible. I hate it.,Negative
2556,I think the design was useless. I hate it.,Negative
2557,My experience was extremely superb. I love it.,Positive
2558,I think the packaging seems fantastic. Very satisfied.,Positive
2559,This item seems extremely perfect. I love it.,Positive
2560,I think my experience looks excellent. Exceeded expectations.,Positive
2561,Delivery is very great. Exceeded expectations.,Positive
2562,This item was really superb. Very satisfied.,Positive
2563,The design feels totally perfect. Very satisfied.,Positive
2564,Delivery proved to be fair. As expected.,Neutral
2565,Customer support proved to be totally standard. Nothing special.,Neutral
2566,The design looks excellent. Will buy again.,Positive
2567,My experience proved to be awesome. Very satisfied.,Positive
2568,The service proved to be great. Best purchase ever.,Positive
2569,I think the design proved to be terrible. Will return it.,Negative
2570,"Customer support looks absolutely normal. Not bad, not great.",Neutral
2571,The design proved to be fairly disappointing. Very frustrated.,Negative
2572,The quality was great. Very satisfied.,Positive
2573,The product feels extremely dreadful. Total waste of money.,Negative
2574,The quality was perfect. Highly recommended!,Positive
2575,I think my experience feels fine. Might buy again.,Neutral
2576,The packaging seems truly fair. As expected.,Neutral
2577,Delivery was fairly useless. I hate it.,Negative
2578,The quality is completely great. Will buy again.,Positive
2579,Customer support is totally worst. Very frustrated.,Negative
2580,Delivery was fine. As expected.,Neutral
2581,I think this item seems brilliant. Very satisfied.,Neutral
2582,"I think the packaging seems normal. Not bad, not great.",Neutral
2583,The service was poor. Do not buy.,Negative
2584,Customer support proved to be completely awful. Very frustrated.,Negative
2585,I think my experience seems wonderful. Will buy again.,Positive
2586,"I think customer support seems typical. Not bad, not great.",Neutral
2587,The design seems brilliant. Very satisfied.,Positive
2588,I think my experience looks okay. It does the job.,Neutral
2589,I think this item was wonderful. Will buy again.,Positive
2590,The product seems regular. Serves its purpose.,Neutral
2591,The quality seems fairly wonderful. Exceeded expectations.,Positive
2592,Customer support is really great. Highly recommended!,Positive
2593,The packaging feels mediocre. As expected.,Neutral
2594,Delivery proved to be great. Will buy again.,Negative
2595,The service is amazing. Best purchase ever.,Positive
2596,The quality proved to be truly fair. Nothing special.,Neutral
2597,The price seems perfect. Very satisfied.,Positive
2598,The design seems fairly stellar. Exceeded expectations.,Neutral
2599,I think the service is great. Very satisfied.,Positive
2600,Customer support feels very regular. Nothing special.,Neutral
2601,Delivery seems quite bad. Save your money.,Negative
2602,"The service is typical. Not bad, not great.",Neutral
2603,My experience seems completely mediocre. It does the job.,Neutral
2604,The price was quite disappointing. Total waste of money.,Negative
2605,The service looks somewhat wonderful. Best purchase ever.,Positive
2606,Delivery proved to be completely standard. As expected.,Neutral
2607,The service is acceptable. Might buy again.,Neutral
2608,I think the quality looks perfect. I love it.,Positive
2609,I think the service looks brilliant. Exceeded expectations.,Positive
2610,"I think the product proved to be normal. Not bad, not great.",Neutral
2611,The quality is very horrible. Very frustrated.,Negative
2612,Delivery looks brilliant. Best purchase ever.,Positive
2613,The packaging was disappointing. Will return it.,Negative
2614,My experience proved to be poor. I hate it.,Negative
2615,The design proved to be stellar. Exceeded expectations.,Positive
2616,I think the packaging seems wonderful. Best purchase ever.,Positive
2617,Delivery looks somewhat worst. Total waste of money.,Negative
2618,The product was brilliant. I love it.,Positive
2619,The quality looks really typical. Might buy again.,Neutral
2620,The quality proved to be somewhat typical. It does the job.,Neutral
2621,I think customer support is useless. Will return it.,Negative
2622,Customer support is totally mediocre. As expected.,Neutral
2623,The product seems fairly disappointing. Save your money.,Positive
2624,This item seems stellar. Best purchase ever.,Positive
2625,The product seems useless. I hate it.,Negative
2626,The product was completely great. Best purchase ever.,Positive
2627,I think the packaging was brilliant. Very satisfied.,Positive
2628,Customer support looks truly dreadful. Will return it.,Negative
2629,I think the packaging seems awful. Will return it.,Negative
2630,I think the design was awesome. Exceeded expectations.,Positive
2631,The quality seems mediocre. Nothing special.,Neutral
2632,I think the price feels disappointing. Save your money.,Negative
2633,My experience feels normal. Serves its purpose.,Neutral
2634,I think the design seems horrible. Save your money.,Negative
2635,I think the packaging was useless. I hate it.,Negative
2636,Delivery seems regular. Serves its purpose.,Neutral
2637,Delivery was completely dreadful. Will return it.,Negative
2638,The price feels truly horrible. I hate it.,Negative
2639,Customer support feels fine. As expected.,Neutral
2640,The price seems really worst. Will return it.,Negative
2641,Customer support feels quite awesome. Best purchase ever.,Negative
2642,The product was completely awful. Total waste of money.,Negative
2643,The packaging seems truly stellar. I love it.,Positive
2644,The quality seems useless. Save your money.,Negative
2645,I think the product is regular. Serves its purpose.,Neutral
2646,This item feels awful. Do not buy.,Negative
2647,The quality proved to be truly worst. I hate it.,Negative
2648,I think customer support looks worst. Very frustrated.,Negative
2649,I think delivery feels fine. It does the job.,Neutral
2650,I think delivery feels terrible. Very frustrated.,Negative
2651,The price proved to be bad. Save your money.,Negative
2652,The quality was extremely fantastic. Highly recommended!,Positive
2653,Customer support is worst. Very frustrated.,Negative
2654,I think the product proved to be dreadful. Do not buy.,Negative
2655,I think the product proved to be horrible. I hate it.,Negative
2656,The design was okay. Might buy again.,Neutral
2657,I think the quality feels standard. Serves its purpose.,Neutral
2658,I think the packaging looks amazing. Highly recommended!,Positive
2659,I think the service feels perfect. Exceeded expectations.,Positive
2660,I think the quality is average. Serves its purpose.,Neutral
2661,The service was extremely fantastic. Very satisfied.,Positive
2662,Customer support was totally dreadful. Save your money.,Negative
2663,The design is quite terrible. I hate it.,Negative
2664,The design was somewhat okay. Serves its purpose.,Neutral
2665,I think the quality is subpar. Will return it.,Negative
2666,This item feels quite horrible. Will return it.,Negative
2667,I think customer support feels great. Exceeded expectations.,Positive
2668,The packaging seems amazing. Best purchase ever.,Positive
2669,My experience was completely awful. Very frustrated.,Negative
2670,The quality was awful. Will return it.,Negative
2671,The quality seems bad. Do not buy.,Negative
2672,Delivery seems superb. Highly recommended!,Positive
2673,I think the product feels subpar. Save your money.,Negative
2674,"The product seems fine. Not bad, not great.",Negative
2675,I think the quality was dreadful. Very frustrated.,Negative
2676,The product proved to be absolutely excellent. Will buy again.,Positive
2677,Customer support feels totally brilliant. Very satisfied.,Positive
2678,I think the packaging was standard. Serves its purpose.,Neutral
2679,The quality was somewhat horrible. I hate it.,Negative
2680,My experience proved to be absolutely horrible. Do not buy.,Negative
2681,The design was disappointing. Do not buy.,Negative
2682,I think this item looks disappointing. Very frustrated.,Negative
2683,The price seems fine. Nothing special.,Neutral
2684,Delivery proved to be completely typical. It does the job.,Neutral
2685,Customer support proved to be totally typical. As expected.,Neutral
2686,My experience seems brilliant. Will buy again.,Positive
2687,My experience proved to be useless. Save your money.,Negative
2688,I think the packaging looks bad. Very frustrated.,Negative
2689,I think the price looks typical. Serves its purpose.,Neutral
2690,This item proved to be normal. Nothing special.,Neutral
2691,I think my experience seems dreadful. Will return it.,Negative
2692,"I think my experience was normal. Not bad, not great.",Neutral
2693,The service was superb. Will buy again.,Positive
2694,I think my experience proved to be normal. It does the job.,Neutral
2695,The price looks truly awful. Very frustrated.,Negative
2696,I think the packaging is excellent. Highly recommended!,Positive
2697,The design looks terrible. Total waste of money.,Negative
2698,I think delivery proved to be fantastic. Will buy again.,Positive
2699,The packaging seems regular. Serves its purpose.,Neutral
2700,Customer support was truly brilliant. Will buy again.,Positive
2701,Customer support proved to be amazing. I love it.,Positive
2702,Delivery was totally worst. Will return it.,Negative
2703,The quality was truly perfect. Will buy again.,Positive
2704,This item feels totally useless. I hate it.,Negative
2705,The service feels totally great. Very satisfied.,Positive
2706,The price feels disappointing. Total waste of money.,Negative
2707,The packaging seems worst. Will return it.,Negative
2708,I think delivery seems dreadful. Do not buy.,Negative
2709,The design looks somewhat wonderful. Exceeded expectations.,Positive
2710,The product proved to be totally average. Serves its purpose.,Neutral
2711,Customer support looks extremely average. Nothing special.,Neutral
2712,I think the price is regular. As expected.,Neutral
2713,I think the service looks dreadful. Do not buy.,Positive
2714,The service was bad. Do not buy.,Negative
2715,I think the packaging proved to be awesome. Highly recommended!,Positive
2716,I think delivery feels perfect. Very satisfied.,Positive
2717,"I think the packaging feels standard. Not bad, not great.",Neutral
2718,The packaging was absolutely terrible. Very frustrated.,Negative
2719,The price looks completely amazing. Will buy again.,Positive
2720,The product feels fine. As expected.,Neutral
2721,The quality looks poor. Will return it.,Negative
2722,I think the design feels disappointing. Total waste of money.,Negative
2723,I think this item was disappointing. Total waste of money.,Negative
2724,Delivery is stellar. I love it.,Positive
2725,My experience looks completely awesome. I love it.,Positive
2726,I think delivery feels awesome. Best purchase ever.,Positive
2727,I think delivery is terrible. Total waste of money.,Negative
2728,The packaging is absolutely awful. I hate it.,Negative
2729,The price looks horrible. Save your money.,Neutral
2730,This item looks really excellent. Will buy again.,Positive
2731,"The service seems absolutely average. Not bad, not great.",Neutral
2732,I think the product seems brilliant. Will buy again.,Positive
2733,I think my experience seems fantastic. I love it.,Positive
2734,Delivery was bad. Total waste of money.,Negative
2735,I think delivery is worst. Will return it.,Negative
2736,I think customer support looks worst. Very frustrated.,Negative
2737,I think delivery looks regular. It does the job.,Neutral
2738,Customer support seems subpar. Total waste of money.,Neutral
2739,This item was quite amazing. Will buy again.,Positive
2740,My experience seems okay. Nothing special.,Neutral
2741,My experience was somewhat awful. Save your money.,Negative
2742,The service is extremely average. Serves its purpose.,Neutral
2743,This item feels poor. Total waste of money.,Negative
2744,I think my experience looks excellent. I love it.,Positive
2745,I think this item looks wonderful. Exceeded expectations.,Positive
2746,The product was subpar. Will return it.,Negative
2747,I think the design looks horrible. Total waste of money.,Negative
2748,My experience seems amazing. Will buy again.,Positive
2749,Customer support seems excellent. Best purchase ever.,Positive
2750,I think this item proved to be disappointing. Do not buy.,Negative
2751,I think the service is brilliant. Very satisfied.,Positive
2752,I think this item seems subpar. Do not buy.,Negative
2753,I think the quality feels dreadful. Save your money.,Negative
2754,The product was completely typical. As expected.,Neutral
2755,The quality looks perfect. Best purchase ever.,Positive
2756,I think the quality seems awful. I hate it.,Negative
2757,I think customer support was terrible. Save your money.,Negative
2758,The quality feels bad. Do not buy.,Negative
2759,Customer support looks excellent. I love it.,Positive
2760,I think the quality is wonderful. Very satisfied.,Positive
2761,Customer support is fairly bad. Will return it.,Negative
2762,The quality looks terrible. Do not buy.,Negative
2763,I think customer support proved to be mediocre. Might buy again.,Neutral
2764,The price feels absolutely brilliant. I love it.,Positive
2765,"The packaging feels fairly fair. Not bad, not great.",Neutral
2766,Delivery feels wonderful. Highly recommended!,Positive
2767,My experience proved to be truly awesome. Highly recommended!,Positive
2768,The quality seems fine. Serves its purpose.,Neutral
2769,I think the packaging seems perfect. Best purchase ever.,Positive
2770,The service was extremely terrible. Do not buy.,Negative
2771,The quality seems extremely horrible. I hate it.,Negative
2772,My experience proved to be superb. Highly recommended!,Positive
2773,Customer support proved to be worst. Very frustrated.,Negative
2774,I think my experience feels disappointing. Very frustrated.,Negative
2775,I think the service proved to be fine. It does the job.,Neutral
2776,I think the design proved to be amazing. Exceeded expectations.,Positive
2777,This item seems disappointing. Will return it.,Negative
2778,Delivery looks horrible. Do not buy.,Negative
2779,I think the quality feels subpar. Save your money.,Negative
2780,My experience seems excellent. Best purchase ever.,Positive
2781,The service proved to be absolutely terrible. Total waste of money.,Negative
2782,I think this item was acceptable. It does the job.,Neutral
2783,My experience feels disappointing. Total waste of money.,Negative
2784,This item seems subpar. Save your money.,Negative
2785,My experience is awful. Do not buy.,Negative
2786,The quality seems terrible. Save your money.,Negative
2787,The packaging looks extremely horrible. Total waste of money.,Negative
2788,This item looks absolutely worst. I hate it.,Negative
2789,The packaging proved to be fine. As expected.,Neutral
2790,I think my experience proved to be horrible. Do not buy.,Negative
2791,The product was very excellent. Very satisfied.,Positive
2792,Delivery was okay. Serves its purpose.,Neutral
2793,I think delivery seems terrible. Will return it.,Negative
2794,I think customer support looks great. Highly recommended!,Positive
2795,I think the product is great. Will buy again.,Positive
2796,The price seems extremely superb. Highly recommended!,Positive
2797,I think the packaging was awesome. Highly recommended!,Neutral
2798,I think the packaging is wonderful. Best purchase ever.,Positive
2799,I think customer support is normal. Might buy again.,Neutral
2800,I think the design seems perfect. Exceeded expectations.,Positive
2801,Customer support is superb. Best purchase ever.,Positive
2802,"I think the service proved to be regular. Not bad, not great.",Neutral
2803,"The quality is very standard. Not bad, not great.",Neutral
2804,The price proved to be worst. Will return it.,Negative
2805,The packaging feels subpar. Total waste of money.,Negative
2806,I think the design feels worst. Total waste of money.,Positive
2807,My experience feels stellar. Exceeded expectations.,Neutral
2808,The service was disappointing. Save your money.,Negative
2809,The design feels worst. Will return it.,Negative
2810,I think the design feels terrible. Save your money.,Negative
2811,I think customer support feels bad. Save your money.,Negative
2812,Customer support was excellent. Exceeded expectations.,Positive
2813,The design proved to be totally superb. Exceeded expectations.,Positive
2814,I think the quality feels perfect. Will buy again.,Positive
2815,The service is completely awesome. Very satisfied.,Positive
2816,This item looks great. Very satisfied.,Positive
2817,The price looks extremely bad. Total waste of money.,Negative
2818,The packaging looks really subpar. Save your money.,Neutral
2819,The quality looks fairly terrible. Do not buy.,Negative
2820,The product looks amazing. Highly recommended!,Positive
2821,I think customer support was stellar. Highly recommended!,Positive
2822,The price proved to be great. Very satisfied.,Positive
2823,Customer support is truly fair. Serves its purpose.,Neutral
2824,I think the service feels great. Exceeded expectations.,Positive
2825,Customer support was amazing. Exceeded expectations.,Positive
2826,The design proved to be absolutely superb. I love it.,Positive
2827,I think this item proved to be brilliant. Exceeded expectations.,Positive
2828,The packaging looks brilliant. Very satisfied.,Positive
2829,I think the product was fantastic. Exceeded expectations.,Negative
2830,The design was totally awesome. Exceeded expectations.,Positive
2831,The price proved to be truly horrible. Very frustrated.,Negative
2832,I think the product feels bad. Very frustrated.,Negative
2833,I think the packaging feels perfect. Very satisfied.,Positive
2834,The quality seems terrible. Save your money.,Negative
2835,My experience seems poor. Save your money.,Negative
2836,My experience seems subpar. Do not buy.,Negative
2837,The design feels totally average. Serves its purpose.,Neutral
2838,The price proved to be completely standard. Might buy again.,Neutral
2839,I think the quality proved to be superb. Very satisfied.,Positive
2840,I think customer support feels bad. Will return it.,Negative
2841,I think the quality was dreadful. I hate it.,Negative
2842,"I think the packaging is okay. Not bad, not great.",Neutral
2843,This item was average. Might buy again.,Neutral
2844,I think the packaging seems normal. As expected.,Neutral
2845,The quality looks totally wonderful. Very satisfied.,Positive
2846,The design was fantastic. Will buy again.,Positive
2847,The product was superb. Highly recommended!,Positive
2848,The quality feels very amazing. Best purchase ever.,Positive
2849,My experience was amazing. Very satisfied.,Positive
2850,The product feels totally perfect. Will buy again.,Neutral
2851,This item seems really awesome. Highly recommended!,Positive
2852,I think the packaging seems okay. Might buy again.,Neutral
2853,My experience seems awesome. Exceeded expectations.,Positive
2854,This item proved to be extremely stellar. Highly recommended!,Positive
2855,I think the service proved to be regular. As expected.,Positive
2856,The service was mediocre. Might buy again.,Negative
2857,The price was absolutely useless. I hate it.,Negative
2858,I think the quality was average. Might buy again.,Neutral
2859,This item feels really awful. Will return it.,Negative
2860,Customer support seems extremely regular. Nothing special.,Neutral
2861,I think the packaging was subpar. I hate it.,Negative
2862,This item seems awful. Will return it.,Negative
2863,Delivery is extremely awful. Will return it.,Negative
2864,This item is very superb. Very satisfied.,Positive
2865,This item looks fine. It does the job.,Neutral
2866,I think the packaging is fair. It does the job.,Neutral
2867,Delivery proved to be totally disappointing. Very frustrated.,Negative
2868,Customer support feels quite excellent. Exceeded expectations.,Positive
2869,The service seems completely horrible. Total waste of money.,Negative
2870,The price looks truly normal. As expected.,Neutral
2871,The design feels very horrible. Will return it.,Negative
2872,I think the product feels typical. Might buy again.,Neutral
2873,I think the product seems acceptable. Serves its purpose.,Neutral
2874,I think customer support seems acceptable. It does the job.,Neutral
2875,This item is truly horrible. Do not buy.,Positive
2876,I think my experience proved to be perfect. Highly recommended!,Positive
2877,I think the packaging was awful. Do not buy.,Negative
2878,My experience is truly subpar. I hate it.,Negative
2879,The packaging is completely amazing. Will buy again.,Positive
2880,The price was excellent. Highly recommended!,Positive
2881,I think delivery was terrible. Total waste of money.,Negative
2882,Customer support looks bad. Very frustrated.,Negative
2883,I think the service proved to be standard. Nothing special.,Neutral
2884,"I think the product proved to be average. Not bad, not great.",Neutral
2885,I think delivery looks excellent. Very satisfied.,Positive
2886,Delivery proved to be somewhat superb. I love it.,Positive
2887,The design was disappointing. Total waste of money.,Negative
2888,I think delivery proved to be dreadful. Do not buy.,Negative
2889,"The product is truly regular. Not bad, not great.",Neutral
2890,I think the service seems disappointing. Do not buy.,Negative
2891,The price proved to be excellent. Will buy again.,Positive
2892,I think the quality is poor. Do not buy.,Negative
2893,Delivery was subpar. Save your money.,Negative
2894,I think customer support was poor. Very frustrated.,Negative
2895,The product is totally fair. Might buy again.,Neutral
2896,The design seems subpar. Save your money.,Positive
2897,I think delivery feels perfect. I love it.,Positive
2898,The packaging was awesome. Highly recommended!,Positive
2899,This item feels fairly excellent. Will buy again.,Positive
2900,This item is perfect. Will buy again.,Positive
2901,"I think the product is fair. Not bad, not great.",Neutral
2902,The product looks very subpar. I hate it.,Negative
2903,Delivery proved to be fairly bad. I hate it.,Negative
2904,My experience looks quite subpar. Do not buy.,Negative
2905,The design is subpar. I hate it.,Negative
2906,I think delivery was brilliant. I love it.,Positive
2907,The design feels amazing. Will buy again.,Positive
2908,I think the service feels bad. Very frustrated.,Negative
2909,I think the packaging feels perfect. Best purchase ever.,Positive
2910,This item seems awesome. Will buy again.,Positive
2911,The design was subpar. Will return it.,Negative
2912,The price looks amazing. I love it.,Positive
2913,Delivery feels absolutely wonderful. Highly recommended!,Positive
2914,Delivery is totally poor. Do not buy.,Negative
2915,I think this item was typical. As expected.,Neutral
2916,The product seems truly bad. I hate it.,Negative
2917,The product is stellar. Will buy again.,Positive
2918,The quality is awesome. Exceeded expectations.,Positive
2919,The design seems fairly fair. It does the job.,Neutral
2920,This item proved to be really terrible. Will return it.,Negative
2921,The service proved to be amazing. Will buy again.,Positive
2922,I think my experience feels great. I love it.,Positive
2923,The price was dreadful. Do not buy.,Negative
2924,I think the design proved to be terrible. Will return it.,Negative
2925,The service was truly perfect. Very satisfied.,Positive
2926,I think the packaging proved to be regular. Nothing special.,Neutral
2927,My experience feels fine. Serves its purpose.,Neutral
2928,The service is somewhat terrible. I hate it.,Negative
2929,I think this item proved to be fantastic. Highly recommended!,Positive
2930,I think delivery was perfect. Highly recommended!,Positive
2931,My experience proved to be brilliant. Highly recommended!,Positive
2932,I think the service was superb. Exceeded expectations.,Positive
2933,The design was somewhat superb. Exceeded expectations.,Positive
2934,I think my experience was useless. Save your money.,Negative
2935,The design looks bad. Do not buy.,Negative
2936,The quality was totally poor. I hate it.,Negative
2937,Delivery proved to be terrible. Very frustrated.,Negative
2938,The product seems somewhat wonderful. Best purchase ever.,Positive
2939,"I think the quality was acceptable. Not bad, not great.",Neutral
2940,Customer support seems completely excellent. Will buy again.,Positive
2941,Delivery seems extremely wonderful. I love it.,Positive
2942,The packaging is excellent. I love it.,Positive
2943,I think the service was great. Best purchase ever.,Positive
2944,The quality looks very poor. Total waste of money.,Neutral
2945,My experience is completely perfect. Very satisfied.,Positive
2946,I think the product was fair. Might buy again.,Neutral
2947,I think the product is okay. Might buy again.,Neutral
2948,I think the packaging is brilliant. Highly recommended!,Positive
2949,I think the quality was great. I love it.,Positive
2950,Customer support was brilliant. Highly recommended!,Positive
2951,The service seems great. Very satisfied.,Positive
2952,I think delivery feels excellent. Very satisfied.,Positive
2953,The service seems extremely disappointing. Very frustrated.,Negative
2954,Customer support was normal. Might buy again.,Neutral
2955,The service proved to be bad. I hate it.,Negative
2956,This item was somewhat wonderful. Highly recommended!,Positive
2957,I think the price looks superb. Will buy again.,Positive
2958,I think my experience was excellent. Exceeded expectations.,Positive
2959,The packaging seems somewhat standard. Nothing special.,Neutral
2960,The price feels awesome. I love it.,Positive
2961,The product was somewhat disappointing. Will return it.,Negative
2962,I think my experience seems awesome. Highly recommended!,Positive
2963,I think the product looks typical. It does the job.,Neutral
2964,The packaging was somewhat mediocre. It does the job.,Neutral
2965,I think the quality feels wonderful. I love it.,Positive
2966,The service feels poor. Will return it.,Negative
2967,Customer support feels worst. I hate it.,Negative
2968,Customer support is amazing. Very satisfied.,Positive
2969,My experience was worst. Will return it.,Negative
2970,The packaging seems bad. Will return it.,Negative
2971,I think the design is poor. I hate it.,Negative
2972,The price proved to be regular. As expected.,Neutral
2973,I think delivery looks fantastic. Exceeded expectations.,Positive
2974,I think the price was horrible. Will return it.,Negative
2975,I think this item is subpar. Total waste of money.,Negative
2976,The packaging looks dreadful. Will return it.,Positive
2977,This item is totally awful. Save your money.,Negative
2978,I think the packaging seems useless. Do not buy.,Negative
2979,I think the packaging proved to be terrible. I hate it.,Negative
2980,Delivery looks absolutely bad. Very frustrated.,Negative
2981,I think this item looks stellar. Very satisfied.,Positive
2982,The design looks very terrible. Do not buy.,Negative
2983,The product looks fair. Might buy again.,Neutral
2984,My experience was poor. Do not buy.,Negative
2985,I think customer support was useless. Save your money.,Negative
2986,This item was very horrible. I hate it.,Negative
2987,This item feels average. Nothing special.,Neutral
2988,I think the product looks bad. Save your money.,Negative
2989,Customer support seems useless. Do not buy.,Negative
2990,The packaging is horrible. Will return it.,Negative
2991,Customer support seems absolutely disappointing. Will return it.,Negative
2992,The design looks brilliant. Will buy again.,Positive
2993,The price was absolutely disappointing. Very frustrated.,Negative
2994,I think the price looks poor. Do not buy.,Negative
2995,I think the design proved to be amazing. I love it.,Positive
2996,I think the quality looks stellar. Highly recommended!,Positive
2997,The packaging is superb. I love it.,Positive
2998,This item is standard. As expected.,Neutral
2999,I think the design was awful. Will return it.,Negative
3000,I think the packaging looks okay. Nothing special.,Neutral
3001,"The quality proved to be quite mediocre. Not bad, not great.",Neutral
3002,I think the price is poor. Will return it.,Negative
3003,I think the product is amazing. Exceeded expectations.,Positive
3004,The service feels truly normal. Might buy again.,Neutral
3005,I think the packaging seems disappointing. Total waste of money.,Negative
3006,My experience seems brilliant. Will buy again.,Positive
3007,The design looks absolutely useless. I hate it.,Negative
3008,The service proved to be subpar. Save your money.,Negative
3009,I think customer support seems awesome. Will buy again.,Positive
3010,I think the quality seems horrible. I hate it.,Negative
3011,I think the product was wonderful. Will buy again.,Positive
3012,I think customer support seems terrible. Very frustrated.,Negative
3013,Delivery looks mediocre. It does the job.,Neutral
3014,Delivery looks quite wonderful. Best purchase ever.,Positive
3015,I think this item proved to be awful. Total waste of money.,Negative
3016,I think the price feels stellar. Will buy again.,Positive
3017,My experience is somewhat terrible. Do not buy.,Negative
3018,I think this item was average. Serves its purpose.,Neutral
3019,This item feels fairly brilliant. Best purchase ever.,Positive
3020,The price feels perfect. I love it.,Positive
3021,The design proved to be totally poor. Will return it.,Negative
3022,The service seems quite awful. Very frustrated.,Negative
3023,The design was poor. Do not buy.,Negative
3024,This item was somewhat disappointing. Save your money.,Negative
3025,The price feels totally brilliant. Highly recommended!,Positive
3026,I think the quality looks stellar. Will buy again.,Positive
3027,This item feels somewhat superb. I love it.,Positive
3028,I think the quality seems fine. Serves its purpose.,Neutral
3029,My experience proved to be really amazing. Exceeded expectations.,Neutral
3030,The quality looks perfect. Will buy again.,Positive
3031,The quality feels really acceptable. Nothing special.,Neutral
3032,This item was wonderful. Will buy again.,Positive
3033,I think the product feels poor. Save your money.,Negative
3034,The product feels fantastic. Exceeded expectations.,Positive
3035,The service seems extremely brilliant. Very satisfied.,Positive
3036,I think the product is superb. Exceeded expectations.,Positive
3037,The quality proved to be dreadful. I hate it.,Negative
3038,Customer support was dreadful. Very frustrated.,Negative
3039,The product was awful. Will return it.,Negative
3040,My experience feels disappointing. Will return it.,Neutral
3041,The packaging was poor. Will return it.,Negative
3042,I think delivery feels perfect. Best purchase ever.,Positive
3043,The design proved to be quite awful. Total waste of money.,Negative
3044,I think the service looks wonderful. Highly recommended!,Positive
3045,I think the quality seems amazing. Highly recommended!,Positive
3046,I think the product seems excellent. Highly recommended!,Positive
3047,Customer support feels completely useless. Total waste of money.,Negative
3048,The packaging feels typical. Might buy again.,Neutral
3049,I think the service is great. Will buy again.,Positive
3050,The service looks extremely fair. As expected.,Neutral
3051,"My experience proved to be okay. Not bad, not great.",Neutral
3052,Delivery feels acceptable. Serves its purpose.,Neutral
3053,I think the design was fine. Might buy again.,Neutral
3054,My experience proved to be okay. As expected.,Neutral
3055,I think the quality was wonderful. I love it.,Positive
3056,The product was amazing. Will buy again.,Positive
3057,I think the quality feels wonderful. Highly recommended!,Positive
3058,This item is totally worst. Will return it.,Negative
3059,The price was fine. It does the job.,Neutral
3060,The quality proved to be average. Might buy again.,Neutral
3061,The design was absolutely horrible. Will return it.,Negative
3062,Delivery is great. Exceeded expectations.,Positive
3063,I think this item was great. Will buy again.,Positive
3064,The service proved to be awesome. Exceeded expectations.,Positive
3065,I think the service feels subpar. I hate it.,Negative
3066,My experience looks completely amazing. Will buy again.,Positive
3067,The service is truly bad. Total waste of money.,Negative
3068,My experience seems somewhat superb. Will buy again.,Positive
3069,The packaging was totally acceptable. Nothing special.,Neutral
3070,My experience was absolutely mediocre. As expected.,Neutral
3071,The service feels fairly worst. Very frustrated.,Negative
3072,The price looks regular. Nothing special.,Neutral
3073,Delivery looks awful. Total waste of money.,Negative
3074,I think the packaging feels okay. Serves its purpose.,Neutral
3075,"I think the quality seems typical. Not bad, not great.",Negative
3076,The price feels quite brilliant. I love it.,Positive
3077,I think delivery seems worst. I hate it.,Negative
3078,The product proved to be awful. Will return it.,Negative
3079,The quality was very standard. Might buy again.,Neutral
3080,I think my experience looks poor. Save your money.,Negative
3081,The design proved to be extremely standard. Nothing special.,Neutral
3082,I think my experience was wonderful. Will buy again.,Positive
3083,Customer support was awful. I hate it.,Negative
3084,The quality is superb. Highly recommended!,Positive
3085,The packaging seems truly worst. Save your money.,Negative
3086,The product seems disappointing. Save your money.,Negative
3087,I think customer support is amazing. Will buy again.,Positive
3088,This item was wonderful. Best purchase ever.,Positive
3089,Delivery looks poor. Do not buy.,Negative
3090,Customer support seems fairly acceptable. Nothing special.,Neutral
3091,Delivery seems worst. Will return it.,Negative
3092,The quality feels dreadful. Do not buy.,Negative
3093,I think my experience was horrible. Save your money.,Negative
3094,Delivery feels very excellent. Exceeded expectations.,Positive
3095,The design proved to be subpar. Total waste of money.,Negative
3096,"I think the price looks typical. Not bad, not great.",Neutral
3097,I think the price feels bad. Save your money.,Negative
3098,I think the quality looks bad. I hate it.,Negative
3099,I think the quality seems disappointing. Total waste of money.,Negative
3100,The product seems somewhat subpar. Very frustrated.,Negative
3101,I think the design feels regular. It does the job.,Neutral
3102,I think the service was standard. Serves its purpose.,Neutral
3103,"I think my experience is fine. Not bad, not great.",Neutral
3104,The service proved to be great. Will buy again.,Positive
3105,My experience proved to be truly perfect. Very satisfied.,Positive
3106,Delivery was quite regular. As expected.,Neutral
3107,The packaging seems somewhat useless. Total waste of money.,Negative
3108,"Customer support seems normal. Not bad, not great.",Neutral
3109,I think the packaging is regular. Might buy again.,Neutral
3110,My experience looks fairly poor. Save your money.,Negative
3111,The packaging feels disappointing. Save your money.,Negative
3112,My experience was mediocre. Nothing special.,Neutral
3113,The design proved to be fairly typical. It does the job.,Neutral
3114,Delivery was superb. Will buy again.,Positive
3115,The packaging is quite worst. Do not buy.,Negative
3116,I think the price proved to be dreadful. Do not buy.,Negative
3117,I think my experience proved to be useless. Do not buy.,Negative
3118,The service feels extremely typical. Serves its purpose.,Neutral
3119,The service was awful. I hate it.,Negative
3120,My experience feels awful. Do not buy.,Neutral
3121,I think this item was horrible. I hate it.,Negative
3122,I think the price is amazing. Highly recommended!,Positive
3123,I think the packaging is terrible. Save your money.,Negative
3124,The service seems useless. Save your money.,Negative
3125,This item proved to be quite great. Highly recommended!,Positive
3126,Customer support looks disappointing. Do not buy.,Negative
3127,The price proved to be quite subpar. Will return it.,Negative
3128,My experience proved to be perfect. Very satisfied.,Positive
3129,Delivery seems fairly disappointing. Save your money.,Negative
3130,Delivery proved to be truly useless. Save your money.,Negative
3131,The design proved to be poor. Save your money.,Negative
3132,The quality looks superb. Very satisfied.,Positive
3133,The price feels absolutely great. Best purchase ever.,Positive
3134,I think the price feels poor. Very frustrated.,Negative
3135,I think my experience proved to be terrible. Save your money.,Negative
3136,"Delivery feels average. Not bad, not great.",Neutral
3137,The packaging looks wonderful. I love it.,Positive
3138,I think my experience feels bad. Very frustrated.,Negative
3139,I think customer support seems great. Very satisfied.,Positive
3140,Customer support seems fantastic. Best purchase ever.,Positive
3141,Delivery was fairly amazing. Best purchase ever.,Positive
3142,The packaging looks absolutely awesome. Exceeded expectations.,Positive
3143,I think the quality looks dreadful. I hate it.,Negative
3144,"The packaging seems absolutely regular. Not bad, not great.",Neutral
3145,Delivery seems extremely wonderful. Exceeded expectations.,Positive
3146,The design seems bad. Save your money.,Negative
3147,I think the price seems fantastic. Very satisfied.,Positive
3148,The product seems brilliant. Best purchase ever.,Positive
3149,I think delivery is stellar. Highly recommended!,Positive
3150,The quality seems completely amazing. Will buy again.,Positive
3151,The quality is somewhat amazing. Highly recommended!,Positive
3152,I think the packaging seems terrible. I hate it.,Negative
3153,"The product was absolutely normal. Not bad, not great.",Neutral
3154,Customer support looks truly bad. Do not buy.,Negative
3155,The design seems somewhat fantastic. Will buy again.,Positive
3156,This item is completely okay. It does the job.,Neutral
3157,My experience is really excellent. Highly recommended!,Positive
3158,My experience is totally horrible. Total waste of money.,Negative
3159,I think the service is wonderful. Exceeded expectations.,Positive
3160,The price proved to be completely worst. Total waste of money.,Negative
3161,"Delivery proved to be really fair. Not bad, not great.",Neutral
3162,Delivery looks extremely stellar. Highly recommended!,Positive
3163,The design seems fair. It does the job.,Negative
3164,Customer support feels quite bad. Save your money.,Negative
3165,My experience proved to be worst. I hate it.,Negative
3166,The price was completely great. I love it.,Positive
3167,This item is quite subpar. Do not buy.,Negative
3168,The price is superb. Exceeded expectations.,Negative
3169,The packaging proved to be completely amazing. Highly recommended!,Negative
3170,I think the service seems awesome. Exceeded expectations.,Positive
3171,Delivery feels terrible. Do not buy.,Negative
3172,I think this item seems regular. Serves its purpose.,Positive
3173,Delivery was wonderful. Highly recommended!,Positive
3174,I think customer support proved to be horrible. Will return it.,Negative
3175,The product seems fairly typical. Serves its purpose.,Neutral
3176,The quality looks fantastic. Exceeded expectations.,Positive
3177,This item is disappointing. Will return it.,Negative
3178,This item proved to be absolutely excellent. Exceeded expectations.,Positive
3179,The service seems poor. Very frustrated.,Negative
3180,The service feels excellent. Will buy again.,Positive
3181,I think the service is disappointing. Do not buy.,Negative
3182,The service was very subpar. Will return it.,Negative
3183,My experience was totally superb. I love it.,Positive
3184,The price proved to be fairly fine. Might buy again.,Neutral
3185,The product looks quite excellent. Will buy again.,Positive
3186,Delivery feels somewhat disappointing. Total waste of money.,Negative
3187,The product proved to be brilliant. Very satisfied.,Positive
3188,Customer support was extremely stellar. Exceeded expectations.,Neutral
3189,I think the service is mediocre. Might buy again.,Neutral
3190,I think customer support proved to be horrible. I hate it.,Negative
3191,The price is excellent. Will buy again.,Neutral
3192,Delivery looks average. Serves its purpose.,Neutral
3193,The quality is extremely typical. As expected.,Neutral
3194,The price is superb. Very satisfied.,Positive
3195,I think the product proved to be terrible. Do not buy.,Negative
3196,My experience feels somewhat perfect. Will buy again.,Positive
3197,I think my experience seems useless. Do not buy.,Negative
3198,I think delivery was typical. It does the job.,Neutral
3199,I think customer support feels bad. Total waste of money.,Negative
3200,I think customer support looks acceptable. It does the job.,Neutral
3201,I think this item proved to be terrible. I hate it.,Negative
3202,Delivery looks typical. As expected.,Neutral
3203,I think the quality looks amazing. Will buy again.,Positive
3204,My experience is completely stellar. Highly recommended!,Positive
3205,This item looks poor. Total waste of money.,Negative
3206,The service proved to be truly superb. Very satisfied.,Positive
3207,I think the product looks brilliant. Highly recommended!,Positive
3208,My experience is very wonderful. Highly recommended!,Positive
3209,I think customer support feels disappointing. Save your money.,Positive
3210,Customer support proved to be fantastic. Best purchase ever.,Positive
3211,I think the product looks acceptable. As expected.,Neutral
3212,Customer support looks truly awful. Do not buy.,Negative
3213,The design is quite great. Will buy again.,Neutral
3214,This item feels completely normal. Serves its purpose.,Neutral
3215,The design is extremely regular. Might buy again.,Neutral
3216,The quality seems extremely fine. It does the job.,Neutral
3217,The price was totally great. Highly recommended!,Positive
3218,I think the price feels terrible. Very frustrated.,Negative
3219,The packaging feels completely awesome. Will buy again.,Positive
3220,The packaging feels extremely wonderful. Highly recommended!,Positive
3221,The design feels poor. Total waste of money.,Negative
3222,I think delivery seems awful. Will return it.,Negative
3223,Customer support looks completely superb. I love it.,Positive
3224,My experience is okay. Serves its purpose.,Neutral
3225,The packaging is standard. Might buy again.,Positive
3226,The design was dreadful. Very frustrated.,Negative
3227,My experience is completely wonderful. Will buy again.,Positive
3228,My experience was subpar. Will return it.,Negative
3229,I think the quality proved to be typical. Serves its purpose.,Neutral
3230,I think customer support was fair. It does the job.,Neutral
3231,I think the design seems poor. Very frustrated.,Negative
3232,The product feels really useless. I hate it.,Negative
3233,The product was dreadful. Will return it.,Negative
3234,I think the product feels dreadful. Save your money.,Negative
3235,The service was totally terrible. I hate it.,Negative
3236,My experience proved to be excellent. Will buy again.,Positive
3237,My experience feels wonderful. Will buy again.,Positive
3238,I think the packaging seems subpar. Total waste of money.,Neutral
3239,I think the product was wonderful. Very satisfied.,Positive
3240,The design feels somewhat awful. Will return it.,Negative
3241,"The quality proved to be completely fine. Not bad, not great.",Neutral
3242,The price was somewhat fantastic. Very satisfied.,Positive
3243,The product proved to be dreadful. Total waste of money.,Negative
3244,I think the service feels fantastic. I love it.,Neutral
3245,The quality seems dreadful. Do not buy.,Negative
3246,The quality seems excellent. Highly recommended!,Positive
3247,The packaging was brilliant. Highly recommended!,Positive
3248,The packaging is brilliant. I love it.,Positive
3249,The price seems acceptable. It does the job.,Neutral
3250,The product proved to be normal. Nothing special.,Neutral
3251,The quality is stellar. I love it.,Positive
3252,This item feels great. Very satisfied.,Positive
3253,I think this item was perfect. Highly recommended!,Positive
3254,I think my experience seems fair. Might buy again.,Positive
3255,The packaging seems awesome. Highly recommended!,Positive
3256,I think my experience proved to be average. Nothing special.,Neutral
3257,I think this item looks awful. Will return it.,Negative
3258,The service seems regular. It does the job.,Neutral
3259,The price feels very brilliant. I love it.,Positive
3260,The quality looks fine. Nothing special.,Neutral
3261,The packaging proved to be somewhat fine. Serves its purpose.,Neutral
3262,Delivery is poor. Do not buy.,Negative
3263,The quality feels awesome. Highly recommended!,Positive
3264,Customer support proved to be really perfect. Will buy again.,Positive
3265,The packaging seems truly stellar. Best purchase ever.,Positive
3266,The packaging seems horrible. Total waste of money.,Negative
3267,The packaging seems great. Exceeded expectations.,Positive
3268,Customer support was quite perfect. I love it.,Negative
3269,The design seems awesome. Exceeded expectations.,Positive
3270,This item looks horrible. I hate it.,Negative
3271,The packaging is mediocre. As expected.,Neutral
3272,This item was totally horrible. Save your money.,Negative
3273,This item proved to be stellar. Will buy again.,Positive
3274,The service seems quite wonderful. Very satisfied.,Positive
3275,The service was bad. Will return it.,Negative
3276,The service proved to be disappointing. Save your money.,Negative
3277,Customer support looks standard. As expected.,Neutral
3278,My experience looks truly regular. Might buy again.,Neutral
3279,The price seems dreadful. Total waste of money.,Negative
3280,The service proved to be completely terrible. Total waste of money.,Negative
3281,Customer support looks fair. Might buy again.,Neutral
3282,I think the price proved to be average. As expected.,Negative
3283,The price seems somewhat perfect. Exceeded expectations.,Positive
3284,I think this item is brilliant. Very satisfied.,Positive
3285,The service proved to be extremely poor. I hate it.,Negative
3286,The product looks extremely fine. Might buy again.,Neutral
3287,The design was completely worst. Save your money.,Negative
3288,I think the quality was perfect. Best purchase ever.,Positive
3289,Customer support is extremely horrible. Will return it.,Negative
3290,Delivery was subpar. Do not buy.,Negative
3291,The price feels perfect. Exceeded expectations.,Positive
3292,The product was truly horrible. Total waste of money.,Negative
3293,The product seems fairly poor. Save your money.,Negative
3294,The product is useless. Do not buy.,Negative
3295,I think this item looks wonderful. Will buy again.,Positive
3296,I think the design looks excellent. Highly recommended!,Positive
3297,I think this item looks horrible. I hate it.,Negative
3298,This item proved to be awful. Will return it.,Negative
3299,The product feels extremely awesome. Will buy again.,Positive
3300,I think the design seems poor. Total waste of money.,Negative
3301,I think the packaging feels regular. As expected.,Neutral
3302,The product is really bad. Do not buy.,Negative
3303,The service is really useless. I hate it.,Negative
3304,The price is fantastic. Will buy again.,Positive
3305,I think the service proved to be great. Highly recommended!,Positive
3306,I think delivery proved to be useless. Total waste of money.,Positive
3307,The packaging is quite typical. Serves its purpose.,Neutral
3308,The price feels somewhat standard. Serves its purpose.,Neutral
3309,The quality is fairly dreadful. I hate it.,Negative
3310,I think delivery was wonderful. Best purchase ever.,Positive
3311,I think this item was typical. As expected.,Neutral
3312,The price is completely acceptable. It does the job.,Neutral
3313,"The product was truly acceptable. Not bad, not great.",Neutral
3314,The product proved to be truly subpar. Total waste of money.,Negative
3315,The packaging is completely bad. Total waste of money.,Negative
3316,The price looks quite awesome. Highly recommended!,Positive
3317,The product proved to be totally perfect. Highly recommended!,Positive
3318,The quality was okay. Serves its purpose.,Neutral
3319,The service was worst. Total waste of money.,Negative
3320,"The service seems absolutely okay. Not bad, not great.",Neutral
3321,The price is absolutely excellent. Very satisfied.,Positive
3322,The design proved to be extremely useless. Very frustrated.,Negative
3323,Customer support was stellar. Very satisfied.,Positive
3324,I think the service feels disappointing. I hate it.,Negative
3325,The design proved to be somewhat fair. Serves its purpose.,Neutral
3326,The design looks standard. Nothing special.,Neutral
3327,The packaging was quite great. Very satisfied.,Positive
3328,I think the price proved to be poor. I hate it.,Negative
3329,The product feels quite useless. Do not buy.,Negative
3330,My experience was okay. Nothing special.,Neutral
3331,The product seems absolutely acceptable. As expected.,Neutral
3332,Customer support feels useless. Do not buy.,Negative
3333,Delivery looks totally subpar. Save your money.,Negative
3334,I think customer support is stellar. I love it.,Positive
3335,I think the product looks useless. Will return it.,Negative
3336,The packaging was disappointing. Total waste of money.,Negative
3337,I think this item proved to be fantastic. Very satisfied.,Positive
3338,The design seems typical. As expected.,Neutral
3339,The quality proved to be absolutely disappointing. Very frustrated.,Negative
3340,I think my experience is brilliant. Highly recommended!,Positive
3341,The quality was really awful. Save your money.,Negative
3342,The design is subpar. Total waste of money.,Negative
3343,I think the packaging is terrible. Very frustrated.,Negative
3344,I think customer support proved to be worst. I hate it.,Negative
3345,I think this item seems useless. Save your money.,Negative
3346,I think the price proved to be average. It does the job.,Neutral
3347,The design looks absolutely superb. Highly recommended!,Positive
3348,The design feels average. Might buy again.,Neutral
3349,"This item proved to be standard. Not bad, not great.",Neutral
3350,The quality seems really superb. Highly recommended!,Positive
3351,This item was absolutely terrible. Do not buy.,Negative
3352,I think delivery seems excellent. Highly recommended!,Positive
3353,I think customer support feels fair. Might buy again.,Neutral
3354,The price feels totally useless. Very frustrated.,Negative
3355,I think my experience is fair. It does the job.,Neutral
3356,Customer support was truly wonderful. Best purchase ever.,Positive
3357,My experience was excellent. Exceeded expectations.,Positive
3358,I think the service is superb. Exceeded expectations.,Positive
3359,I think the packaging was horrible. Do not buy.,Negative
3360,Customer support is average. Might buy again.,Neutral
3361,The service proved to be extremely fantastic. Will buy again.,Positive
3362,The service looks horrible. Do not buy.,Negative
3363,The quality looks extremely awesome. Highly recommended!,Positive
3364,I think the packaging seems horrible. Save your money.,Negative
3365,Delivery feels quite great. Best purchase ever.,Positive
3366,The packaging seems very standard. It does the job.,Positive
3367,I think the packaging was useless. I hate it.,Negative
3368,I think the price feels stellar. Highly recommended!,Positive
3369,The quality seems standard. Nothing special.,Neutral
3370,Delivery proved to be dreadful. Very frustrated.,Negative
3371,My experience seems fairly wonderful. Will buy again.,Positive
3372,I think the service is brilliant. I love it.,Positive
3373,Customer support proved to be really worst. I hate it.,Neutral
3374,The service looks extremely awesome. Will buy again.,Positive
3375,I think the service seems okay. It does the job.,Neutral
3376,I think the design seems awful. Total waste of money.,Positive
3377,Delivery looks quite terrible. Will return it.,Negative
3378,I think the price is stellar. Very satisfied.,Positive
3379,I think the service proved to be useless. Will return it.,Negative
3380,Customer support seems stellar. I love it.,Positive
3381,The price was subpar. Do not buy.,Negative
3382,The service proved to be extremely great. Highly recommended!,Positive
3383,My experience seems quite disappointing. I hate it.,Positive
3384,Customer support proved to be quite horrible. I hate it.,Negative
3385,I think customer support feels disappointing. Total waste of money.,Negative
3386,I think the quality seems terrible. Very frustrated.,Negative
3387,The packaging was quite useless. I hate it.,Negative
3388,"The design proved to be fine. Not bad, not great.",Neutral
3389,The product proved to be subpar. Very frustrated.,Negative
3390,Delivery looks poor. Total waste of money.,Negative
3391,Delivery proved to be great. Best purchase ever.,Positive
3392,I think this item is subpar. Save your money.,Negative
3393,The packaging is excellent. Exceeded expectations.,Positive
3394,My experience feels absolutely terrible. Will return it.,Negative
3395,The price seems fairly amazing. Will buy again.,Positive
3396,The price proved to be disappointing. I hate it.,Negative
3397,Delivery looks average. Might buy again.,Neutral
3398,I think the price was excellent. Exceeded expectations.,Positive
3399,Customer support was very regular. Serves its purpose.,Neutral
3400,Delivery was subpar. Save your money.,Negative
3401,The packaging proved to be completely awful. Will return it.,Negative
3402,The packaging was subpar. Do not buy.,Negative
3403,The design proved to be quite disappointing. I hate it.,Positive
3404,This item feels superb. Exceeded expectations.,Positive
3405,Customer support is bad. Will return it.,Negative
3406,I think the quality proved to be horrible. Will return it.,Negative
3407,The quality seems completely wonderful. Exceeded expectations.,Positive
3408,The service seems somewhat brilliant. I love it.,Positive
3409,I think my experience is awful. Total waste of money.,Negative
3410,I think the price feels average. Might buy again.,Neutral
3411,The price is truly perfect. Best purchase ever.,Positive
3412,The design feels extremely poor. Very frustrated.,Negative
3413,Delivery feels amazing. I love it.,Positive
3414,The product feels very useless. Will return it.,Negative
3415,I think delivery looks worst. Save your money.,Negative
3416,The service feels absolutely awful. Total waste of money.,Negative
3417,The quality feels great. I love it.,Positive
3418,I think this item feels awful. Do not buy.,Negative
3419,Delivery looks useless. Do not buy.,Negative
3420,I think the price seems superb. I love it.,Positive
3421,This item looks brilliant. Very satisfied.,Positive
3422,The quality was average. It does the job.,Neutral
3423,I think this item looks subpar. Will return it.,Negative
3424,The product feels perfect. I love it.,Positive
3425,I think the quality looks brilliant. Very satisfied.,Positive
3426,I think customer support feels perfect. I love it.,Positive
3427,Delivery is great. I love it.,Positive
3428,The product looks useless. Will return it.,Negative
3429,The design looks typical. Serves its purpose.,Neutral
3430,The packaging looks poor. Save your money.,Negative
3431,I think the product looks superb. Will buy again.,Positive
3432,I think the design seems worst. Total waste of money.,Negative
3433,I think customer support looks excellent. Will buy again.,Positive
3434,I think this item looks awesome. I love it.,Positive
3435,The service seems somewhat typical. Nothing special.,Neutral
3436,I think the price proved to be worst. Do not buy.,Positive
3437,The packaging was truly worst. Do not buy.,Negative
3438,The packaging feels perfect. Exceeded expectations.,Positive
3439,The design looks somewhat stellar. Will buy again.,Positive
3440,The quality is really poor. Do not buy.,Negative
3441,Delivery proved to be completely dreadful. Save your money.,Negative
3442,The price was fairly awesome. Best purchase ever.,Positive
3443,I think the packaging looks okay. Nothing special.,Neutral
3444,I think the design looks perfect. Exceeded expectations.,Positive
3445,The packaging was extremely disappointing. Very frustrated.,Negative
3446,The product seems absolutely useless. Save your money.,Negative
3447,I think the product feels bad. Very frustrated.,Negative
3448,The packaging seems truly perfect. Will buy again.,Positive
3449,My experience proved to be poor. Will return it.,Negative
3450,The service seems worst. Will return it.,Negative
3451,"My experience was really fair. Not bad, not great.",Neutral
3452,The packaging looks superb. Will buy again.,Positive
3453,I think the design looks terrible. Total waste of money.,Negative
3454,I think customer support feels brilliant. Highly recommended!,Positive
3455,I think the packaging proved to be amazing. I love it.,Positive
3456,The quality looks completely superb. Highly recommended!,Positive
3457,I think the product looks wonderful. Exceeded expectations.,Positive
3458,This item was bad. Save your money.,Negative
3459,My experience was somewhat excellent. Best purchase ever.,Positive
3460,I think the service was poor. I hate it.,Negative
3461,I think delivery proved to be disappointing. Very frustrated.,Negative
3462,I think the design looks superb. Exceeded expectations.,Positive
3463,The design proved to be brilliant. I love it.,Positive
3464,Delivery looks absolutely wonderful. Highly recommended!,Positive
3465,The service proved to be extremely terrible. Total waste of money.,Negative
3466,The product is typical. As expected.,Neutral
3467,"I think the packaging looks average. Not bad, not great.",Neutral
3468,Customer support feels somewhat fantastic. Will buy again.,Positive
3469,The packaging proved to be terrible. Very frustrated.,Negative
3470,The product is absolutely useless. Total waste of money.,Negative
3471,I think the product proved to be acceptable. It does the job.,Neutral
3472,Customer support was stellar. Will buy again.,Positive
3473,The price looks truly worst. Do not buy.,Positive
3474,The service seems very awesome. Exceeded expectations.,Positive
3475,The packaging feels regular. As expected.,Neutral
3476,I think the packaging is stellar. Best purchase ever.,Positive
3477,I think the packaging proved to be superb. I love it.,Positive
3478,"I think my experience feels regular. Not bad, not great.",Neutral
3479,"The quality proved to be fairly normal. Not bad, not great.",Neutral
3480,I think the price was stellar. Exceeded expectations.,Positive
3481,The quality looks very horrible. Save your money.,Negative
3482,I think this item looks wonderful. Very satisfied.,Positive
3483,The packaging was truly acceptable. As expected.,Neutral
3484,Delivery proved to be terrible. Very frustrated.,Negative
3485,Delivery is truly superb. I love it.,Positive
3486,This item was really superb. Exceeded expectations.,Positive
3487,I think the design is mediocre. Nothing special.,Neutral
3488,The price feels very bad. Very frustrated.,Negative
3489,I think my experience is bad. Save your money.,Negative
3490,The price is quite awesome. Very satisfied.,Positive
3491,The quality proved to be perfect. Will buy again.,Positive
3492,The product proved to be extremely okay. Nothing special.,Neutral
3493,I think the design proved to be fantastic. I love it.,Positive
3494,The design looks completely okay. Serves its purpose.,Neutral
3495,The product feels great. Will buy again.,Positive
3496,The design is totally subpar. I hate it.,Negative
3497,I think customer support seems fair. As expected.,Neutral
3498,The packaging proved to be awesome. Very satisfied.,Positive
3499,The service feels terrible. Will return it.,Negative
3500,"I think the product is okay. Not bad, not great.",Neutral
3501,This item is perfect. I love it.,Positive
3502,I think the packaging proved to be dreadful. Very frustrated.,Negative
3503,The service looks somewhat brilliant. Best purchase ever.,Positive
3504,I think customer support feels awful. Do not buy.,Negative
3505,I think the packaging seems fair. As expected.,Neutral
3506,The product proved to be extremely useless. Very frustrated.,Positive
3507,I think the design seems stellar. Exceeded expectations.,Positive
3508,The price feels really awful. Very frustrated.,Positive
3509,I think the design looks amazing. Very satisfied.,Positive
3510,Customer support proved to be totally stellar. Exceeded expectations.,Positive
3511,"I think the packaging proved to be typical. Not bad, not great.",Neutral
3512,The quality looks somewhat poor. Total waste of money.,Negative
3513,Delivery looks excellent. Best purchase ever.,Positive
3514,The design feels really worst. Save your money.,Negative
3515,The packaging looks quite terrible. Will return it.,Negative
3516,Customer support proved to be somewhat poor. Will return it.,Negative
3517,I think customer support was awful. Save your money.,Negative
3518,I think the packaging seems amazing. Highly recommended!,Positive
3519,This item was perfect. Will buy again.,Positive
3520,The price feels awesome. I love it.,Positive
3521,The packaging proved to be perfect. Highly recommended!,Positive
3522,The design was perfect. Highly recommended!,Positive
3523,The packaging seems completely stellar. Best purchase ever.,Negative
3524,I think the service is great. Very satisfied.,Negative
3525,My experience is brilliant. Highly recommended!,Positive
3526,My experience was brilliant. Will buy again.,Positive
3527,The design is fairly okay. Nothing special.,Neutral
3528,Delivery seems quite awful. Total waste of money.,Negative
3529,The packaging looks somewhat wonderful. Highly recommended!,Positive
3530,The packaging feels average. Serves its purpose.,Neutral
3531,Customer support seems extremely great. I love it.,Positive
3532,I think the service looks horrible. Total waste of money.,Negative
3533,The design seems truly bad. I hate it.,Negative
3534,The quality proved to be dreadful. Save your money.,Negative
3535,I think this item is fantastic. Exceeded expectations.,Positive
3536,The packaging seems totally worst. I hate it.,Negative
3537,My experience seems bad. I hate it.,Negative
3538,This item feels totally amazing. I love it.,Neutral
3539,"The quality was acceptable. Not bad, not great.",Neutral
3540,Delivery seems fairly horrible. Very frustrated.,Negative
3541,I think the price proved to be dreadful. Do not buy.,Negative
3542,I think the product looks stellar. Very satisfied.,Positive
3543,I think the design seems bad. Do not buy.,Negative
3544,I think the price feels worst. Will return it.,Negative
3545,I think customer support seems mediocre. Might buy again.,Neutral
3546,Customer support is useless. Do not buy.,Negative
3547,I think the service feels amazing. Best purchase ever.,Positive
3548,I think delivery was amazing. Highly recommended!,Positive
3549,The design is standard. Serves its purpose.,Neutral
3550,The product was totally amazing. Best purchase ever.,Positive
3551,The design is useless. Save your money.,Negative
3552,The product looks worst. Will return it.,Negative
3553,The packaging looks poor. Save your money.,Negative
3554,The service was very stellar. Best purchase ever.,Positive
3555,The quality seems wonderful. Will buy again.,Positive
3556,The quality proved to be somewhat worst. Save your money.,Negative
3557,The design is average. It does the job.,Neutral
3558,Delivery proved to be extremely disappointing. Save your money.,Neutral
3559,The product is very subpar. Very frustrated.,Negative
3560,This item proved to be normal. Might buy again.,Neutral
3561,I think the service seems wonderful. Exceeded expectations.,Positive
3562,Delivery is quite excellent. Best purchase ever.,Positive
3563,Delivery looks amazing. I love it.,Positive
3564,I think this item proved to be bad. Total waste of money.,Negative
3565,The product seems disappointing. Save your money.,Negative
3566,I think this item was poor. Will return it.,Negative
3567,The service seems wonderful. Exceeded expectations.,Positive
3568,The service feels fine. As expected.,Positive
3569,The design looks absolutely acceptable. Serves its purpose.,Neutral
3570,The service proved to be absolutely subpar. I hate it.,Negative
3571,The price was great. Highly recommended!,Positive
3572,The packaging is somewhat terrible. Save your money.,Negative
3573,The service proved to be quite standard. Serves its purpose.,Neutral
3574,My experience is very perfect. Will buy again.,Positive
3575,My experience proved to be wonderful. Best purchase ever.,Positive
3576,This item feels acceptable. Might buy again.,Neutral
3577,The product was wonderful. I love it.,Positive
3578,The service proved to be totally useless. Save your money.,Negative
3579,I think the service feels superb. Highly recommended!,Positive
3580,I think the packaging proved to be amazing. Best purchase ever.,Positive
3581,The quality feels quite stellar. Exceeded expectations.,Positive
3582,The packaging feels useless. Will return it.,Negative
3583,The product was useless. Total waste of money.,Negative
3584,This item looks totally brilliant. Best purchase ever.,Positive
3585,I think the product is stellar. Will buy again.,Positive
3586,I think the product seems fantastic. I love it.,Positive
3587,The packaging looks dreadful. Do not buy.,Negative
3588,I think the packaging is awesome. Highly recommended!,Positive
3589,The packaging seems fine. Nothing special.,Neutral
3590,The design proved to be truly wonderful. Highly recommended!,Positive
3591,The design was fairly brilliant. Highly recommended!,Negative
3592,I think my experience looks excellent. Exceeded expectations.,Positive
3593,I think the service feels terrible. Save your money.,Negative
3594,I think the design seems subpar. Very frustrated.,Negative
3595,The price feels totally superb. Best purchase ever.,Positive
3596,This item seems disappointing. Do not buy.,Negative
3597,My experience is excellent. Highly recommended!,Positive
3598,I think the product looks subpar. Save your money.,Negative
3599,"The design is mediocre. Not bad, not great.",Neutral
3600,The product feels very excellent. Best purchase ever.,Positive
3601,I think the price seems awesome. Exceeded expectations.,Positive
3602,The design proved to be subpar. I hate it.,Negative
3603,The quality is somewhat awful. Total waste of money.,Negative
3604,I think the product feels stellar. Will buy again.,Positive
3605,This item proved to be horrible. Do not buy.,Negative
3606,This item feels great. Exceeded expectations.,Positive
3607,The product feels extremely fair. Serves its purpose.,Neutral
3608,Delivery looks amazing. Exceeded expectations.,Positive
3609,The design was disappointing. Total waste of money.,Negative
3610,The packaging feels completely wonderful. I love it.,Positive
3611,I think the service was dreadful. Will return it.,Negative
3612,I think the design looks disappointing. I hate it.,Negative
3613,Customer support looks very stellar. Very satisfied.,Positive
3614,The packaging was terrible. Very frustrated.,Negative
3615,I think this item was disappointing. I hate it.,Negative
3616,Delivery looks disappointing. Do not buy.,Negative
3617,Customer support looks totally disappointing. Very frustrated.,Negative
3618,Customer support seems dreadful. Do not buy.,Negative
3619,Customer support is dreadful. Total waste of money.,Negative
3620,I think my experience looks excellent. Will buy again.,Positive
3621,The design is mediocre. As expected.,Neutral
3622,The service seems extremely dreadful. Save your money.,Negative
3623,The packaging proved to be fairly excellent. Highly recommended!,Positive
3624,I think the design is terrible. Do not buy.,Negative
3625,I think delivery feels great. I love it.,Positive
3626,The quality looks very amazing. Very satisfied.,Positive
3627,The design was somewhat useless. Will return it.,Negative
3628,The quality feels disappointing. Very frustrated.,Negative
3629,My experience is normal. As expected.,Negative
3630,"The product looks truly regular. Not bad, not great.",Neutral
3631,The design looks wonderful. I love it.,Positive
3632,I think the design is acceptable. Nothing special.,Neutral
3633,I think the product seems average. As expected.,Neutral
3634,This item seems somewhat great. Will buy again.,Positive
3635,My experience seems fairly poor. Total waste of money.,Negative
3636,The design proved to be somewhat dreadful. Total waste of money.,Negative
3637,I think the product seems horrible. Total waste of money.,Negative
3638,The service is poor. Total waste of money.,Negative
3639,I think the price proved to be useless. Do not buy.,Negative
3640,My experience was fairly amazing. Very satisfied.,Positive
3641,My experience feels superb. Highly recommended!,Positive
3642,I think the product proved to be disappointing. Very frustrated.,Negative
3643,The packaging looks somewhat awful. I hate it.,Negative
3644,My experience proved to be dreadful. Very frustrated.,Negative
3645,The design seems absolutely disappointing. Do not buy.,Negative
3646,Customer support looks awful. Will return it.,Negative
3647,The price feels subpar. I hate it.,Negative
3648,I think delivery feels wonderful. I love it.,Positive
3649,My experience was very perfect. Highly recommended!,Positive
3650,The design proved to be superb. Will buy again.,Positive
3651,Delivery was stellar. Very satisfied.,Positive
3652,I think the service proved to be wonderful. Will buy again.,Positive
3653,My experience is really amazing. Best purchase ever.,Positive
3654,I think customer support was acceptable. As expected.,Neutral
3655,The packaging proved to be absolutely mediocre. It does the job.,Neutral
3656,I think the packaging proved to be disappointing. Very frustrated.,Negative
3657,The packaging proved to be extremely brilliant. Best purchase ever.,Positive
3658,The packaging proved to be truly useless. I hate it.,Negative
3659,The quality feels subpar. I hate it.,Positive
3660,I think the design feels awesome. Highly recommended!,Positive
3661,The quality was typical. Might buy again.,Neutral
3662,I think the design proved to be superb. Very satisfied.,Positive
3663,I think the service feels perfect. Highly recommended!,Positive
3664,I think the quality is subpar. Save your money.,Negative
3665,I think the price is amazing. Exceeded expectations.,Positive
3666,I think the quality is typical. Nothing special.,Neutral
3667,This item feels truly horrible. I hate it.,Negative
3668,The price proved to be completely disappointing. Do not buy.,Negative
3669,Delivery proved to be absolutely stellar. I love it.,Positive
3670,This item is bad. Do not buy.,Negative
3671,I think customer support is fair. Serves its purpose.,Neutral
3672,Customer support looks terrible. Very frustrated.,Negative
3673,I think this item was normal. Serves its purpose.,Neutral
3674,The price proved to be fairly okay. Nothing special.,Neutral
3675,The product seems absolutely brilliant. I love it.,Positive
3676,My experience seems fine. Nothing special.,Neutral
3677,I think the price seems stellar. Very satisfied.,Positive
3678,The product is poor. Very frustrated.,Negative
3679,I think the product is stellar. Will buy again.,Positive
3680,The packaging is regular. Might buy again.,Neutral
3681,I think my experience seems awesome. Exceeded expectations.,Positive
3682,My experience is bad. Do not buy.,Negative
3683,My experience seems horrible. Do not buy.,Negative
3684,The packaging is completely amazing. Best purchase ever.,Positive
3685,The price feels totally perfect. Very satisfied.,Positive
3686,The product proved to be wonderful. Very satisfied.,Positive
3687,This item seems horrible. Save your money.,Negative
3688,The price feels totally perfect. Exceeded expectations.,Positive
3689,This item was totally standard. Serves its purpose.,Neutral
3690,Delivery was quite worst. Will return it.,Negative
3691,I think my experience proved to be amazing. Will buy again.,Positive
3692,I think this item feels awesome. Highly recommended!,Positive
3693,Customer support feels excellent. Very satisfied.,Positive
3694,The quality looks fairly terrible. I hate it.,Negative
3695,I think the quality is fine. It does the job.,Neutral
3696,The service looks mediocre. Nothing special.,Neutral
3697,I think the quality seems perfect. Will buy again.,Positive
3698,The packaging is standard. Might buy again.,Neutral
3699,This item seems absolutely great. Highly recommended!,Positive
3700,The quality proved to be subpar. Very frustrated.,Negative
3701,The design seems fantastic. Best purchase ever.,Positive
3702,The quality seems typical. Might buy again.,Neutral
3703,The design feels totally poor. Do not buy.,Negative
3704,I think customer support is excellent. Exceeded expectations.,Positive
3705,I think the product was amazing. Highly recommended!,Positive
3706,The packaging looks fairly amazing. Highly recommended!,Positive
3707,Customer support seems fantastic. I love it.,Positive
3708,The price is awesome. Best purchase ever.,Positive
3709,This item feels great. I love it.,Positive
3710,The design was fantastic. Best purchase ever.,Positive
3711,I think my experience is useless. Do not buy.,Negative
3712,I think the product seems awful. Do not buy.,Negative
3713,I think the product seems awful. Save your money.,Negative
3714,Customer support looks absolutely horrible. Do not buy.,Negative
3715,I think my experience proved to be useless. Do not buy.,Negative
3716,I think delivery looks awesome. Very satisfied.,Positive
3717,I think the packaging is fantastic. I love it.,Positive
3718,I think customer support is great. Exceeded expectations.,Positive
3719,Customer support looks dreadful. Do not buy.,Negative
3720,This item feels totally great. I love it.,Positive
3721,I think this item feels stellar. Best purchase ever.,Positive
3722,I think customer support is average. Nothing special.,Neutral
3723,I think the packaging was superb. Best purchase ever.,Positive
3724,I think the price feels acceptable. It does the job.,Neutral
3725,The service looks fairly okay. It does the job.,Positive
3726,The packaging feels disappointing. Save your money.,Negative
3727,The service feels quite great. I love it.,Positive
3728,The design seems awful. Very frustrated.,Negative
3729,The quality seems absolutely excellent. Will buy again.,Positive
3730,I think customer support was awesome. Very satisfied.,Positive
3731,The design feels amazing. Highly recommended!,Positive
3732,I think the service looks average. Nothing special.,Neutral
3733,Delivery proved to be absolutely poor. Very frustrated.,Negative
3734,The design looks awful. I hate it.,Negative
3735,I think the price seems subpar. Save your money.,Negative
3736,The design was dreadful. Save your money.,Negative
3737,Delivery was fantastic. I love it.,Positive
3738,The service feels completely worst. I hate it.,Negative
3739,The packaging seems awesome. I love it.,Positive
3740,The quality feels really dreadful. Save your money.,Negative
3741,"The packaging seems really acceptable. Not bad, not great.",Neutral
3742,The packaging is wonderful. Highly recommended!,Positive
3743,My experience was quite awful. Will return it.,Negative
3744,Customer support was totally awful. Total waste of money.,Negative
3745,Delivery looks quite stellar. I love it.,Positive
3746,"Delivery seems really acceptable. Not bad, not great.",Neutral
3747,I think the product looks disappointing. Save your money.,Negative
3748,I think the service seems awesome. Best purchase ever.,Positive
3749,Customer support seems extremely fine. As expected.,Neutral
3750,The quality was extremely excellent. I love it.,Positive
3751,This item feels absolutely fantastic. Very satisfied.,Positive
3752,My experience looks truly disappointing. Will return it.,Negative
3753,I think the price seems awful. Very frustrated.,Negative
3754,I think the design seems awful. Save your money.,Positive
3755,Customer support feels quite poor. I hate it.,Negative
3756,I think the design proved to be amazing. Best purchase ever.,Positive
3757,I think customer support proved to be acceptable. Nothing special.,Neutral
3758,Delivery proved to be extremely disappointing. Do not buy.,Negative
3759,I think the packaging seems wonderful. Very satisfied.,Positive
3760,I think the price was amazing. Will buy again.,Positive
3761,This item looks quite normal. It does the job.,Neutral
3762,I think customer support was perfect. Exceeded expectations.,Positive
3763,The design looks poor. Save your money.,Negative
3764,I think this item looks worst. Will return it.,Negative
3765,This item was awesome. Will buy again.,Positive
3766,The product was excellent. Highly recommended!,Positive
3767,Customer support was wonderful. Will buy again.,Positive
3768,I think this item proved to be disappointing. Save your money.,Negative
3769,I think the design seems perfect. Best purchase ever.,Positive
3770,I think this item was amazing. Exceeded expectations.,Positive
3771,I think the price proved to be awful. Very frustrated.,Negative
3772,My experience is dreadful. Will return it.,Negative
3773,The price looks mediocre. Might buy again.,Neutral
3774,I think the price seems fantastic. I love it.,Positive
3775,This item proved to be typical. It does the job.,Neutral
3776,Customer support was superb. I love it.,Positive
3777,The product looks really awful. Very frustrated.,Negative
3778,I think the packaging is excellent. I love it.,Positive
3779,I think the service feels regular. As expected.,Neutral
3780,I think the design is fantastic. Highly recommended!,Positive
3781,I think the price looks dreadful. Will return it.,Negative
3782,I think the design looks dreadful. Save your money.,Negative
3783,I think my experience is brilliant. I love it.,Positive
3784,Delivery proved to be mediocre. Nothing special.,Neutral
3785,The product was horrible. Save your money.,Negative
3786,I think the price is disappointing. I hate it.,Negative
3787,The quality was fairly poor. Total waste of money.,Negative
3788,"My experience proved to be somewhat mediocre. Not bad, not great.",Neutral
3789,I think customer support feels okay. Serves its purpose.,Neutral
3790,This item proved to be awful. Save your money.,Negative
3791,I think the packaging was amazing. Best purchase ever.,Positive
3792,I think this item seems worst. Save your money.,Negative
3793,I think the product looks subpar. I hate it.,Negative
3794,My experience seems truly poor. I hate it.,Positive
3795,The service proved to be really fair. Might buy again.,Neutral
3796,Customer support proved to be horrible. Save your money.,Positive
3797,The design is disappointing. Do not buy.,Negative
3798,My experience is disappointing. Will return it.,Negative
3799,Delivery is somewhat poor. Total waste of money.,Negative
3800,I think delivery is okay. Might buy again.,Neutral
3801,I think the packaging looks perfect. Very satisfied.,Positive
3802,I think customer support proved to be excellent. Exceeded expectations.,Positive
3803,The service is absolutely stellar. I love it.,Positive
3804,I think my experience feels fair. As expected.,Neutral
3805,The packaging was somewhat useless. Do not buy.,Negative
3806,The quality feels fairly dreadful. Do not buy.,Negative
3807,This item is quite dreadful. I hate it.,Negative
3808,Customer support proved to be really brilliant. Best purchase ever.,Positive
3809,I think the product proved to be average. Serves its purpose.,Neutral
3810,My experience proved to be very fair. Might buy again.,Neutral
3811,The packaging looks terrible. Do not buy.,Negative
3812,I think the price feels worst. Do not buy.,Negative
3813,My experience seems somewhat fantastic. I love it.,Positive
3814,Delivery proved to be completely stellar. Will buy again.,Positive
3815,I think the price looks awful. Will return it.,Negative
3816,The product is extremely regular. It does the job.,Positive
3817,I think the quality is brilliant. I love it.,Neutral
3818,The price proved to be totally terrible. Do not buy.,Negative
3819,I think the service seems bad. Will return it.,Negative
3820,Delivery proved to be really brilliant. Exceeded expectations.,Positive
3821,I think my experience is worst. Do not buy.,Negative
3822,I think the product looks disappointing. Total waste of money.,Negative
3823,I think the product proved to be awesome. Highly recommended!,Positive
3824,The design is horrible. Save your money.,Negative
3825,The design is somewhat brilliant. Best purchase ever.,Positive
3826,The packaging feels absolutely poor. Do not buy.,Negative
3827,I think my experience proved to be awful. Do not buy.,Negative
3828,My experience feels absolutely stellar. I love it.,Positive
3829,The design seems superb. Exceeded expectations.,Positive
3830,I think the service proved to be poor. Very frustrated.,Negative
3831,The product is quite acceptable. As expected.,Neutral
3832,My experience is extremely poor. Very frustrated.,Negative
3833,The design is useless. Total waste of money.,Negative
3834,I think the quality was worst. Very frustrated.,Negative
3835,I think customer support proved to be awful. Do not buy.,Negative
3836,The design proved to be awful. Total waste of money.,Negative
3837,The service was dreadful. Very frustrated.,Negative
3838,I think the quality was terrible. Total waste of money.,Negative
3839,I think the quality proved to be fine. As expected.,Neutral
3840,My experience looks truly typical. As expected.,Neutral
3841,The quality is truly normal. As expected.,Neutral
3842,The price was really superb. Will buy again.,Positive
3843,Delivery is absolutely perfect. Very satisfied.,Positive
3844,The quality seems perfect. Highly recommended!,Positive
3845,The price feels quite subpar. Very frustrated.,Negative
3846,I think the service is fair. Nothing special.,Neutral
3847,I think my experience proved to be stellar. Will buy again.,Positive
3848,I think this item is brilliant. I love it.,Positive
3849,I think the price feels disappointing. Do not buy.,Negative
3850,The price looks awful. Save your money.,Negative
3851,My experience seems absolutely brilliant. Highly recommended!,Positive
3852,The design feels useless. Will return it.,Negative
3853,The packaging is extremely regular. As expected.,Neutral
3854,Customer support was extremely great. Highly recommended!,Positive
3855,The quality seems superb. Very satisfied.,Positive
3856,I think this item seems worst. Do not buy.,Negative
3857,This item was amazing. Exceeded expectations.,Positive
3858,I think delivery seems brilliant. Very satisfied.,Positive
3859,My experience seems poor. Do not buy.,Negative
3860,I think the service seems fine. Nothing special.,Neutral
3861,The service was terrible. I hate it.,Negative
3862,The packaging is brilliant. I love it.,Positive
3863,This item is completely dreadful. I hate it.,Negative
3864,I think customer support feels awful. Will return it.,Negative
3865,The product proved to be worst. Very frustrated.,Negative
3866,The service seems fairly brilliant. I love it.,Positive
3867,I think customer support was superb. Best purchase ever.,Positive
3868,The product is standard. Serves its purpose.,Neutral
3869,The price proved to be average. It does the job.,Neutral
3870,The design was stellar. Will buy again.,Positive
3871,The service looks fairly awesome. Highly recommended!,Positive
3872,The product looks absolutely wonderful. Will buy again.,Positive
3873,The price looks fine. As expected.,Neutral
3874,My experience was dreadful. Do not buy.,Negative
3875,This item was very perfect. I love it.,Positive
3876,Customer support seems very fair. Nothing special.,Neutral
3877,I think the price feels fantastic. Very satisfied.,Positive
3878,The packaging looks somewhat useless. Very frustrated.,Negative
3879,This item was very brilliant. Will buy again.,Positive
3880,The service feels totally great. Will buy again.,Positive
3881,The service looks truly worst. Very frustrated.,Negative
3882,"I think customer support was typical. Not bad, not great.",Neutral
3883,The design looks stellar. Highly recommended!,Positive
3884,I think the product is wonderful. Very satisfied.,Positive
3885,Customer support proved to be fairly regular. Might buy again.,Neutral
3886,Customer support seems truly subpar. Do not buy.,Negative
3887,Delivery seems truly useless. Do not buy.,Negative
3888,I think the product was poor. Save your money.,Positive
3889,The service feels truly useless. Do not buy.,Neutral
3890,Delivery proved to be wonderful. Very satisfied.,Positive
3891,I think the packaging seems fair. It does the job.,Neutral
3892,Customer support looks completely brilliant. Exceeded expectations.,Positive
3893,I think this item seems fine. As expected.,Neutral
3894,My experience looks really dreadful. I hate it.,Positive
3895,This item looks very stellar. Highly recommended!,Positive
3896,I think the packaging is subpar. Total waste of money.,Neutral
3897,I think the price is excellent. Will buy again.,Positive
3898,The design looks useless. Do not buy.,Negative
3899,This item feels extremely disappointing. Total waste of money.,Negative
3900,I think the service proved to be superb. Highly recommended!,Positive
3901,Delivery seems extremely useless. I hate it.,Negative
3902,This item looks very horrible. Save your money.,Negative
3903,The design proved to be really worst. Very frustrated.,Negative
3904,"Delivery was extremely mediocre. Not bad, not great.",Neutral
3905,I think the service seems amazing. Will buy again.,Positive
3906,I think the price is fantastic. Will buy again.,Positive
3907,I think delivery feels useless. I hate it.,Negative
3908,I think the design is awesome. Best purchase ever.,Negative
3909,The service is fantastic. Very satisfied.,Positive
3910,My experience was totally horrible. Very frustrated.,Negative
3911,I think the product is great. I love it.,Positive
3912,"I think the service is okay. Not bad, not great.",Neutral
3913,Customer support was totally horrible. Save your money.,Negative
3914,The quality is fair. It does the job.,Neutral
3915,I think my experience seems awful. I hate it.,Negative
3916,Customer support is useless. Do not buy.,Negative
3917,My experience seems completely terrible. Very frustrated.,Negative
3918,The service is typical. As expected.,Neutral
3919,The price feels really brilliant. Will buy again.,Positive
3920,The product looks okay. Might buy again.,Neutral
3921,I think the service looks okay. Might buy again.,Neutral
3922,I think my experience seems bad. Will return it.,Negative
3923,The product is acceptable. Might buy again.,Neutral
3924,The packaging proved to be superb. Will buy again.,Positive
3925,The design looks absolutely brilliant. Best purchase ever.,Positive
3926,I think delivery looks brilliant. Best purchase ever.,Positive
3927,The quality feels really mediocre. Serves its purpose.,Neutral
3928,I think the price feels disappointing. I hate it.,Negative
3929,Customer support proved to be really standard. Nothing special.,Neutral
3930,My experience proved to be bad. Do not buy.,Positive
3931,The product seems wonderful. Highly recommended!,Positive
3932,I think the quality seems awesome. I love it.,Positive
3933,I think my experience feels okay. As expected.,Neutral
3934,The quality proved to be extremely poor. Save your money.,Negative
3935,I think the design seems fantastic. Will buy again.,Positive
3936,I think the packaging proved to be awesome. Will buy again.,Positive
3937,I think customer support looks regular. Nothing special.,Neutral
3938,The service feels perfect. Best purchase ever.,Positive
3939,The quality feels absolutely subpar. Will return it.,Negative
3940,"I think customer support was standard. Not bad, not great.",Neutral
3941,Customer support is somewhat brilliant. I love it.,Positive
3942,Delivery proved to be extremely superb. Will buy again.,Negative
3943,The packaging feels extremely perfect. Highly recommended!,Positive
3944,Delivery is quite fantastic. Very satisfied.,Positive
3945,Delivery proved to be extremely bad. Very frustrated.,Negative
3946,The packaging seems very excellent. Will buy again.,Positive
3947,Customer support is horrible. I hate it.,Negative
3948,The quality proved to be useless. Total waste of money.,Negative
3949,The service feels standard. Might buy again.,Neutral
3950,I think the packaging seems bad. I hate it.,Negative
3951,"Delivery feels extremely regular. Not bad, not great.",Neutral
3952,I think the price proved to be dreadful. I hate it.,Negative
3953,The design looks fairly standard. It does the job.,Neutral
3954,I think customer support is dreadful. Total waste of money.,Negative
3955,Delivery feels extremely fair. Serves its purpose.,Neutral
3956,Customer support proved to be brilliant. Will buy again.,Positive
3957,The product is wonderful. Exceeded expectations.,Positive
3958,I think my experience was stellar. Very satisfied.,Positive
3959,The price is totally superb. Best purchase ever.,Positive
3960,I think the quality seems worst. Total waste of money.,Negative
3961,I think customer support proved to be fair. Nothing special.,Negative
3962,Customer support proved to be excellent. Exceeded expectations.,Positive
3963,I think the price looks perfect. Very satisfied.,Positive
3964,The service is absolutely subpar. Total waste of money.,Negative
3965,I think the quality seems terrible. I hate it.,Negative
3966,The price seems quite awesome. I love it.,Positive
3967,Delivery looks somewhat stellar. Best purchase ever.,Positive
3968,Customer support looks truly dreadful. I hate it.,Positive
3969,This item feels extremely awful. Very frustrated.,Positive
3970,I think the price looks wonderful. Highly recommended!,Positive
3971,The quality seems awful. I hate it.,Negative
3972,The quality proved to be fairly disappointing. Save your money.,Negative
3973,The service was totally worst. I hate it.,Negative
3974,Customer support was really horrible. Will return it.,Negative
3975,The price looks bad. Very frustrated.,Negative
3976,My experience looks typical. Nothing special.,Neutral
3977,My experience looks poor. Total waste of money.,Negative
3978,The design was poor. Total waste of money.,Negative
3979,I think this item was terrible. Do not buy.,Negative
3980,Delivery looks wonderful. I love it.,Positive
3981,I think delivery feels regular. Might buy again.,Neutral
3982,The product seems absolutely dreadful. I hate it.,Negative
3983,"The product proved to be absolutely average. Not bad, not great.",Neutral
3984,I think the price was worst. Will return it.,Negative
3985,My experience seems bad. Will return it.,Negative
3986,Delivery is truly worst. Save your money.,Neutral
3987,The price proved to be quite mediocre. Serves its purpose.,Neutral
3988,I think my experience was wonderful. Exceeded expectations.,Positive
3989,I think the packaging is amazing. Highly recommended!,Positive
3990,The design looks horrible. Save your money.,Negative
3991,The price seems excellent. Exceeded expectations.,Positive
3992,Customer support proved to be completely brilliant. Best purchase ever.,Positive
3993,The quality seems awesome. Exceeded expectations.,Positive
3994,The price is absolutely terrible. Very frustrated.,Negative
3995,This item is poor. Very frustrated.,Negative
3996,The product was great. Exceeded expectations.,Positive
3997,"The price looks normal. Not bad, not great.",Neutral
3998,I think my experience looks regular. As expected.,Neutral
3999,The price seems mediocre. Might buy again.,Positive
4000,I think delivery proved to be excellent. I love it.,Positive
4001,The packaging proved to be absolutely great. Will buy again.,Positive
4002,The price proved to be extremely disappointing. Total waste of money.,Negative
4003,I think the price looks dreadful. I hate it.,Neutral
4004,The product proved to be regular. As expected.,Neutral
4005,I think the design looks disappointing. Do not buy.,Negative
4006,The quality is wonderful. I love it.,Positive
4007,I think the design feels fine. It does the job.,Neutral
4008,The service proved to be truly brilliant. Best purchase ever.,Positive
4009,The packaging feels completely typical. Serves its purpose.,Neutral
4010,The packaging looks truly okay. As expected.,Neutral
4011,My experience looks perfect. Highly recommended!,Neutral
4012,"The quality looks standard. Not bad, not great.",Neutral
4013,The design looks fairly wonderful. Will buy again.,Positive
4014,I think delivery is okay. Nothing special.,Negative
4015,The product is absolutely awful. Will return it.,Negative
4016,I think the price was awesome. Best purchase ever.,Positive
4017,This item was stellar. Best purchase ever.,Positive
4018,The design feels somewhat worst. Do not buy.,Negative
4019,Delivery feels very wonderful. Best purchase ever.,Positive
4020,I think delivery looks superb. Very satisfied.,Positive
4021,I think the service looks subpar. Save your money.,Negative
4022,The design looks very okay. Serves its purpose.,Neutral
4023,"I think the quality was fair. Not bad, not great.",Neutral
4024,I think the service seems horrible. I hate it.,Neutral
4025,The price proved to be dreadful. Will return it.,Negative
4026,This item feels bad. Will return it.,Neutral
4027,I think delivery is fantastic. I love it.,Positive
4028,The packaging seems stellar. Will buy again.,Positive
4029,The price was somewhat useless. Very frustrated.,Negative
4030,The product looks quite superb. Best purchase ever.,Positive
4031,The price was totally fine. Serves its purpose.,Neutral
4032,Delivery feels bad. I hate it.,Negative
4033,Customer support proved to be excellent. Best purchase ever.,Positive
4034,I think the product proved to be worst. Will return it.,Negative
4035,The quality is really worst. Very frustrated.,Negative
4036,I think the packaging seems fantastic. I love it.,Positive
4037,"I think the quality feels typical. Not bad, not great.",Neutral
4038,The price feels terrible. I hate it.,Negative
4039,I think the price seems okay. Nothing special.,Neutral
4040,Delivery looks completely wonderful. Very satisfied.,Positive
4041,The service seems brilliant. Exceeded expectations.,Positive
4042,Delivery is really dreadful. Total waste of money.,Negative
4043,Customer support feels completely disappointing. Save your money.,Negative
4044,I think the service feels acceptable. As expected.,Neutral
4045,Delivery proved to be regular. Nothing special.,Neutral
4046,Delivery looks standard. Nothing special.,Neutral
4047,I think this item proved to be awesome. Highly recommended!,Positive
4048,The packaging seems awesome. Best purchase ever.,Positive
4049,The packaging was truly disappointing. Will return it.,Negative
4050,I think customer support seems disappointing. Will return it.,Negative
4051,The packaging was extremely fine. It does the job.,Neutral
4052,The packaging looks totally great. Will buy again.,Positive
4053,I think the service seems standard. Serves its purpose.,Neutral
4054,"The design feels average. Not bad, not great.",Neutral
4055,The packaging proved to be awful. I hate it.,Neutral
4056,I think the quality feels perfect. Exceeded expectations.,Positive
4057,"I think the packaging looks normal. Not bad, not great.",Neutral
4058,I think the service proved to be useless. Do not buy.,Negative
4059,Customer support looks truly superb. Will buy again.,Negative
4060,My experience was truly average. Serves its purpose.,Neutral
4061,The service was totally amazing. Best purchase ever.,Positive
4062,My experience is great. Will buy again.,Positive
4063,The service was poor. Save your money.,Negative
4064,This item looks very perfect. Will buy again.,Positive
4065,I think the service seems amazing. I love it.,Positive
4066,The product was absolutely dreadful. I hate it.,Negative
4067,"I think this item seems average. Not bad, not great.",Neutral
4068,I think the product feels bad. Will return it.,Negative
4069,I think the price was dreadful. Do not buy.,Negative
4070,I think this item seems standard. It does the job.,Neutral
4071,The packaging seems average. Might buy again.,Neutral
4072,My experience looks somewhat superb. Exceeded expectations.,Positive
4073,I think the price feels brilliant. Best purchase ever.,Positive
4074,I think customer support is great. I love it.,Positive
4075,I think the quality is superb. Very satisfied.,Positive
4076,I think delivery looks perfect. Best purchase ever.,Positive
4077,I think the packaging feels superb. Exceeded expectations.,Positive
4078,"I think the service feels standard. Not bad, not great.",Neutral
4079,Delivery is absolutely superb. I love it.,Positive
4080,The quality feels completely fair. It does the job.,Neutral
4081,I think the quality looks horrible. Save your money.,Negative
4082,I think this item was terrible. Total waste of money.,Negative
4083,The product proved to be truly awesome. Will buy again.,Positive
4084,The quality proved to be useless. Very frustrated.,Negative
4085,The service feels subpar. Total waste of money.,Negative
4086,The service seems really poor. I hate it.,Negative
4087,The service seems completely awesome. Best purchase ever.,Positive
4088,The product is totally terrible. Do not buy.,Negative
4089,The quality proved to be fine. Might buy again.,Neutral
4090,The product looks excellent. Will buy again.,Positive
4091,The design was regular. Nothing special.,Neutral
4092,I think the product looks disappointing. Will return it.,Negative
4093,The product seems quite wonderful. Highly recommended!,Positive
4094,The price was disappointing. Very frustrated.,Negative
4095,I think delivery was okay. Might buy again.,Neutral
4096,I think the quality was excellent. I love it.,Positive
4097,My experience proved to be absolutely excellent. Highly recommended!,Positive
4098,The service feels fantastic. Highly recommended!,Positive
4099,The design proved to be excellent. Very satisfied.,Positive
4100,The quality seems extremely awesome. Exceeded expectations.,Positive
4101,I think the product proved to be subpar. Do not buy.,Negative
4102,The service looks fairly horrible. Do not buy.,Negative
4103,The price is very bad. Very frustrated.,Negative
4104,The service was somewhat dreadful. Do not buy.,Negative
4105,The service was worst. Very frustrated.,Negative
4106,Customer support feels quite amazing. Highly recommended!,Positive
4107,The design is acceptable. As expected.,Neutral
4108,My experience is awesome. Exceeded expectations.,Positive
4109,The design proved to be very awesome. Best purchase ever.,Positive
4110,I think the quality feels brilliant. I love it.,Positive
4111,Customer support looks very useless. Save your money.,Negative
4112,I think my experience feels worst. Will return it.,Negative
4113,"The design was extremely average. Not bad, not great.",Neutral
4114,I think the design seems acceptable. As expected.,Neutral
4115,The product looks absolutely wonderful. Will buy again.,Positive
4116,The service looks totally poor. I hate it.,Negative
4117,I think delivery is perfect. Will buy again.,Positive
4118,The service was subpar. Do not buy.,Neutral
4119,I think customer support was perfect. Best purchase ever.,Positive
4120,The design seems totally superb. Best purchase ever.,Positive
4121,The price looks useless. Will return it.,Negative
4122,The packaging is stellar. Very satisfied.,Positive
4123,I think delivery is fantastic. Very satisfied.,Positive
4124,The product feels completely awful. Save your money.,Negative
4125,The quality seems absolutely brilliant. Highly recommended!,Positive
4126,I think the quality is perfect. Exceeded expectations.,Positive
4127,Customer support proved to be very bad. Save your money.,Negative
4128,I think the service looks amazing. Will buy again.,Positive
4129,I think the price looks awful. Total waste of money.,Negative
4130,I think the product proved to be bad. Very frustrated.,Positive
4131,I think delivery seems dreadful. Save your money.,Negative
4132,I think this item was useless. Total waste of money.,Negative
4133,Customer support feels superb. I love it.,Positive
4134,Customer support seems brilliant. I love it.,Positive
4135,I think this item seems perfect. Exceeded expectations.,Positive
4136,The design feels really brilliant. Will buy again.,Positive
4137,Customer support seems poor. Do not buy.,Negative
4138,Delivery feels somewhat great. Will buy again.,Positive
4139,This item feels wonderful. Best purchase ever.,Positive
4140,I think the service looks useless. Total waste of money.,Negative
4141,I think the price feels standard. Might buy again.,Neutral
4142,"The service feels completely fine. Not bad, not great.",Neutral
4143,Delivery was completely brilliant. I love it.,Positive
4144,The design proved to be somewhat awful. I hate it.,Negative
4145,I think the price is superb. Exceeded expectations.,Positive
4146,The quality was terrible. Save your money.,Negative
4147,The quality is perfect. Exceeded expectations.,Positive
4148,This item seems completely bad. Save your money.,Negative
4149,The quality looks terrible. Do not buy.,Negative
4150,I think my experience is worst. Will return it.,Negative
4151,The quality proved to be totally wonderful. Best purchase ever.,Positive
4152,I think the price seems mediocre. Might buy again.,Neutral
4153,I think the quality is awesome. Exceeded expectations.,Positive
4154,The design is okay. Might buy again.,Neutral
4155,I think the service was disappointing. Do not buy.,Negative
4156,I think the packaging looks horrible. Very frustrated.,Negative
4157,The product was truly awful. I hate it.,Negative
4158,The product was awful. Do not buy.,Negative
4159,The price looks very bad. Save your money.,Negative
4160,I think the service feels amazing. Highly recommended!,Positive
4161,I think the design looks useless. Very frustrated.,Negative
4162,The quality is absolutely subpar. Do not buy.,Negative
4163,The quality feels truly stellar. Best purchase ever.,Positive
4164,I think the product looks worst. Very frustrated.,Negative
4165,This item proved to be horrible. I hate it.,Negative
4166,Delivery looks worst. I hate it.,Neutral
4167,Customer support looks truly disappointing. Very frustrated.,Negative
4168,Customer support was truly awesome. Highly recommended!,Positive
4169,This item was great. Best purchase ever.,Positive
4170,The design proved to be awesome. Highly recommended!,Positive
4171,The product proved to be mediocre. Might buy again.,Neutral
4172,Customer support is amazing. Highly recommended!,Positive
4173,The design was totally awesome. Very satisfied.,Positive
4174,The quality was excellent. Very satisfied.,Negative
4175,I think the price is bad. Save your money.,Negative
4176,I think my experience seems superb. I love it.,Positive
4177,The product looks excellent. Highly recommended!,Positive
4178,The packaging seems quite awful. I hate it.,Positive
4179,The quality seems awesome. Will buy again.,Negative
4180,The price looks stellar. Exceeded expectations.,Positive
4181,I think customer support looks horrible. Total waste of money.,Negative
4182,The price proved to be fairly fair. Might buy again.,Negative
4183,The price is subpar. Total waste of money.,Negative
4184,Customer support is really mediocre. Nothing special.,Neutral
4185,My experience was quite subpar. Total waste of money.,Positive
4186,The price was stellar. Best purchase ever.,Positive
4187,Customer support feels totally amazing. Exceeded expectations.,Positive
4188,Customer support is completely horrible. I hate it.,Negative
4189,The product was completely bad. Save your money.,Negative
4190,I think the packaging proved to be fair. It does the job.,Neutral
4191,This item looks bad. Do not buy.,Negative
4192,The quality looks extremely perfect. Exceeded expectations.,Positive
4193,The packaging feels acceptable. As expected.,Neutral
4194,The product proved to be totally fantastic. Will buy again.,Positive
4195,The packaging was normal. Nothing special.,Neutral
4196,Delivery looks great. Exceeded expectations.,Positive
4197,Customer support is quite awesome. Best purchase ever.,Positive
4198,The product proved to be worst. Save your money.,Negative
4199,The price proved to be somewhat fantastic. Very satisfied.,Positive
4200,I think this item looks fantastic. Best purchase ever.,Positive
4201,Customer support feels completely awesome. Highly recommended!,Positive
4202,Customer support is totally worst. Do not buy.,Negative
4203,I think the price seems mediocre. It does the job.,Neutral
4204,The service looks stellar. Exceeded expectations.,Positive
4205,"I think the product is acceptable. Not bad, not great.",Neutral
4206,The packaging was extremely fantastic. Highly recommended!,Positive
4207,I think customer support was subpar. Very frustrated.,Negative
4208,I think my experience was wonderful. Highly recommended!,Positive
4209,The design feels poor. Total waste of money.,Negative
4210,The packaging seems totally awful. Save your money.,Negative
4211,This item looks extremely dreadful. Total waste of money.,Negative
4212,Customer support feels brilliant. I love it.,Negative
4213,This item was horrible. Will return it.,Negative
4214,The price was disappointing. Total waste of money.,Negative
4215,This item was somewhat superb. Exceeded expectations.,Positive
4216,My experience looks fairly disappointing. Do not buy.,Negative
4217,The quality seems very wonderful. Exceeded expectations.,Positive
4218,The packaging feels okay. Might buy again.,Neutral
4219,I think the price was normal. Might buy again.,Neutral
4220,My experience was poor. Save your money.,Negative
4221,The price looks fair. Nothing special.,Neutral
4222,I think the service feels worst. Save your money.,Negative
4223,I think this item seems bad. Total waste of money.,Negative
4224,The design seems standard. Might buy again.,Neutral
4225,Delivery looks worst. Very frustrated.,Negative
4226,The design was extremely poor. Very frustrated.,Negative
4227,I think the product seems normal. Nothing special.,Neutral
4228,The quality is truly regular. It does the job.,Neutral
4229,The price looks awful. Do not buy.,Negative
4230,I think delivery feels subpar. Save your money.,Negative
4231,Delivery is wonderful. Will buy again.,Positive
4232,The product seems dreadful. Will return it.,Negative
4233,The price is poor. Do not buy.,Negative
4234,I think this item was horrible. Save your money.,Negative
4235,I think the service looks horrible. Do not buy.,Negative
4236,The design proved to be awesome. Will buy again.,Positive
4237,I think customer support is perfect. Very satisfied.,Positive
4238,The quality seems somewhat stellar. Best purchase ever.,Positive
4239,I think delivery was dreadful. Will return it.,Negative
4240,The design proved to be awful. Total waste of money.,Negative
4241,The product feels fantastic. Exceeded expectations.,Positive
4242,Customer support looks really brilliant. Exceeded expectations.,Negative
4243,The quality seems extremely excellent. Highly recommended!,Positive
4244,I think the packaging proved to be awesome. Very satisfied.,Positive
4245,"My experience proved to be quite fine. Not bad, not great.",Neutral
4246,Delivery was disappointing. Total waste of money.,Negative
4247,Delivery proved to be awesome. Exceeded expectations.,Positive
4248,I think customer support feels disappointing. Total waste of money.,Negative
4249,I think the price proved to be subpar. Save your money.,Negative
4250,Customer support is fairly useless. Save your money.,Negative
4251,Customer support proved to be bad. Save your money.,Negative
4252,Customer support was somewhat okay. It does the job.,Neutral
4253,I think the design looks fantastic. Will buy again.,Positive
4254,The design is very fantastic. I love it.,Positive
4255,This item seems truly subpar. I hate it.,Negative
4256,I think the product is wonderful. Best purchase ever.,Positive
4257,The product proved to be somewhat perfect. Will buy again.,Positive
4258,I think the price is awesome. Best purchase ever.,Positive
4259,"The quality looks truly average. Not bad, not great.",Neutral
4260,I think this item is fantastic. I love it.,Positive
4261,Delivery proved to be totally horrible. Do not buy.,Negative
4262,This item is fantastic. Exceeded expectations.,Positive
4263,Customer support was completely standard. Nothing special.,Neutral
4264,The packaging is perfect. Will buy again.,Positive
4265,The quality looks absolutely amazing. Best purchase ever.,Positive
4266,The design looks somewhat fine. Serves its purpose.,Neutral
4267,Customer support seems fine. It does the job.,Neutral
4268,I think the quality seems great. Will buy again.,Positive
4269,I think the packaging looks worst. Save your money.,Negative
4270,The product looks excellent. Very satisfied.,Positive
4271,The quality looks really superb. Best purchase ever.,Positive
4272,The price looks fantastic. Highly recommended!,Positive
4273,The price looks totally wonderful. I love it.,Positive
4274,"I think the packaging seems typical. Not bad, not great.",Neutral
4275,I think the design is awesome. Exceeded expectations.,Positive
4276,My experience looks quite stellar. Very satisfied.,Positive
4277,My experience feels fairly stellar. I love it.,Positive
4278,The product feels very disappointing. Do not buy.,Negative
4279,I think delivery feels wonderful. Highly recommended!,Positive
4280,I think the product feels wonderful. Exceeded expectations.,Positive
4281,I think my experience seems stellar. I love it.,Positive
4282,Customer support proved to be completely dreadful. Do not buy.,Negative
4283,The product seems amazing. Very satisfied.,Positive
4284,Customer support looks completely acceptable. As expected.,Neutral
4285,Customer support looks somewhat subpar. Very frustrated.,Negative
4286,My experience is perfect. Will buy again.,Positive
4287,"This item was fine. Not bad, not great.",Neutral
4288,Customer support proved to be bad. Very frustrated.,Negative
4289,I think the price is fair. Might buy again.,Neutral
4290,Delivery seems truly horrible. Total waste of money.,Negative
4291,The service seems dreadful. Total waste of money.,Negative
4292,I think the price feels worst. Very frustrated.,Negative
4293,The price seems truly awesome. I love it.,Neutral
4294,The price is typical. As expected.,Neutral
4295,I think delivery was dreadful. Do not buy.,Negative
4296,Delivery is amazing. Best purchase ever.,Positive
4297,This item was awful. Very frustrated.,Positive
4298,The service seems subpar. Very frustrated.,Negative
4299,The design proved to be extremely awesome. Will buy again.,Positive
4300,I think the design was terrible. Very frustrated.,Negative
4301,This item is brilliant. Very satisfied.,Positive
4302,The product feels totally poor. Total waste of money.,Negative
4303,"The packaging seems fine. Not bad, not great.",Negative
4304,I think the product proved to be awful. Do not buy.,Negative
4305,"The product proved to be completely normal. Not bad, not great.",Neutral
4306,I think the price is horrible. Save your money.,Negative
4307,The price is really fair. Might buy again.,Neutral
4308,I think the price seems dreadful. Very frustrated.,Negative
4309,The design proved to be standard. It does the job.,Neutral
4310,The price seems absolutely useless. I hate it.,Negative
4311,My experience is poor. Very frustrated.,Negative
4312,The price proved to be very wonderful. Will buy again.,Positive
4313,I think the quality seems disappointing. I hate it.,Negative
4314,I think the packaging is poor. Will return it.,Negative
4315,I think the design was brilliant. Highly recommended!,Positive
4316,This item proved to be dreadful. Total waste of money.,Negative
4317,I think delivery proved to be excellent. Highly recommended!,Positive
4318,The product looks wonderful. Very satisfied.,Positive
4319,The service feels fairly subpar. Will return it.,Negative
4320,The price was fair. Might buy again.,Neutral
4321,The price looks bad. Save your money.,Negative
4322,The packaging was poor. Very frustrated.,Negative
4323,The product proved to be quite stellar. Very satisfied.,Positive
4324,I think the service looks horrible. Will return it.,Negative
4325,Customer support proved to be horrible. Total waste of money.,Negative
4326,I think the design is normal. It does the job.,Neutral
4327,Delivery was really awesome. Best purchase ever.,Positive
4328,My experience feels fairly wonderful. I love it.,Positive
4329,I think the service was awesome. Very satisfied.,Positive
4330,The design was somewhat awful. Do not buy.,Negative
4331,This item was bad. Do not buy.,Negative
4332,I think this item feels fair. It does the job.,Neutral
4333,I think my experience seems awful. I hate it.,Negative
4334,The packaging was really regular. As expected.,Neutral
4335,The service feels truly disappointing. I hate it.,Negative
4336,I think the service seems stellar. Highly recommended!,Positive
4337,The design proved to be poor. Very frustrated.,Negative
4338,My experience seems acceptable. As expected.,Neutral
4339,I think the price is terrible. Will return it.,Negative
4340,I think the design is mediocre. Nothing special.,Neutral
4341,I think my experience looks average. Might buy again.,Neutral
4342,Delivery is really wonderful. Will buy again.,Positive
4343,I think customer support was poor. Do not buy.,Negative
4344,The price is very subpar. Will return it.,Negative
4345,I think the design looks great. Will buy again.,Positive
4346,The packaging looks completely awesome. Highly recommended!,Positive
4347,I think the service seems disappointing. Will return it.,Negative
4348,The quality feels amazing. Exceeded expectations.,Positive
4349,I think the design looks great. Will buy again.,Positive
4350,The product looks brilliant. Exceeded expectations.,Positive
4351,This item looks very okay. As expected.,Neutral
4352,I think customer support looks mediocre. Serves its purpose.,Neutral
4353,I think customer support proved to be subpar. Do not buy.,Negative
4354,The quality was awful. Will return it.,Negative
4355,I think delivery was bad. Very frustrated.,Negative
4356,This item is great. Exceeded expectations.,Positive
4357,Customer support was amazing. Will buy again.,Positive
4358,I think the service proved to be disappointing. Do not buy.,Negative
4359,The service proved to be worst. I hate it.,Negative
4360,"The service is standard. Not bad, not great.",Neutral
4361,My experience looks terrible. Do not buy.,Negative
4362,I think customer support was fantastic. I love it.,Positive
4363,I think the design looks dreadful. Very frustrated.,Negative
4364,Delivery feels truly horrible. Do not buy.,Negative
4365,Delivery is awesome. Exceeded expectations.,Positive
4366,The packaging looks subpar. I hate it.,Negative
4367,I think my experience is awesome. Will buy again.,Positive
4368,The product is fairly worst. Very frustrated.,Negative
4369,I think the product seems fine. Serves its purpose.,Neutral
4370,The design proved to be horrible. Do not buy.,Negative
4371,Delivery proved to be perfect. Very satisfied.,Negative
4372,I think my experience is dreadful. Do not buy.,Negative
4373,The quality is disappointing. Do not buy.,Negative
4374,The price was great. I love it.,Positive
4375,This item proved to be great. I love it.,Positive
4376,I think delivery seems useless. Save your money.,Negative
4377,The packaging looks brilliant. Exceeded expectations.,Positive
4378,Delivery seems stellar. Very satisfied.,Negative
4379,The design looks bad. Very frustrated.,Negative
4380,Delivery is very acceptable. As expected.,Neutral
4381,The service seems fantastic. Exceeded expectations.,Positive
4382,I think this item was bad. Save your money.,Negative
4383,The price was somewhat dreadful. Very frustrated.,Negative
4384,"My experience feels completely acceptable. Not bad, not great.",Neutral
4385,The product feels totally terrible. Very frustrated.,Neutral
4386,My experience proved to be quite typical. It does the job.,Neutral
4387,This item was extremely typical. It does the job.,Neutral
4388,The quality proved to be superb. Exceeded expectations.,Positive
4389,I think this item looks awful. Save your money.,Negative
4390,Customer support is truly subpar. Save your money.,Negative
4391,Delivery seems totally subpar. Save your money.,Negative
4392,The packaging seems somewhat terrible. Do not buy.,Negative
4393,The service seems poor. Very frustrated.,Negative
4394,The price proved to be really horrible. Save your money.,Negative
4395,The product looks fantastic. Very satisfied.,Positive
4396,This item is truly great. Very satisfied.,Positive
4397,The service was completely excellent. Will buy again.,Positive
4398,I think the design proved to be brilliant. Exceeded expectations.,Positive
4399,The design was subpar. Total waste of money.,Negative
4400,The quality is fantastic. Exceeded expectations.,Positive
4401,I think customer support is wonderful. I love it.,Positive
4402,I think the service feels terrible. Very frustrated.,Negative
4403,The service is stellar. Exceeded expectations.,Positive
4404,I think customer support is perfect. Will buy again.,Positive
4405,The quality seems acceptable. Nothing special.,Neutral
4406,I think the price feels excellent. Highly recommended!,Positive
4407,The packaging proved to be fantastic. I love it.,Positive
4408,The price was great. Highly recommended!,Positive
4409,The packaging seems completely worst. Total waste of money.,Negative
4410,I think the service is superb. I love it.,Positive
4411,The quality was truly perfect. I love it.,Positive
4412,Delivery was absolutely awesome. Will buy again.,Positive
4413,My experience feels quite awesome. Very satisfied.,Positive
4414,I think the quality was standard. It does the job.,Neutral
4415,The service is totally perfect. Highly recommended!,Positive
4416,The packaging was completely fair. Serves its purpose.,Neutral
4417,Delivery seems very worst. Very frustrated.,Negative
4418,I think the product proved to be wonderful. I love it.,Positive
4419,The design proved to be wonderful. Exceeded expectations.,Positive
4420,The packaging feels extremely awful. Do not buy.,Negative
4421,The packaging proved to be horrible. Very frustrated.,Negative
4422,"The quality looks completely standard. Not bad, not great.",Neutral
4423,I think the service is stellar. I love it.,Positive
4424,The price seems quite perfect. Will buy again.,Positive
4425,The design feels terrible. Very frustrated.,Negative
4426,I think this item proved to be amazing. Highly recommended!,Positive
4427,I think this item was awesome. Very satisfied.,Positive
4428,Delivery is subpar. Save your money.,Negative
4429,The product is normal. Nothing special.,Neutral
4430,I think the product proved to be useless. Do not buy.,Negative
4431,My experience seems amazing. Best purchase ever.,Positive
4432,The packaging looks great. Exceeded expectations.,Positive
4433,This item was extremely horrible. Save your money.,Negative
4434,The packaging was absolutely fantastic. Very satisfied.,Positive
4435,The product looks superb. Very satisfied.,Positive
4436,This item looks perfect. Exceeded expectations.,Positive
4437,The price was stellar. Will buy again.,Positive
4438,The product is average. Might buy again.,Neutral
4439,This item is very great. Best purchase ever.,Positive
4440,Customer support seems somewhat fantastic. Will buy again.,Positive
4441,The product seems really superb. Exceeded expectations.,Positive
4442,The service feels fairly perfect. I love it.,Positive
4443,The packaging is very dreadful. Save your money.,Negative
4444,Customer support looks really regular. Nothing special.,Neutral
4445,The price is stellar. Exceeded expectations.,Positive
4446,This item proved to be worst. Will return it.,Negative
4447,I think customer support proved to be bad. Will return it.,Negative
4448,I think the packaging seems excellent. Highly recommended!,Positive
4449,Delivery is really fine. Serves its purpose.,Neutral
4450,Delivery feels completely subpar. I hate it.,Negative
4451,I think delivery looks okay. It does the job.,Neutral
4452,The price seems fine. Nothing special.,Neutral
4453,This item looks really standard. Nothing special.,Neutral
4454,I think the design proved to be typical. Might buy again.,Neutral
4455,The design seems very fair. Might buy again.,Neutral
4456,Customer support was excellent. Exceeded expectations.,Positive
4457,The product looks very awful. Very frustrated.,Negative
4458,I think customer support seems fantastic. Best purchase ever.,Positive
4459,"The packaging proved to be average. Not bad, not great.",Neutral
4460,Customer support looks totally superb. Very satisfied.,Negative
4461,Delivery is disappointing. Save your money.,Positive
4462,I think this item was superb. Very satisfied.,Neutral
4463,The product was excellent. Exceeded expectations.,Positive
4464,The price looks awesome. Very satisfied.,Positive
4465,I think the price is superb. Exceeded expectations.,Positive
4466,The design is bad. Total waste of money.,Negative
4467,Delivery was great. Very satisfied.,Positive
4468,Customer support looks regular. Might buy again.,Neutral
4469,This item looks completely excellent. Very satisfied.,Positive
4470,I think the quality is disappointing. Will return it.,Negative
4471,I think customer support was great. Highly recommended!,Positive
4472,The design is totally worst. Total waste of money.,Negative
4473,My experience feels truly great. I love it.,Neutral
4474,I think the quality is dreadful. I hate it.,Negative
4475,I think my experience feels perfect. Exceeded expectations.,Positive
4476,My experience is wonderful. Very satisfied.,Positive
4477,I think this item is excellent. Highly recommended!,Positive
4478,The quality feels truly awful. Do not buy.,Negative
4479,I think the design proved to be poor. Very frustrated.,Negative
4480,The packaging was really perfect. Very satisfied.,Positive
4481,This item feels fairly worst. Save your money.,Negative
4482,My experience was totally bad. Save your money.,Negative
4483,I think the design looks okay. Serves its purpose.,Neutral
4484,I think the product feels bad. I hate it.,Negative
4485,The product looks somewhat wonderful. Best purchase ever.,Negative
4486,My experience feels really excellent. Very satisfied.,Positive
4487,The design was really perfect. Highly recommended!,Positive
4488,I think the product seems fine. It does the job.,Neutral
4489,Delivery seems awesome. Exceeded expectations.,Positive
4490,The design feels truly disappointing. I hate it.,Negative
4491,The quality seems stellar. Will buy again.,Positive
4492,My experience is really terrible. I hate it.,Negative
4493,The design looks stellar. Highly recommended!,Positive
4494,The product proved to be very terrible. Total waste of money.,Negative
4495,My experience seems really excellent. Very satisfied.,Positive
4496,The product looks completely horrible. Will return it.,Negative
4497,The quality is extremely standard. Serves its purpose.,Neutral
4498,The product was bad. Save your money.,Negative
4499,The packaging proved to be quite regular. Might buy again.,Neutral
4500,"I think the price was okay. Not bad, not great.",Neutral
4501,"The packaging seems standard. Not bad, not great.",Neutral
4502,Delivery feels quite awful. Total waste of money.,Negative
4503,I think the product was awesome. Will buy again.,Positive
4504,The quality proved to be disappointing. Save your money.,Negative
4505,The packaging feels superb. Best purchase ever.,Positive
4506,The service is completely bad. Save your money.,Negative
4507,I think the packaging looks worst. I hate it.,Negative
4508,The packaging proved to be quite fantastic. Exceeded expectations.,Positive
4509,"The service proved to be absolutely typical. Not bad, not great.",Neutral
4510,Delivery was truly acceptable. Serves its purpose.,Neutral
4511,Customer support was terrible. Will return it.,Positive
4512,The product seems extremely amazing. Will buy again.,Positive
4513,This item looks very mediocre. Serves its purpose.,Negative
4514,The product was worst. Do not buy.,Negative
4515,Customer support seems extremely bad. I hate it.,Negative
4516,I think my experience seems brilliant. Best purchase ever.,Positive
4517,The quality is totally wonderful. Very satisfied.,Positive
4518,My experience seems useless. Save your money.,Negative
4519,This item seems very disappointing. I hate it.,Negative
4520,The product seems perfect. Very satisfied.,Positive
4521,Delivery seems completely superb. Highly recommended!,Positive
4522,The quality looks poor. Save your money.,Negative
4523,I think this item looks wonderful. Exceeded expectations.,Positive
4524,I think the design was useless. I hate it.,Negative
4525,I think the price feels mediocre. It does the job.,Neutral
4526,Delivery was somewhat useless. Save your money.,Negative
4527,Delivery looks totally subpar. I hate it.,Negative
4528,The service is very wonderful. Highly recommended!,Positive
4529,The service proved to be awesome. Very satisfied.,Positive
4530,The product feels horrible. Total waste of money.,Negative
4531,My experience proved to be terrible. Will return it.,Negative
4532,Delivery seems brilliant. Highly recommended!,Positive
4533,I think the service seems fair. It does the job.,Neutral
4534,The quality is totally awesome. Exceeded expectations.,Positive
4535,"The product proved to be very regular. Not bad, not great.",Neutral
4536,I think the service proved to be great. I love it.,Negative
4537,The product seems extremely disappointing. Total waste of money.,Negative
4538,The packaging looks poor. Save your money.,Negative
4539,My experience seems truly fantastic. Very satisfied.,Positive
4540,The price looks absolutely excellent. Will buy again.,Positive
4541,The design seems normal. Might buy again.,Neutral
4542,The price looks absolutely wonderful. Highly recommended!,Positive
4543,The service seems absolutely fantastic. Highly recommended!,Positive
4544,The product was fairly wonderful. I love it.,Positive
4545,My experience looks quite excellent. Very satisfied.,Positive
4546,The product proved to be subpar. Will return it.,Negative
4547,The price looks dreadful. Total waste of money.,Negative
4548,I think my experience is standard. Serves its purpose.,Neutral
4549,I think the price looks wonderful. I love it.,Positive
4550,I think delivery was fine. As expected.,Neutral
4551,I think my experience is superb. Will buy again.,Positive
4552,The service looks completely poor. Do not buy.,Negative
4553,Delivery proved to be superb. Will buy again.,Positive
4554,I think this item is perfect. Exceeded expectations.,Positive
4555,I think customer support seems mediocre. It does the job.,Neutral
4556,The design looks subpar. Will return it.,Neutral
4557,I think the product is stellar. Will buy again.,Positive
4558,I think the packaging was useless. Very frustrated.,Negative
4559,I think the design looks superb. Will buy again.,Positive
4560,Delivery is fantastic. Very satisfied.,Positive
4561,Delivery looks useless. Will return it.,Negative
4562,I think the price seems brilliant. Exceeded expectations.,Positive
4563,My experience seems totally poor. Do not buy.,Negative
4564,I think the service seems disappointing. Will return it.,Negative
4565,The packaging feels great. Exceeded expectations.,Positive
4566,The product was completely dreadful. Will return it.,Negative
4567,The product feels wonderful. Will buy again.,Positive
4568,I think delivery was mediocre. Serves its purpose.,Neutral
4569,Delivery feels fair. It does the job.,Negative
4570,The product is excellent. Very satisfied.,Positive
4571,This item was worst. Very frustrated.,Negative
4572,The packaging is useless. Very frustrated.,Positive
4573,I think customer support was normal. As expected.,Neutral
4574,The design seems extremely mediocre. As expected.,Neutral
4575,I think the service proved to be terrible. I hate it.,Negative
4576,I think the packaging was worst. Total waste of money.,Negative
4577,I think the product feels wonderful. Highly recommended!,Positive
4578,I think the price seems typical. As expected.,Neutral
4579,My experience was totally perfect. Very satisfied.,Positive
4580,I think customer support was stellar. Exceeded expectations.,Positive
4581,The product looks bad. Will return it.,Negative
4582,I think the design proved to be terrible. Will return it.,Negative
4583,I think the quality looks amazing. I love it.,Positive
4584,Delivery looks superb. Will buy again.,Positive
4585,The price looks normal. Serves its purpose.,Neutral
4586,My experience was completely wonderful. Best purchase ever.,Positive
4587,The service seems brilliant. Highly recommended!,Positive
4588,I think delivery proved to be stellar. Very satisfied.,Positive
4589,The product proved to be extremely brilliant. I love it.,Positive
4590,This item looks normal. Serves its purpose.,Neutral
4591,The packaging looks great. Best purchase ever.,Positive
4592,The packaging is typical. Might buy again.,Neutral
4593,This item is quite excellent. Highly recommended!,Positive
4594,The packaging feels very horrible. Save your money.,Negative
4595,My experience looks horrible. Will return it.,Negative
4596,I think delivery is awful. Very frustrated.,Negative
4597,"The product is completely acceptable. Not bad, not great.",Neutral
4598,The product looks amazing. Very satisfied.,Positive
4599,The packaging looks standard. Nothing special.,Neutral
4600,My experience proved to be dreadful. Total waste of money.,Negative
4601,I think the quality feels normal. Might buy again.,Neutral
4602,Customer support seems subpar. Will return it.,Negative
4603,My experience proved to be very subpar. Total waste of money.,Negative
4604,I think the design proved to be fine. As expected.,Neutral
4605,I think the design seems superb. Highly recommended!,Positive
4606,The product feels somewhat wonderful. Exceeded expectations.,Negative
4607,I think the quality is dreadful. I hate it.,Negative
4608,I think the design looks standard. Serves its purpose.,Neutral
4609,I think the service is awesome. Exceeded expectations.,Positive
4610,I think the quality looks terrible. Save your money.,Negative
4611,The service proved to be fantastic. Very satisfied.,Positive
4612,I think the service feels disappointing. Will return it.,Negative
4613,Customer support is poor. Do not buy.,Negative
4614,I think the service seems terrible. Total waste of money.,Negative
4615,The quality proved to be really stellar. Exceeded expectations.,Positive
4616,The product proved to be extremely fine. Nothing special.,Neutral
4617,Delivery feels subpar. I hate it.,Negative
4618,The product is very perfect. Will buy again.,Positive
4619,The product looks completely superb. Exceeded expectations.,Positive
4620,I think the packaging feels fantastic. Will buy again.,Positive
4621,My experience seems useless. Very frustrated.,Negative
4622,I think this item proved to be bad. Total waste of money.,Negative
4623,The quality looks fairly subpar. I hate it.,Negative
4624,The service was awful. I hate it.,Negative
4625,The service feels wonderful. I love it.,Positive
4626,I think my experience looks terrible. Will return it.,Negative
4627,I think the service seems perfect. Will buy again.,Positive
4628,I think the design looks perfect. I love it.,Positive
4629,The quality is amazing. Exceeded expectations.,Positive
4630,I think my experience was useless. Save your money.,Negative
4631,"The packaging proved to be truly okay. Not bad, not great.",Neutral
4632,Customer support seems totally bad. Total waste of money.,Negative
4633,I think the design looks fantastic. Very satisfied.,Positive
4634,The quality looks useless. Save your money.,Negative
4635,I think the price feels awesome. Very satisfied.,Positive
4636,I think my experience seems amazing. Highly recommended!,Positive
4637,The design is standard. As expected.,Neutral
4638,This item proved to be subpar. Do not buy.,Negative
4639,I think the product feels great. Very satisfied.,Positive
4640,The quality feels totally superb. Best purchase ever.,Positive
4641,I think the product seems perfect. Best purchase ever.,Positive
4642,I think this item was perfect. Highly recommended!,Positive
4643,Customer support seems totally mediocre. Serves its purpose.,Neutral
4644,This item is very poor. Total waste of money.,Negative
4645,Delivery seems bad. Do not buy.,Negative
4646,I think this item is worst. Do not buy.,Negative
4647,"The packaging is very okay. Not bad, not great.",Neutral
4648,The design looks useless. Do not buy.,Negative
4649,I think customer support looks perfect. Will buy again.,Positive
4650,Customer support looks extremely superb. Best purchase ever.,Positive
4651,The service seems somewhat terrible. Will return it.,Negative
4652,Delivery feels really stellar. I love it.,Positive
4653,Customer support seems fine. Nothing special.,Negative
4654,The design looks stellar. Best purchase ever.,Positive
4655,The design proved to be quite awful. Total waste of money.,Negative
4656,The quality is disappointing. Save your money.,Negative
4657,The service is typical. As expected.,Neutral
4658,I think this item is awesome. Best purchase ever.,Positive
4659,Delivery is superb. Highly recommended!,Neutral
4660,Delivery feels worst. Total waste of money.,Negative
4661,I think the price was awesome. I love it.,Positive
4662,This item was extremely wonderful. Highly recommended!,Positive
4663,Customer support was really fair. Nothing special.,Neutral
4664,This item looks really great. Will buy again.,Positive
4665,Customer support seems somewhat stellar. Exceeded expectations.,Positive
4666,I think the quality feels poor. Total waste of money.,Negative
4667,The price feels completely awful. Save your money.,Negative
4668,I think the design proved to be disappointing. Total waste of money.,Negative
4669,I think customer support was awesome. Exceeded expectations.,Positive
4670,I think the product seems standard. Might buy again.,Neutral
4671,This item looks okay. As expected.,Neutral
4672,I think this item was wonderful. Highly recommended!,Positive
4673,I think the service feels great. Exceeded expectations.,Positive
4674,I think this item feels okay. It does the job.,Neutral
4675,I think the price feels worst. Total waste of money.,Negative
4676,The price looks really dreadful. Very frustrated.,Negative
4677,The quality proved to be somewhat fair. As expected.,Neutral
4678,Delivery feels extremely okay. Serves its purpose.,Neutral
4679,The service looks excellent. Best purchase ever.,Positive
4680,I think delivery seems excellent. Will buy again.,Positive
4681,The price looks great. Will buy again.,Positive
4682,The product was very bad. Very frustrated.,Negative
4683,This item proved to be absolutely terrible. Very frustrated.,Negative
4684,I think the packaging proved to be wonderful. Highly recommended!,Positive
4685,The service seems completely awful. I hate it.,Negative
4686,Customer support is fine. As expected.,Neutral
4687,I think customer support seems amazing. I love it.,Positive
4688,My experience is fine. Might buy again.,Neutral
4689,I think the product feels disappointing. Total waste of money.,Negative
4690,I think the packaging is fantastic. Exceeded expectations.,Positive
4691,The service looks excellent. Exceeded expectations.,Positive
4692,I think this item is perfect. Will buy again.,Positive
4693,Delivery looks very excellent. Highly recommended!,Positive
4694,This item feels subpar. Save your money.,Negative
4695,The packaging feels very dreadful. Total waste of money.,Negative
4696,My experience feels average. Might buy again.,Positive
4697,"The design proved to be totally typical. Not bad, not great.",Neutral
4698,The quality feels average. Nothing special.,Negative
4699,I think customer support proved to be fantastic. I love it.,Neutral
4700,I think the design looks acceptable. Serves its purpose.,Neutral
4701,Delivery feels regular. Might buy again.,Neutral
4702,Delivery seems horrible. Total waste of money.,Negative
4703,I think delivery looks useless. Will return it.,Negative
4704,The price proved to be brilliant. Very satisfied.,Positive
4705,"This item proved to be truly standard. Not bad, not great.",Neutral
4706,I think this item feels perfect. Best purchase ever.,Positive
4707,I think the service seems useless. Will return it.,Negative
4708,My experience feels extremely mediocre. Serves its purpose.,Neutral
4709,I think the quality is okay. Might buy again.,Neutral
4710,I think delivery feels poor. Save your money.,Negative
4711,The price proved to be worst. Will return it.,Positive
4712,The packaging proved to be bad. Save your money.,Negative
4713,I think customer support was disappointing. Total waste of money.,Negative
4714,I think the design looks fine. Nothing special.,Neutral
4715,My experience is really mediocre. Might buy again.,Neutral
4716,I think the price seems awful. Save your money.,Negative
4717,I think the price is useless. Very frustrated.,Negative
4718,The product was typical. It does the job.,Neutral
4719,This item was bad. Save your money.,Negative
4720,The quality looks amazing. Highly recommended!,Positive
4721,Customer support seems stellar. Highly recommended!,Positive
4722,I think the product seems okay. Nothing special.,Neutral
4723,I think my experience proved to be stellar. Exceeded expectations.,Positive
4724,I think delivery looks fair. Nothing special.,Neutral
4725,I think the price is bad. I hate it.,Negative
4726,I think the product looks poor. I hate it.,Negative
4727,I think the design proved to be average. Might buy again.,Neutral
4728,The design proved to be amazing. Best purchase ever.,Positive
4729,The product looks amazing. I love it.,Positive
4730,This item seems quite awesome. Very satisfied.,Positive
4731,The design feels fairly okay. Might buy again.,Neutral
4732,"I think my experience was normal. Not bad, not great.",Neutral
4733,The design looks brilliant. Best purchase ever.,Positive
4734,I think the price looks great. Exceeded expectations.,Positive
4735,The price seems absolutely poor. Total waste of money.,Negative
4736,Customer support looks really stellar. Best purchase ever.,Positive
4737,The price proved to be fairly superb. Best purchase ever.,Positive
4738,Customer support proved to be awful. Very frustrated.,Negative
4739,The packaging seems poor. Total waste of money.,Negative
4740,The price proved to be quite subpar. Will return it.,Negative
4741,The price is extremely regular. Might buy again.,Neutral
4742,I think the quality is superb. Very satisfied.,Positive
4743,This item seems superb. Best purchase ever.,Positive
4744,This item is somewhat awesome. Will buy again.,Positive
4745,I think the price is fine. As expected.,Neutral
4746,The packaging seems somewhat regular. Serves its purpose.,Neutral
4747,I think this item looks excellent. Very satisfied.,Positive
4748,The product feels great. Exceeded expectations.,Positive
4749,Customer support is regular. As expected.,Neutral
4750,This item is fair. Might buy again.,Neutral
4751,Delivery feels absolutely bad. Will return it.,Negative
4752,The quality seems fantastic. Best purchase ever.,Positive
4753,I think delivery seems perfect. I love it.,Negative
4754,I think this item seems bad. Will return it.,Negative
4755,The design is awesome. Exceeded expectations.,Positive
4756,This item feels absolutely brilliant. Will buy again.,Positive
4757,The packaging is superb. Will buy again.,Positive
4758,The quality is fantastic. Exceeded expectations.,Positive
4759,I think the quality feels awesome. Very satisfied.,Negative
4760,I think the quality seems average. It does the job.,Neutral
4761,I think the packaging is awesome. Best purchase ever.,Positive
4762,"I think delivery seems okay. Not bad, not great.",Neutral
4763,I think the service was disappointing. I hate it.,Negative
4764,The packaging looks fantastic. Highly recommended!,Positive
4765,My experience feels really bad. I hate it.,Negative
4766,I think the quality is normal. Might buy again.,Neutral
4767,I think customer support looks great. Exceeded expectations.,Positive
4768,The packaging feels fairly poor. Save your money.,Negative
4769,The quality seems average. Nothing special.,Neutral
4770,The quality looks horrible. I hate it.,Negative
4771,The service feels superb. Exceeded expectations.,Positive
4772,My experience proved to be quite fantastic. I love it.,Positive
4773,Customer support seems absolutely great. Best purchase ever.,Positive
4774,The service was terrible. Save your money.,Negative
4775,The design looks brilliant. I love it.,Positive
4776,The price was amazing. Exceeded expectations.,Positive
4777,The quality seems bad. Will return it.,Negative
4778,The price seems dreadful. I hate it.,Negative
4779,This item feels very wonderful. I love it.,Neutral
4780,The packaging looks awful. I hate it.,Negative
4781,Delivery proved to be completely wonderful. Highly recommended!,Positive
4782,The product proved to be somewhat horrible. Very frustrated.,Negative
4783,The price seems really stellar. Exceeded expectations.,Positive
4784,The product was fantastic. Exceeded expectations.,Neutral
4785,My experience seems extremely horrible. Very frustrated.,Negative
4786,The product seems extremely fantastic. Best purchase ever.,Positive
4787,I think customer support seems awful. Very frustrated.,Negative
4788,The quality is subpar. Will return it.,Negative
4789,The service was really okay. As expected.,Neutral
4790,The quality was very perfect. Will buy again.,Positive
4791,I think the design feels poor. I hate it.,Negative
4792,The product feels fantastic. I love it.,Positive
4793,I think the price feels awesome. Will buy again.,Positive
4794,I think the quality seems subpar. Do not buy.,Negative
4795,Delivery was awful. Will return it.,Negative
4796,I think the quality proved to be regular. It does the job.,Neutral
4797,I think delivery feels fantastic. Highly recommended!,Positive
4798,The packaging proved to be totally fine. Serves its purpose.,Neutral
4799,The service is totally bad. Do not buy.,Negative
4800,I think the price proved to be useless. Save your money.,Negative
4801,I think this item was stellar. Exceeded expectations.,Positive
4802,The product seems very superb. Highly recommended!,Positive
4803,The design looks absolutely excellent. Exceeded expectations.,Positive
4804,I think the price looks awful. Total waste of money.,Negative
4805,I think the price looks regular. Nothing special.,Neutral
4806,The packaging proved to be perfect. Best purchase ever.,Positive
4807,Delivery proved to be absolutely horrible. Total waste of money.,Negative
4808,Customer support is quite subpar. Save your money.,Negative
4809,I think delivery was fine. Serves its purpose.,Neutral
4810,The service seems very useless. Save your money.,Negative
4811,The design seems useless. Save your money.,Negative
4812,I think delivery feels fantastic. Best purchase ever.,Positive
4813,The quality looks really worst. Save your money.,Negative
4814,The design feels horrible. I hate it.,Negative
4815,Delivery proved to be worst. Will return it.,Negative
4816,I think the price proved to be disappointing. Save your money.,Negative
4817,The quality was somewhat worst. Will return it.,Negative
4818,I think the price was bad. Very frustrated.,Negative
4819,I think the service seems stellar. Highly recommended!,Positive
4820,The design feels fair. Serves its purpose.,Neutral
4821,The design seems awesome. Best purchase ever.,Positive
4822,Customer support looks truly great. Highly recommended!,Positive
4823,I think the quality seems disappointing. I hate it.,Negative
4824,The service looks horrible. Total waste of money.,Negative
4825,I think the quality seems bad. Total waste of money.,Negative
4826,I think the quality seems great. Exceeded expectations.,Negative
4827,I think the packaging looks bad. Will return it.,Negative
4828,I think the packaging proved to be okay. Might buy again.,Neutral
4829,The design seems fairly awesome. Exceeded expectations.,Positive
4830,This item seems excellent. Will buy again.,Positive
4831,My experience is awesome. Will buy again.,Positive
4832,I think the packaging was great. Exceeded expectations.,Positive
4833,I think the price is standard. It does the job.,Neutral
4834,I think the service was disappointing. Do not buy.,Negative
4835,I think the packaging feels great. Very satisfied.,Positive
4836,I think delivery was fantastic. Very satisfied.,Positive
4837,The quality is disappointing. Will return it.,Negative
4838,I think the quality feels stellar. Best purchase ever.,Positive
4839,I think my experience seems wonderful. Best purchase ever.,Positive
4840,The design is very average. Serves its purpose.,Neutral
4841,My experience seems extremely superb. Best purchase ever.,Positive
4842,This item feels somewhat wonderful. Exceeded expectations.,Positive
4843,The packaging is awful. I hate it.,Negative
4844,The design feels horrible. Very frustrated.,Negative
4845,I think delivery feels fine. Serves its purpose.,Neutral
4846,I think customer support looks horrible. Do not buy.,Negative
4847,The service proved to be brilliant. I love it.,Positive
4848,The price feels quite wonderful. Highly recommended!,Positive
4849,The design looks truly fantastic. Will buy again.,Positive
4850,The product proved to be stellar. Best purchase ever.,Neutral
4851,The price looks quite great. I love it.,Positive
4852,The service proved to be absolutely worst. Do not buy.,Negative
4853,"The design was somewhat okay. Not bad, not great.",Neutral
4854,My experience proved to be useless. Will return it.,Negative
4855,I think the design is poor. I hate it.,Negative
4856,This item proved to be regular. As expected.,Neutral
4857,The design is quite regular. Serves its purpose.,Neutral
4858,The product proved to be superb. Best purchase ever.,Positive
4859,This item looks disappointing. Total waste of money.,Negative
4860,The quality is somewhat disappointing. Will return it.,Negative
4861,I think customer support is terrible. Total waste of money.,Negative
4862,The quality proved to be fair. It does the job.,Neutral
4863,The design looks totally brilliant. Will buy again.,Positive
4864,The service seems truly excellent. Best purchase ever.,Positive
4865,The service feels really terrible. Will return it.,Negative
4866,Customer support feels totally useless. Do not buy.,Negative
4867,I think the quality proved to be standard. As expected.,Neutral
4868,The product feels very awesome. Will buy again.,Positive
4869,The price proved to be somewhat bad. Will return it.,Negative
4870,I think the service feels terrible. Very frustrated.,Negative
4871,Customer support is disappointing. Very frustrated.,Negative
4872,"The packaging seems very fine. Not bad, not great.",Neutral
4873,I think delivery proved to be typical. Serves its purpose.,Neutral
4874,The product was quite brilliant. Best purchase ever.,Positive
4875,I think my experience is bad. Do not buy.,Negative
4876,I think the price was brilliant. Highly recommended!,Positive
4877,I think the product feels superb. Best purchase ever.,Positive
4878,The price seems stellar. Very satisfied.,Positive
4879,I think this item proved to be disappointing. Will return it.,Negative
4880,I think this item looks subpar. I hate it.,Negative
4881,The service proved to be fairly superb. Exceeded expectations.,Positive
4882,The price proved to be absolutely superb. I love it.,Positive
4883,Customer support is stellar. Very satisfied.,Positive
4884,I think the design is awful. Very frustrated.,Negative
4885,My experience looks dreadful. Save your money.,Negative
4886,I think the quality was typical. Nothing special.,Neutral
4887,Customer support seems very standard. Serves its purpose.,Neutral
4888,I think the packaging is okay. As expected.,Neutral
4889,I think my experience is great. Highly recommended!,Positive
4890,I think the price proved to be useless. I hate it.,Negative
4891,I think the quality is awful. Very frustrated.,Negative
4892,I think the design feels normal. Nothing special.,Neutral
4893,I think delivery seems subpar. Total waste of money.,Negative
4894,I think my experience seems normal. Serves its purpose.,Neutral
4895,The product feels absolutely brilliant. Highly recommended!,Positive
4896,"The product is acceptable. Not bad, not great.",Neutral
4897,I think the price proved to be awful. Will return it.,Negative
4898,The design looks worst. Total waste of money.,Negative
4899,I think this item looks wonderful. Very satisfied.,Positive
4900,I think the design is okay. Nothing special.,Negative
4901,My experience looks poor. Will return it.,Negative
4902,I think the service looks bad. Will return it.,Negative
4903,I think customer support proved to be fantastic. Highly recommended!,Positive
4904,I think this item proved to be useless. Very frustrated.,Negative
4905,Customer support feels wonderful. Best purchase ever.,Positive
4906,The product was truly mediocre. As expected.,Neutral
4907,The packaging is absolutely amazing. Exceeded expectations.,Positive
4908,I think my experience feels fair. It does the job.,Neutral
4909,I think the product looks superb. Very satisfied.,Positive
4910,This item is absolutely average. As expected.,Neutral
4911,I think the quality feels standard. Nothing special.,Neutral
4912,The quality is very dreadful. Will return it.,Negative
4913,I think the price seems terrible. I hate it.,Negative
4914,This item looks really awesome. I love it.,Positive
4915,I think this item seems great. Very satisfied.,Positive
4916,Customer support feels horrible. Very frustrated.,Negative
4917,The quality was terrible. Do not buy.,Negative
4918,I think delivery seems excellent. Will buy again.,Positive
4919,My experience looks fantastic. I love it.,Negative
4920,I think customer support feels worst. Very frustrated.,Negative
4921,The packaging looks somewhat average. Might buy again.,Neutral
4922,The product proved to be totally stellar. Best purchase ever.,Positive
4923,The design feels very dreadful. Total waste of money.,Negative
4924,This item feels really awful. Total waste of money.,Negative
4925,"The product seems regular. Not bad, not great.",Neutral
4926,The quality seems truly wonderful. Exceeded expectations.,Positive
4927,The price proved to be superb. Exceeded expectations.,Positive
4928,The quality is truly superb. Will buy again.,Positive
4929,The design is regular. Serves its purpose.,Neutral
4930,The price proved to be superb. Will buy again.,Positive
4931,I think the packaging feels bad. Save your money.,Negative
4932,The packaging is quite awesome. Exceeded expectations.,Positive
4933,The product feels completely worst. Save your money.,Negative
4934,I think the price was fantastic. Will buy again.,Positive
4935,I think the product was regular. Might buy again.,Neutral
4936,I think delivery proved to be bad. Save your money.,Negative
4937,I think the packaging feels brilliant. Exceeded expectations.,Negative
4938,The packaging proved to be fine. It does the job.,Neutral
4939,I think the design feels horrible. Very frustrated.,Negative
4940,I think delivery was okay. Nothing special.,Neutral
4941,I think the design proved to be amazing. Highly recommended!,Positive
4942,I think the quality looks average. As expected.,Neutral
4943,The design feels okay. Nothing special.,Neutral
4944,This item is useless. Total waste of money.,Positive
4945,Customer support looks extremely superb. I love it.,Positive
4946,The service seems worst. Will return it.,Negative
4947,Delivery was quite great. Will buy again.,Positive
4948,Delivery is average. It does the job.,Neutral
4949,The service was extremely excellent. Exceeded expectations.,Positive
4950,"I think the design was regular. Not bad, not great.",Neutral
4951,I think customer support feels excellent. Will buy again.,Positive
4952,The price feels excellent. I love it.,Positive
4953,Customer support feels very awesome. Very satisfied.,Positive
4954,Customer support is dreadful. Very frustrated.,Negative
4955,I think customer support seems terrible. Will return it.,Negative
4956,I think the service looks regular. Might buy again.,Neutral
4957,Delivery was perfect. I love it.,Positive
4958,I think customer support looks terrible. Total waste of money.,Negative
4959,The service was perfect. I love it.,Positive
4960,The price feels bad. I hate it.,Negative
4961,Customer support was somewhat wonderful. Will buy again.,Positive
4962,Customer support was extremely fair. It does the job.,Neutral
4963,My experience looks horrible. Save your money.,Negative
4964,I think customer support looks fair. As expected.,Positive
4965,I think the service is excellent. Best purchase ever.,Positive
4966,I think customer support proved to be great. Highly recommended!,Positive
4967,The product was truly great. Best purchase ever.,Negative
4968,The design proved to be subpar. Save your money.,Positive
4969,The design seems awful. Save your money.,Negative
4970,My experience looks fine. Might buy again.,Neutral
4971,I think customer support seems useless. Save your money.,Negative
4972,The service looks poor. Will return it.,Negative
4973,I think the design feels fair. Might buy again.,Positive
4974,Delivery seems completely fantastic. Exceeded expectations.,Positive
4975,My experience seems quite horrible. Total waste of money.,Negative
4976,I think the service proved to be subpar. Save your money.,Negative
4977,I think delivery seems horrible. Very frustrated.,Negative
4978,The product looks extremely acceptable. Might buy again.,Neutral
4979,I think this item looks okay. As expected.,Neutral
4980,The packaging is useless. Total waste of money.,Negative
4981,Delivery looks superb. Exceeded expectations.,Positive
4982,Delivery seems fantastic. I love it.,Positive
4983,This item seems dreadful. Save your money.,Negative
4984,The quality is fairly brilliant. Highly recommended!,Positive
4985,The product feels wonderful. Very satisfied.,Positive
4986,The service was truly awesome. I love it.,Positive
4987,I think the product seems perfect. I love it.,Positive
4988,I think customer support was fair. Nothing special.,Neutral
4989,I think the packaging was brilliant. Best purchase ever.,Positive
4990,I think the quality seems standard. As expected.,Neutral
4991,I think customer support feels amazing. Will buy again.,Positive
4992,The design was extremely wonderful. Exceeded expectations.,Positive
4993,I think the quality was worst. Do not buy.,Negative
4994,The product is stellar. I love it.,Negative
4995,I think the service is regular. Nothing special.,Neutral
4996,The packaging seems perfect. Highly recommended!,Positive
4997,The service looks fairly worst. Very frustrated.,Negative
4998,My experience proved to be fantastic. Highly recommended!,Positive
4999,This item feels truly brilliant. I love it.,Positive
5000,I think delivery looks standard. Serves its purpose.,Neutral
5001,The design is wonderful. I love it.,Positive
5002,I think the quality seems useless. Total waste of money.,Negative
5003,The service looks quite brilliant. I love it.,Positive
5004,I think the price was brilliant. Exceeded expectations.,Positive
5005,The product proved to be really perfect. Will buy again.,Positive
5006,I think my experience was mediocre. Serves its purpose.,Neutral
5007,I think the design seems dreadful. Will return it.,Negative
5008,Customer support seems very useless. Very frustrated.,Negative
5009,The design feels truly great. Exceeded expectations.,Positive
5010,I think my experience seems dreadful. Save your money.,Negative
5011,I think the quality feels typical. Nothing special.,Neutral
5012,Customer support is perfect. Will buy again.,Positive
5013,Customer support seems horrible. Total waste of money.,Negative
5014,The service is really fine. As expected.,Neutral
5015,This item looks extremely awful. Will return it.,Negative
5016,Customer support proved to be fairly acceptable. Might buy again.,Negative
5017,My experience seems awesome. Highly recommended!,Positive
5018,I think this item was disappointing. Will return it.,Negative
5019,Customer support proved to be awful. I hate it.,Negative
5020,I think the design was fantastic. Best purchase ever.,Positive
5021,The product looks absolutely terrible. Save your money.,Negative
5022,The packaging looks okay. Might buy again.,Neutral
5023,I think the quality proved to be awful. Do not buy.,Negative
5024,This item looks terrible. Save your money.,Negative
5025,Delivery seems fairly dreadful. Will return it.,Negative
5026,I think my experience seems useless. Save your money.,Negative
5027,The product was horrible. Very frustrated.,Negative
5028,I think the price seems fantastic. Highly recommended!,Positive
5029,Customer support is quite normal. Serves its purpose.,Neutral
5030,The packaging feels horrible. Save your money.,Negative
5031,I think delivery was okay. As expected.,Neutral
5032,My experience is awesome. Very satisfied.,Positive
5033,The price feels fair. Serves its purpose.,Neutral
5034,This item feels bad. Total waste of money.,Negative
5035,Delivery was truly regular. Nothing special.,Neutral
5036,This item feels amazing. Highly recommended!,Positive
5037,The price looks somewhat awesome. Highly recommended!,Positive
5038,This item was superb. Very satisfied.,Positive
5039,This item looks useless. Very frustrated.,Negative
5040,I think the quality feels perfect. Very satisfied.,Positive
5041,The service seems useless. Total waste of money.,Negative
5042,I think my experience looks fantastic. I love it.,Positive
5043,I think my experience proved to be bad. Save your money.,Negative
5044,I think customer support seems superb. I love it.,Positive
5045,My experience is stellar. Very satisfied.,Positive
5046,The packaging feels somewhat excellent. Exceeded expectations.,Positive
5047,The service is disappointing. Do not buy.,Negative
5048,Customer support seems subpar. Will return it.,Negative
5049,The price is average. Serves its purpose.,Neutral
5050,I think the service feels typical. As expected.,Neutral
5051,The design was fine. Nothing special.,Neutral
5052,The price is extremely dreadful. Very frustrated.,Negative
5053,I think the design is excellent. Best purchase ever.,Positive
5054,I think the service is wonderful. Highly recommended!,Positive
5055,I think the packaging seems amazing. Very satisfied.,Positive
5056,The quality seems fairly superb. Best purchase ever.,Positive
5057,Customer support seems useless. Very frustrated.,Negative
5058,Customer support looks useless. Total waste of money.,Negative
5059,Delivery was absolutely subpar. I hate it.,Negative
5060,The design proved to be brilliant. Very satisfied.,Positive
5061,My experience seems worst. I hate it.,Negative
5062,I think the quality feels horrible. Total waste of money.,Negative
5063,I think this item proved to be superb. Very satisfied.,Positive
5064,The quality feels truly perfect. Exceeded expectations.,Positive
5065,The design proved to be wonderful. Very satisfied.,Positive
5066,The product seems excellent. Best purchase ever.,Negative
5067,This item feels amazing. Best purchase ever.,Positive
5068,The quality looks dreadful. Save your money.,Negative
5069,The service is fantastic. Highly recommended!,Positive
5070,The service feels quite horrible. Very frustrated.,Negative
5071,Customer support proved to be totally excellent. Very satisfied.,Positive
5072,I think the product is excellent. I love it.,Positive
5073,Delivery is useless. Total waste of money.,Negative
5074,I think the design looks subpar. Will return it.,Negative
5075,The service seems really superb. Exceeded expectations.,Positive
5076,The product feels brilliant. Exceeded expectations.,Positive
5077,I think the packaging looks terrible. Save your money.,Negative
5078,Delivery seems totally brilliant. I love it.,Negative
5079,Delivery feels extremely fantastic. Will buy again.,Positive
5080,Customer support was quite wonderful. Highly recommended!,Positive
5081,The packaging was quite terrible. Do not buy.,Negative
5082,This item seems absolutely great. Very satisfied.,Positive
5083,"The product seems extremely fair. Not bad, not great.",Neutral
5084,The product proved to be somewhat terrible. Will return it.,Negative
5085,Delivery was somewhat typical. As expected.,Neutral
5086,My experience looks useless. Do not buy.,Negative
5087,The product looks somewhat fantastic. Exceeded expectations.,Positive
5088,The packaging looks somewhat dreadful. Total waste of money.,Negative
5089,I think delivery looks useless. Do not buy.,Negative
5090,The service looks amazing. Will buy again.,Positive
5091,I think the product was regular. It does the job.,Neutral
5092,The quality was fair. Nothing special.,Neutral
5093,The design proved to be somewhat dreadful. I hate it.,Negative
5094,I think the product was subpar. Very frustrated.,Negative
5095,The design was absolutely dreadful. Will return it.,Negative
5096,I think my experience was horrible. I hate it.,Negative
5097,I think delivery proved to be perfect. Will buy again.,Positive
5098,"I think the design is mediocre. Not bad, not great.",Neutral
5099,The price proved to be absolutely excellent. Will buy again.,Positive
5100,The quality proved to be totally typical. It does the job.,Neutral
5101,This item feels totally brilliant. Highly recommended!,Positive
5102,The design looks bad. Will return it.,Negative
5103,The design looks completely poor. Very frustrated.,Negative
5104,I think the quality looks normal. Might buy again.,Neutral
5105,The product is okay. As expected.,Neutral
5106,I think the packaging was worst. Total waste of money.,Negative
5107,The service looks quite amazing. Best purchase ever.,Positive
5108,"I think the product seems okay. Not bad, not great.",Neutral
5109,This item proved to be disappointing. Total waste of money.,Negative
5110,The packaging seems wonderful. Highly recommended!,Positive
5111,I think the design looks normal. Nothing special.,Neutral
5112,I think the packaging proved to be useless. Save your money.,Negative
5113,I think the service feels useless. I hate it.,Negative
5114,My experience looks really average. As expected.,Neutral
5115,The quality feels great. Exceeded expectations.,Positive
5116,The price seems average. As expected.,Neutral
5117,I think the design proved to be subpar. I hate it.,Negative
5118,The price was disappointing. Will return it.,Negative
5119,The service is wonderful. Best purchase ever.,Positive
5120,The design was totally wonderful. Exceeded expectations.,Positive
5121,"The quality proved to be typical. Not bad, not great.",Neutral
5122,I think delivery seems horrible. Will return it.,Negative
5123,This item proved to be fair. Nothing special.,Neutral
5124,The product was terrible. Will return it.,Negative
5125,The packaging looks fairly fantastic. I love it.,Positive
5126,The quality feels brilliant. Best purchase ever.,Negative
5127,This item was very dreadful. Do not buy.,Negative
5128,"Delivery was average. Not bad, not great.",Neutral
5129,The price proved to be somewhat brilliant. Very satisfied.,Positive
5130,The service is wonderful. Best purchase ever.,Positive
5131,"The product feels truly average. Not bad, not great.",Neutral
5132,Delivery is completely worst. Do not buy.,Negative
5133,The service looks completely fair. Serves its purpose.,Neutral
5134,"The service seems okay. Not bad, not great.",Neutral
5135,The packaging is absolutely excellent. Will buy again.,Positive
5136,Customer support looks great. Very satisfied.,Positive
5137,I think the product proved to be standard. As expected.,Neutral
5138,The quality was really awful. I hate it.,Negative
5139,The design proved to be really horrible. Save your money.,Negative
5140,The price was awesome. Will buy again.,Positive
5141,This item feels useless. Very frustrated.,Negative
5142,The price was dreadful. I hate it.,Negative
5143,Delivery looks very wonderful. I love it.,Positive
5144,This item is very wonderful. Exceeded expectations.,Positive
5145,The packaging seems awesome. Highly recommended!,Positive
5146,I think the design proved to be useless. Will return it.,Negative
5147,The quality is great. Very satisfied.,Positive
5148,This item proved to be great. I love it.,Positive
5149,I think customer support looks bad. Very frustrated.,Negative
5150,The design is really typical. Might buy again.,Neutral
5151,The price feels brilliant. Will buy again.,Positive
5152,Delivery seems horrible. Total waste of money.,Neutral
5153,The design seems really wonderful. Exceeded expectations.,Positive
5154,I think delivery proved to be dreadful. I hate it.,Negative
5155,The service proved to be poor. Do not buy.,Negative
5156,Delivery looks stellar. Very satisfied.,Positive
5157,Delivery was excellent. Best purchase ever.,Positive
5158,The service feels fairly superb. Highly recommended!,Positive
5159,"The service was quite normal. Not bad, not great.",Neutral
5160,Delivery seems worst. Save your money.,Negative
5161,The quality was totally superb. Exceeded expectations.,Positive
5162,Delivery feels great. Best purchase ever.,Positive
5163,The product feels acceptable. Nothing special.,Neutral
5164,I think the price feels poor. Very frustrated.,Negative
5165,I think the product looks normal. It does the job.,Neutral
5166,I think the product feels subpar. I hate it.,Negative
5167,Delivery proved to be wonderful. Exceeded expectations.,Positive
5168,Delivery proved to be amazing. Highly recommended!,Positive
5169,The price looks fairly worst. Total waste of money.,Negative
5170,I think customer support feels normal. As expected.,Neutral
5171,Customer support proved to be truly superb. Very satisfied.,Positive
5172,Customer support is poor. Save your money.,Negative
5173,The price seems perfect. Exceeded expectations.,Positive
5174,Customer support feels totally disappointing. Do not buy.,Negative
5175,This item proved to be quite subpar. Will return it.,Negative
5176,My experience proved to be somewhat fine. Serves its purpose.,Neutral
5177,The price looks fairly disappointing. Do not buy.,Negative
5178,The product was totally awesome. Exceeded expectations.,Positive
5179,Customer support was totally amazing. I love it.,Positive
5180,The design looks wonderful. Will buy again.,Positive
5181,I think the quality looks poor. Total waste of money.,Negative
5182,The quality proved to be excellent. Very satisfied.,Positive
5183,The packaging seems horrible. Total waste of money.,Negative
5184,Customer support was fine. Nothing special.,Neutral
5185,The design proved to be totally regular. It does the job.,Negative
5186,The service proved to be very great. Exceeded expectations.,Positive
5187,The design was fantastic. Exceeded expectations.,Positive
5188,The design was extremely awesome. I love it.,Positive
5189,Customer support feels somewhat mediocre. As expected.,Neutral
5190,The design feels very awful. I hate it.,Negative
5191,Delivery proved to be useless. Do not buy.,Negative
5192,I think the design seems standard. Serves its purpose.,Neutral
5193,I think the service seems awful. Very frustrated.,Negative
5194,The quality looks fairly amazing. Exceeded expectations.,Positive
5195,The quality was superb. Very satisfied.,Positive
5196,The service feels worst. Will return it.,Negative
5197,My experience feels perfect. I love it.,Negative
5198,The service was fairly bad. Save your money.,Negative
5199,The design was somewhat awesome. Best purchase ever.,Positive
5200,Delivery seems terrible. Save your money.,Negative
5201,My experience looks acceptable. As expected.,Neutral
5202,I think delivery is great. Will buy again.,Positive
5203,I think the packaging seems great. Very satisfied.,Positive
5204,My experience is completely wonderful. I love it.,Positive
5205,I think the design is useless. I hate it.,Negative
5206,The price feels extremely disappointing. Save your money.,Negative
5207,I think the service is bad. Very frustrated.,Negative
5208,I think this item looks subpar. Total waste of money.,Negative
5209,Delivery seems extremely typical. Might buy again.,Neutral
5210,The product was very fine. Serves its purpose.,Neutral
5211,I think the service was amazing. Very satisfied.,Positive
5212,The service proved to be terrible. Will return it.,Negative
5213,I think the service was acceptable. Might buy again.,Neutral
5214,Customer support looks very awesome. Very satisfied.,Negative
5215,The packaging is brilliant. I love it.,Positive
5216,My experience is fairly fine. As expected.,Neutral
5217,I think my experience was excellent. Very satisfied.,Positive
5218,My experience seems very fair. Might buy again.,Neutral
5219,Delivery is superb. Exceeded expectations.,Positive
5220,The quality proved to be fair. As expected.,Neutral
5221,I think this item feels amazing. Very satisfied.,Positive
5222,I think the packaging looks average. Serves its purpose.,Neutral
5223,"The service feels mediocre. Not bad, not great.",Positive
5224,Customer support feels horrible. Will return it.,Negative
5225,The quality was really terrible. I hate it.,Negative
5226,I think the product was disappointing. Total waste of money.,Negative
5227,I think the service looks fantastic. Will buy again.,Positive
5228,The design feels subpar. Will return it.,Neutral
5229,Customer support was average. Serves its purpose.,Neutral
5230,The service was completely bad. Total waste of money.,Negative
5231,I think the product proved to be fantastic. Very satisfied.,Positive
5232,I think the quality looks great. Best purchase ever.,Positive
5233,Delivery was perfect. Highly recommended!,Positive
5234,The quality feels bad. Very frustrated.,Negative
5235,My experience is disappointing. Total waste of money.,Negative
5236,The product looks horrible. Total waste of money.,Negative
5237,Delivery looks useless. I hate it.,Negative
5238,Customer support is absolutely brilliant. Will buy again.,Positive
5239,I think the quality looks perfect. Very satisfied.,Positive
5240,Delivery feels horrible. Very frustrated.,Negative
5241,The price feels completely great. I love it.,Positive
5242,The product proved to be completely great. I love it.,Positive
5243,This item proved to be mediocre. Nothing special.,Neutral
5244,Customer support feels extremely excellent. Exceeded expectations.,Positive
5245,I think the price was great. Exceeded expectations.,Positive
5246,I think this item is excellent. Exceeded expectations.,Positive
5247,The price was quite fantastic. Very satisfied.,Positive
5248,The design was useless. Save your money.,Negative
5249,The product seems quite wonderful. Will buy again.,Positive
5250,The service is fantastic. Best purchase ever.,Positive
5251,The service feels truly perfect. Very satisfied.,Positive
5252,My experience feels very okay. Serves its purpose.,Neutral
5253,I think the packaging seems fair. Might buy again.,Neutral
5254,I think customer support looks dreadful. Total waste of money.,Negative
5255,I think the packaging proved to be horrible. Do not buy.,Negative
5256,The quality proved to be really excellent. Highly recommended!,Positive
5257,My experience feels completely terrible. Do not buy.,Negative
5258,The quality seems fairly bad. Save your money.,Negative
5259,The packaging seems very perfect. Best purchase ever.,Positive
5260,The design seems dreadful. Total waste of money.,Negative
5261,I think customer support feels terrible. I hate it.,Negative
5262,Delivery feels totally awful. Very frustrated.,Negative
5263,I think delivery feels worst. Save your money.,Negative
5264,I think my experience is wonderful. Exceeded expectations.,Positive
5265,Customer support looks fairly bad. Total waste of money.,Negative
5266,I think the design feels great. I love it.,Positive
5267,I think this item seems disappointing. Very frustrated.,Negative
5268,The packaging proved to be quite stellar. Exceeded expectations.,Positive
5269,This item seems amazing. Highly recommended!,Positive
5270,I think the service was normal. It does the job.,Neutral
5271,The quality looks extremely dreadful. I hate it.,Negative
5272,Delivery looks perfect. Highly recommended!,Negative
5273,My experience is quite mediocre. Nothing special.,Positive
5274,The price feels fairly brilliant. Will buy again.,Positive
5275,I think delivery looks fantastic. Highly recommended!,Positive
5276,The product feels really disappointing. Do not buy.,Negative
5277,"Customer support proved to be completely fine. Not bad, not great.",Neutral
5278,The design proved to be dreadful. Will return it.,Negative
5279,My experience looks terrible. Total waste of money.,Negative
5280,This item seems absolutely fair. Nothing special.,Neutral
5281,Delivery is somewhat bad. Very frustrated.,Negative
5282,I think delivery was fine. As expected.,Neutral
5283,I think the design looks mediocre. Serves its purpose.,Neutral
5284,I think my experience is wonderful. Very satisfied.,Positive
5285,Delivery is completely poor. I hate it.,Negative
5286,The price is fairly stellar. Exceeded expectations.,Positive
5287,I think delivery is perfect. Best purchase ever.,Positive
5288,The price seems quite dreadful. Very frustrated.,Negative
5289,The product is absolutely awful. Do not buy.,Negative
5290,The packaging looks subpar. Very frustrated.,Negative
5291,Customer support was wonderful. Highly recommended!,Positive
5292,The product proved to be really disappointing. Total waste of money.,Negative
5293,The packaging feels amazing. I love it.,Positive
5294,I think this item proved to be average. As expected.,Neutral
5295,I think the packaging proved to be bad. Will return it.,Negative
5296,I think the design proved to be horrible. Very frustrated.,Negative
5297,The price is worst. Will return it.,Negative
5298,I think delivery is poor. I hate it.,Negative
5299,This item proved to be truly poor. Total waste of money.,Negative
5300,I think this item feels horrible. I hate it.,Negative
5301,The packaging looks quite dreadful. Very frustrated.,Negative
5302,The price proved to be really brilliant. I love it.,Negative
5303,The price was somewhat great. I love it.,Positive
5304,The design looks poor. Do not buy.,Negative
5305,Customer support looks worst. I hate it.,Negative
5306,The product was very superb. Very satisfied.,Positive
5307,I think delivery looks regular. It does the job.,Neutral
5308,The service is useless. Will return it.,Positive
5309,The design seems fairly terrible. Very frustrated.,Negative
5310,My experience is completely superb. Best purchase ever.,Positive
5311,My experience feels totally fantastic. I love it.,Positive
5312,I think the quality is worst. Do not buy.,Positive
5313,I think the design is stellar. Very satisfied.,Positive
5314,This item is very poor. Do not buy.,Negative
5315,This item was dreadful. Will return it.,Negative
5316,My experience proved to be disappointing. Do not buy.,Negative
5317,Customer support is extremely mediocre. It does the job.,Neutral
5318,The packaging was extremely perfect. Best purchase ever.,Positive
5319,I think the price proved to be regular. As expected.,Neutral
5320,The price looks useless. Do not buy.,Negative
5321,The quality looks very superb. Best purchase ever.,Positive
5322,The design proved to be average. Nothing special.,Neutral
5323,The packaging seems bad. Total waste of money.,Negative
5324,I think the product feels stellar. Exceeded expectations.,Positive
5325,I think the price is average. Nothing special.,Neutral
5326,The price looks absolutely horrible. Save your money.,Negative
5327,I think the price is subpar. Do not buy.,Negative
5328,The quality feels disappointing. Very frustrated.,Negative
5329,My experience feels wonderful. I love it.,Positive
5330,The quality proved to be really subpar. Save your money.,Positive
5331,I think the service looks fine. Serves its purpose.,Neutral
5332,I think the quality seems amazing. Exceeded expectations.,Negative
5333,Customer support feels very superb. Will buy again.,Positive
5334,I think the quality is horrible. Will return it.,Negative
5335,The price was totally disappointing. Do not buy.,Negative
5336,My experience looks very awesome. I love it.,Positive
5337,I think the price was normal. Serves its purpose.,Neutral
5338,"I think the service proved to be standard. Not bad, not great.",Neutral
5339,Delivery proved to be awesome. Very satisfied.,Positive
5340,The product feels worst. Save your money.,Negative
5341,My experience seems absolutely disappointing. Will return it.,Negative
5342,I think customer support is okay. Serves its purpose.,Neutral
5343,I think customer support is wonderful. Highly recommended!,Positive
5344,My experience is okay. As expected.,Neutral
5345,Delivery proved to be quite horrible. Will return it.,Negative
5346,I think the design seems perfect. Best purchase ever.,Positive
5347,The product proved to be totally terrible. Total waste of money.,Negative
5348,The packaging proved to be completely superb. Will buy again.,Positive
5349,The product proved to be truly awesome. Best purchase ever.,Positive
5350,I think the product proved to be disappointing. Do not buy.,Negative
5351,Delivery proved to be bad. Total waste of money.,Negative
5352,Customer support was terrible. Very frustrated.,Negative
5353,"The service was fine. Not bad, not great.",Neutral
5354,I think delivery seems bad. Will return it.,Negative
5355,I think the quality seems useless. I hate it.,Negative
5356,The product proved to be standard. As expected.,Neutral
5357,I think delivery looks acceptable. It does the job.,Neutral
5358,My experience feels somewhat brilliant. Best purchase ever.,Positive
5359,Delivery seems very amazing. I love it.,Positive
5360,I think the service seems disappointing. Do not buy.,Negative
5361,I think the service is mediocre. It does the job.,Neutral
5362,The quality seems fairly great. Very satisfied.,Positive
5363,The product seems quite dreadful. Will return it.,Negative
5364,"This item seems truly okay. Not bad, not great.",Neutral
5365,The packaging looks extremely horrible. I hate it.,Negative
5366,The packaging looks stellar. Highly recommended!,Positive
5367,I think the packaging was amazing. Best purchase ever.,Negative
5368,Delivery looks superb. Highly recommended!,Positive
5369,The product proved to be awesome. I love it.,Negative
5370,The price was disappointing. I hate it.,Negative
5371,Delivery looks bad. Save your money.,Negative
5372,The packaging proved to be okay. Serves its purpose.,Neutral
5373,The product seems absolutely subpar. I hate it.,Negative
5374,The product was totally poor. I hate it.,Negative
5375,My experience feels truly perfect. I love it.,Positive
5376,I think this item is worst. Will return it.,Negative
5377,I think the packaging seems fantastic. Will buy again.,Positive
5378,The packaging seems awesome. Best purchase ever.,Neutral
5379,I think delivery proved to be worst. I hate it.,Negative
5380,The price seems disappointing. Very frustrated.,Negative
5381,I think my experience feels fantastic. Exceeded expectations.,Positive
5382,The service proved to be fairly amazing. Will buy again.,Positive
5383,The price seems really mediocre. Serves its purpose.,Neutral
5384,I think delivery was awful. Do not buy.,Negative
5385,The quality feels completely average. As expected.,Neutral
5386,I think my experience feels dreadful. I hate it.,Negative
5387,The product is horrible. I hate it.,Negative
5388,I think delivery proved to be fantastic. Will buy again.,Positive
5389,I think this item seems subpar. Very frustrated.,Negative
5390,The service looks quite awesome. Exceeded expectations.,Positive
5391,The price feels truly fair. It does the job.,Neutral
5392,The quality proved to be truly awful. Total waste of money.,Negative
5393,I think the quality seems disappointing. Do not buy.,Neutral
5394,I think the packaging feels horrible. Will return it.,Negative
5395,My experience was regular. It does the job.,Neutral
5396,I think the product looks terrible. Do not buy.,Negative
5397,My experience feels subpar. Save your money.,Negative
5398,The design seems disappointing. Do not buy.,Negative
5399,The price looks worst. I hate it.,Negative
5400,The packaging was bad. Very frustrated.,Negative
5401,The product seems awesome. Very satisfied.,Positive
5402,The price feels very subpar. Will return it.,Negative
5403,Customer support looks useless. Do not buy.,Negative
5404,The price looks completely useless. Do not buy.,Negative
5405,I think my experience feels okay. As expected.,Neutral
5406,The service proved to be amazing. I love it.,Positive
5407,Delivery feels totally disappointing. Total waste of money.,Negative
5408,The product is somewhat brilliant. I love it.,Positive
5409,I think delivery seems dreadful. Total waste of money.,Negative
5410,The quality was totally fantastic. Highly recommended!,Positive
5411,The design looks quite perfect. I love it.,Positive
5412,The design seems fairly awesome. Exceeded expectations.,Positive
5413,I think this item is poor. I hate it.,Negative
5414,The product proved to be subpar. I hate it.,Negative
5415,I think the product proved to be useless. Save your money.,Negative
5416,The service is absolutely perfect. Exceeded expectations.,Positive
5417,The design looks superb. Very satisfied.,Positive
5418,The product is disappointing. Very frustrated.,Negative
5419,I think the design looks dreadful. Will return it.,Negative
5420,I think the service feels disappointing. Save your money.,Negative
5421,I think the design was horrible. I hate it.,Negative
5422,Customer support feels fairly poor. Save your money.,Negative
5423,I think customer support feels terrible. I hate it.,Negative
5424,I think the service proved to be excellent. I love it.,Positive
5425,The quality is somewhat wonderful. I love it.,Positive
5426,The service is dreadful. Very frustrated.,Negative
5427,I think the packaging feels superb. I love it.,Positive
5428,The packaging is absolutely wonderful. Best purchase ever.,Positive
5429,The product proved to be truly regular. As expected.,Neutral
5430,The design is terrible. Do not buy.,Negative
5431,This item feels really terrible. Do not buy.,Negative
5432,My experience was truly mediocre. As expected.,Neutral
5433,Customer support is truly awesome. Exceeded expectations.,Positive
5434,I think the price feels perfect. Highly recommended!,Positive
5435,I think my experience looks fantastic. I love it.,Positive
5436,I think my experience feels excellent. Very satisfied.,Positive
5437,The price proved to be completely typical. As expected.,Neutral
5438,I think the price looks subpar. I hate it.,Negative
5439,I think delivery looks typical. As expected.,Neutral
5440,The design looks completely subpar. Total waste of money.,Negative
5441,I think the product was amazing. Will buy again.,Positive
5442,The quality feels truly awesome. Best purchase ever.,Positive
5443,I think the design seems acceptable. Might buy again.,Neutral
5444,I think the service feels wonderful. Very satisfied.,Positive
5445,"The quality was quite acceptable. Not bad, not great.",Neutral
5446,I think delivery is acceptable. Nothing special.,Neutral
5447,I think the price is worst. Very frustrated.,Negative
5448,The packaging seems fantastic. Best purchase ever.,Positive
5449,I think the service looks disappointing. Save your money.,Negative
5450,I think the price seems okay. As expected.,Neutral
5451,The product seems disappointing. Do not buy.,Negative
5452,I think the packaging was fantastic. Best purchase ever.,Positive
5453,I think the design looks worst. Save your money.,Negative
5454,I think the price seems wonderful. Will buy again.,Positive
5455,The packaging proved to be disappointing. Very frustrated.,Negative
5456,The packaging feels normal. Nothing special.,Neutral
5457,The price seems great. Best purchase ever.,Positive
5458,I think the design is horrible. Will return it.,Negative
5459,The packaging was amazing. Exceeded expectations.,Positive
5460,"Delivery feels average. Not bad, not great.",Neutral
5461,I think customer support feels normal. Serves its purpose.,Neutral
5462,Customer support is fine. Serves its purpose.,Neutral
5463,The price looks great. Exceeded expectations.,Positive
5464,Delivery seems wonderful. Best purchase ever.,Positive
5465,The product is amazing. Highly recommended!,Positive
5466,Customer support looks worst. I hate it.,Negative
5467,I think the service is bad. Total waste of money.,Negative
5468,The price proved to be superb. Best purchase ever.,Positive
5469,I think customer support proved to be wonderful. Exceeded expectations.,Positive
5470,I think the price is awful. Will return it.,Negative
5471,This item seems extremely acceptable. Might buy again.,Neutral
5472,The design feels superb. Will buy again.,Positive
5473,I think the price feels wonderful. Will buy again.,Positive
5474,I think this item was fantastic. Best purchase ever.,Positive
5475,My experience is standard. Serves its purpose.,Neutral
5476,I think the product feels subpar. Very frustrated.,Negative
5477,The quality looks very subpar. Save your money.,Negative
5478,I think the design seems subpar. Total waste of money.,Negative
5479,The design proved to be horrible. Do not buy.,Neutral
5480,I think the service looks brilliant. I love it.,Positive
5481,I think the quality seems excellent. Highly recommended!,Positive
5482,The service looks poor. Save your money.,Negative
5483,The packaging looks extremely amazing. Very satisfied.,Positive
5484,I think customer support is awful. Will return it.,Negative
5485,Customer support looks somewhat awesome. Exceeded expectations.,Positive
5486,The product feels absolutely horrible. Total waste of money.,Negative
5487,The packaging seems perfect. Will buy again.,Positive
5488,This item feels completely brilliant. Best purchase ever.,Positive
5489,I think the packaging is mediocre. Nothing special.,Neutral
5490,The design is fine. Serves its purpose.,Neutral
5491,The price is wonderful. Will buy again.,Positive
5492,I think delivery was disappointing. I hate it.,Negative
5493,The design proved to be brilliant. Highly recommended!,Positive
5494,I think the product seems disappointing. Very frustrated.,Negative
5495,The design was fairly mediocre. Might buy again.,Neutral
5496,The price proved to be absolutely awful. Very frustrated.,Negative
5497,I think this item looks perfect. I love it.,Positive
5498,The packaging looks horrible. I hate it.,Negative
5499,The service was completely disappointing. Will return it.,Negative
5500,Customer support seems truly wonderful. I love it.,Positive
5501,I think the price feels okay. Might buy again.,Neutral
5502,I think the service looks brilliant. Will buy again.,Positive
5503,I think customer support proved to be disappointing. Save your money.,Negative
5504,This item seems quite horrible. Total waste of money.,Negative
5505,The service feels awful. Will return it.,Negative
5506,I think the quality looks awesome. I love it.,Positive
5507,Customer support proved to be very awesome. Will buy again.,Positive
5508,The design proved to be totally disappointing. Very frustrated.,Negative
5509,The price seems awful. Very frustrated.,Negative
5510,This item is completely acceptable. It does the job.,Neutral
5511,I think the quality looks fine. Nothing special.,Neutral
5512,I think delivery is terrible. Save your money.,Positive
5513,The product proved to be dreadful. I hate it.,Negative
5514,My experience looks wonderful. Highly recommended!,Positive
5515,The service proved to be subpar. Save your money.,Negative
5516,I think the price looks great. I love it.,Positive
5517,The service was worst. Do not buy.,Negative
5518,Customer support seems fair. Serves its purpose.,Neutral
5519,The packaging seems brilliant. Exceeded expectations.,Negative
5520,This item is average. Nothing special.,Neutral
5521,I think the design looks awful. Very frustrated.,Negative
5522,My experience seems excellent. I love it.,Positive
5523,The packaging looks very stellar. Very satisfied.,Positive
5524,The service is absolutely worst. Do not buy.,Negative
5525,My experience is awesome. Will buy again.,Positive
5526,The quality is absolutely dreadful. Total waste of money.,Negative
5527,I think customer support was brilliant. Will buy again.,Positive
5528,I think the product looks stellar. Will buy again.,Positive
5529,The design is great. Will buy again.,Positive
5530,I think the service proved to be worst. Do not buy.,Negative
5531,Customer support proved to be perfect. Best purchase ever.,Positive
5532,My experience proved to be great. Very satisfied.,Positive
5533,The service seems quite disappointing. Very frustrated.,Negative
5534,The service is fairly mediocre. It does the job.,Neutral
5535,I think the service seems perfect. Highly recommended!,Positive
5536,My experience was bad. Total waste of money.,Negative
5537,I think the price proved to be wonderful. Highly recommended!,Positive
5538,I think the price feels horrible. Will return it.,Negative
5539,I think this item seems okay. As expected.,Neutral
5540,The service is standard. It does the job.,Neutral
5541,My experience feels average. Serves its purpose.,Neutral
5542,The design feels very terrible. I hate it.,Negative
5543,The quality feels worst. Very frustrated.,Negative
5544,My experience seems fantastic. Exceeded expectations.,Positive
5545,Delivery looks absolutely bad. Save your money.,Negative
5546,The design looks fantastic. I love it.,Positive
5547,The packaging feels poor. Very frustrated.,Negative
5548,The packaging is really wonderful. Highly recommended!,Positive
5549,The packaging proved to be useless. Do not buy.,Negative
5550,Customer support proved to be excellent. Very satisfied.,Positive
5551,The packaging was okay. It does the job.,Neutral
5552,"This item is typical. Not bad, not great.",Neutral
5553,Delivery is totally horrible. Very frustrated.,Negative
5554,The price was completely disappointing. Total waste of money.,Negative
5555,The packaging seems somewhat awful. Total waste of money.,Negative
5556,The design feels amazing. Will buy again.,Positive
5557,I think the product proved to be regular. Serves its purpose.,Neutral
5558,I think the price feels terrible. I hate it.,Negative
5559,The packaging feels extremely superb. Very satisfied.,Positive
5560,The price is stellar. Will buy again.,Positive
5561,The quality was completely acceptable. Nothing special.,Neutral
5562,The service is bad. I hate it.,Negative
5563,The quality was terrible. Will return it.,Negative
5564,The quality was great. I love it.,Positive
5565,The price proved to be totally useless. Very frustrated.,Negative
5566,The design proved to be totally horrible. Total waste of money.,Negative
5567,The packaging looks fantastic. Will buy again.,Positive
5568,Delivery looks fair. Serves its purpose.,Neutral
5569,My experience is amazing. Will buy again.,Positive
5570,The quality feels really great. Will buy again.,Positive
5571,I think the design was terrible. Do not buy.,Negative
5572,Delivery proved to be great. Best purchase ever.,Positive
5573,The price proved to be terrible. I hate it.,Negative
5574,The service is totally great. Highly recommended!,Positive
5575,I think this item is worst. I hate it.,Negative
5576,The product proved to be extremely wonderful. Best purchase ever.,Positive
5577,I think customer support proved to be dreadful. Very frustrated.,Negative
5578,The packaging feels really horrible. Total waste of money.,Negative
5579,I think delivery was dreadful. Total waste of money.,Negative
5580,I think the design was excellent. Very satisfied.,Positive
5581,The quality proved to be great. Exceeded expectations.,Positive
5582,The packaging proved to be acceptable. Might buy again.,Neutral
5583,I think the design looks fantastic. Will buy again.,Positive
5584,My experience is amazing. Very satisfied.,Positive
5585,I think the design looks brilliant. Highly recommended!,Positive
5586,The design feels absolutely standard. Might buy again.,Neutral
5587,The packaging looks terrible. I hate it.,Negative
5588,Delivery proved to be poor. Will return it.,Negative
5589,"I think delivery feels fair. Not bad, not great.",Neutral
5590,Delivery seems very horrible. Will return it.,Negative
5591,I think the quality seems useless. Save your money.,Negative
5592,My experience is perfect. Very satisfied.,Positive
5593,I think customer support is awful. Total waste of money.,Negative
5594,I think delivery feels stellar. Exceeded expectations.,Positive
5595,I think the packaging is subpar. I hate it.,Negative
5596,I think customer support looks perfect. Best purchase ever.,Neutral
5597,I think this item looks awesome. Very satisfied.,Negative
5598,The service is useless. Save your money.,Negative
5599,The quality is totally fantastic. I love it.,Positive
5600,Customer support feels somewhat bad. Very frustrated.,Negative
5601,"The packaging proved to be very typical. Not bad, not great.",Neutral
5602,The quality looks truly terrible. Will return it.,Negative
5603,I think my experience proved to be bad. I hate it.,Negative
5604,I think the service was average. It does the job.,Neutral
5605,I think the quality is amazing. Highly recommended!,Positive
5606,The product looks absolutely disappointing. Will return it.,Negative
5607,My experience seems awesome. Very satisfied.,Positive
5608,I think the price looks dreadful. Will return it.,Negative
5609,"The product looks totally regular. Not bad, not great.",Neutral
5610,The service seems normal. Might buy again.,Neutral
5611,The packaging seems terrible. Save your money.,Negative
5612,The quality was stellar. Best purchase ever.,Positive
5613,The design was fairly disappointing. Save your money.,Negative
5614,I think the service is useless. I hate it.,Negative
5615,The product seems totally terrible. Very frustrated.,Negative
5616,The design looks perfect. Very satisfied.,Positive
5617,I think the design looks perfect. Very satisfied.,Positive
5618,This item seems quite okay. It does the job.,Neutral
5619,The product seems wonderful. Very satisfied.,Positive
5620,The price feels perfect. I love it.,Positive
5621,I think the product looks worst. Total waste of money.,Negative
5622,This item looks fair. As expected.,Neutral
5623,The design is very disappointing. Do not buy.,Negative
5624,The packaging was fairly worst. Do not buy.,Negative
5625,I think the service looks perfect. Highly recommended!,Positive
5626,I think the product proved to be worst. Very frustrated.,Negative
5627,I think the design proved to be perfect. Exceeded expectations.,Positive
5628,The service seems brilliant. Very satisfied.,Positive
5629,The price is disappointing. Very frustrated.,Negative
5630,The design looks fine. As expected.,Neutral
5631,This item is extremely terrible. Save your money.,Negative
5632,This item proved to be really fantastic. Exceeded expectations.,Positive
5633,"I think the quality seems fair. Not bad, not great.",Positive
5634,I think customer support feels awful. I hate it.,Negative
5635,The service was fantastic. Highly recommended!,Positive
5636,Delivery looks quite terrible. Total waste of money.,Negative
5637,Customer support feels superb. Very satisfied.,Positive
5638,The product is very terrible. I hate it.,Negative
5639,I think the product proved to be awful. Total waste of money.,Negative
5640,Delivery is extremely stellar. Highly recommended!,Positive
5641,Delivery proved to be excellent. Will buy again.,Positive
5642,Customer support is fairly dreadful. I hate it.,Negative
5643,I think this item was awesome. Exceeded expectations.,Positive
5644,The design proved to be average. It does the job.,Neutral
5645,Customer support feels fairly useless. Total waste of money.,Negative
5646,Delivery is absolutely horrible. Will return it.,Negative
5647,The service proved to be disappointing. Save your money.,Negative
5648,This item proved to be truly fantastic. I love it.,Positive
5649,The packaging was quite subpar. Very frustrated.,Negative
5650,This item is poor. I hate it.,Negative
5651,The price is completely great. Best purchase ever.,Positive
5652,My experience feels fair. Might buy again.,Neutral
5653,I think the design looks typical. Serves its purpose.,Neutral
5654,The packaging proved to be very poor. Save your money.,Negative
5655,My experience proved to be fairly awful. Do not buy.,Negative
5656,Delivery feels worst. Do not buy.,Negative
5657,The quality is somewhat poor. Very frustrated.,Negative
5658,I think the packaging looks fantastic. I love it.,Positive
5659,I think this item looks dreadful. Very frustrated.,Negative
5660,Delivery proved to be extremely disappointing. Total waste of money.,Negative
5661,I think the packaging feels awesome. I love it.,Positive
5662,I think the product was amazing. I love it.,Positive
5663,The packaging is awful. I hate it.,Negative
5664,Delivery was really okay. Might buy again.,Neutral
5665,The design looks really fine. Might buy again.,Neutral
5666,The packaging is really perfect. Highly recommended!,Positive
5667,The product is worst. Do not buy.,Negative
5668,The price feels poor. Very frustrated.,Negative
5669,I think the price proved to be horrible. Will return it.,Negative
5670,"Customer support was completely average. Not bad, not great.",Neutral
5671,This item looks stellar. I love it.,Neutral
5672,I think the service proved to be mediocre. It does the job.,Positive
5673,I think delivery was superb. I love it.,Positive
5674,The design proved to be wonderful. Exceeded expectations.,Positive
5675,The packaging was totally poor. Will return it.,Negative
5676,The price seems great. I love it.,Positive
5677,"I think customer support proved to be acceptable. Not bad, not great.",Neutral
5678,"The packaging was truly fair. Not bad, not great.",Neutral
5679,I think the quality looks worst. Will return it.,Negative
5680,The design feels quite brilliant. Will buy again.,Positive
5681,I think the service proved to be stellar. I love it.,Negative
5682,The price seems very wonderful. I love it.,Positive
5683,The quality looks extremely awful. Do not buy.,Negative
5684,The packaging proved to be truly standard. Might buy again.,Neutral
5685,The packaging proved to be excellent. I love it.,Positive
5686,Customer support was totally bad. Will return it.,Negative
5687,The quality seems fantastic. Will buy again.,Positive
5688,I think the packaging feels poor. I hate it.,Negative
5689,I think this item was average. It does the job.,Neutral
5690,The design feels absolutely superb. Very satisfied.,Positive
5691,This item looks fantastic. I love it.,Positive
5692,The packaging proved to be really mediocre. Serves its purpose.,Neutral
5693,I think the design was awesome. Very satisfied.,Positive
5694,I think the product feels terrible. Do not buy.,Negative
5695,The product was truly perfect. Very satisfied.,Negative
5696,My experience looks truly awesome. Will buy again.,Positive
5697,"Delivery was quite standard. Not bad, not great.",Neutral
5698,The packaging looks disappointing. Do not buy.,Negative
5699,Delivery seems truly worst. Very frustrated.,Negative
5700,I think delivery looks useless. Do not buy.,Negative
5701,Delivery is worst. Do not buy.,Negative
5702,The packaging was completely bad. Will return it.,Negative
5703,I think customer support seems poor. Total waste of money.,Negative
5704,The price feels fantastic. Best purchase ever.,Positive
5705,I think my experience feels stellar. Will buy again.,Positive
5706,My experience was subpar. Will return it.,Negative
5707,The design proved to be fairly superb. Will buy again.,Positive
5708,I think the price was amazing. Highly recommended!,Positive
5709,The quality was absolutely perfect. Exceeded expectations.,Positive
5710,Customer support feels somewhat worst. Very frustrated.,Negative
5711,I think the price was perfect. I love it.,Neutral
5712,The price proved to be somewhat perfect. Will buy again.,Positive
5713,I think the design feels awful. Do not buy.,Negative
5714,I think my experience proved to be wonderful. Exceeded expectations.,Positive
5715,I think customer support feels awesome. Highly recommended!,Positive
5716,My experience feels useless. Very frustrated.,Negative
5717,I think the design proved to be great. Very satisfied.,Positive
5718,My experience proved to be subpar. Do not buy.,Negative
5719,I think this item looks bad. Very frustrated.,Negative
5720,My experience feels excellent. I love it.,Positive
5721,I think delivery looks useless. Will return it.,Negative
5722,"The quality feels normal. Not bad, not great.",Negative
5723,"I think delivery seems okay. Not bad, not great.",Neutral
5724,The price looks amazing. Best purchase ever.,Positive
5725,The product was wonderful. Best purchase ever.,Positive
5726,I think the service proved to be terrible. Save your money.,Negative
5727,The product was poor. Very frustrated.,Negative
5728,Delivery is stellar. Best purchase ever.,Positive
5729,I think my experience seems brilliant. I love it.,Positive
5730,The packaging feels quite perfect. Very satisfied.,Positive
5731,The design is acceptable. Nothing special.,Neutral
5732,The quality looks really dreadful. Very frustrated.,Negative
5733,This item was horrible. Will return it.,Negative
5734,I think delivery was okay. Serves its purpose.,Neutral
5735,I think the price is great. Exceeded expectations.,Positive
5736,The product seems somewhat average. Might buy again.,Neutral
5737,This item feels really stellar. Exceeded expectations.,Positive
5738,I think this item proved to be poor. Total waste of money.,Negative
5739,I think delivery looks okay. Might buy again.,Neutral
5740,This item proved to be very horrible. I hate it.,Negative
5741,Delivery proved to be horrible. Very frustrated.,Negative
5742,The service is very awful. Very frustrated.,Negative
5743,The packaging seems subpar. I hate it.,Negative
5744,Customer support feels useless. I hate it.,Negative
5745,The service feels truly poor. Will return it.,Negative
5746,Customer support is regular. Might buy again.,Neutral
5747,The design seems absolutely standard. As expected.,Neutral
5748,I think the price is perfect. Highly recommended!,Positive
5749,Delivery was totally subpar. Very frustrated.,Negative
5750,I think delivery seems regular. It does the job.,Neutral
5751,I think the packaging feels disappointing. Do not buy.,Negative
5752,The price proved to be superb. Very satisfied.,Positive
5753,I think delivery seems fantastic. Exceeded expectations.,Positive
5754,I think the service is awesome. Exceeded expectations.,Positive
5755,The design feels quite subpar. I hate it.,Negative
5756,I think the product feels bad. Save your money.,Negative
5757,This item is amazing. Will buy again.,Positive
5758,The price feels absolutely fair. Serves its purpose.,Neutral
5759,I think the quality was worst. I hate it.,Negative
5760,Delivery seems brilliant. Highly recommended!,Positive
5761,My experience feels completely mediocre. It does the job.,Positive
5762,The quality proved to be fairly disappointing. Total waste of money.,Negative
5763,The design feels completely poor. Save your money.,Negative
5764,I think delivery was worst. Very frustrated.,Negative
5765,My experience seems brilliant. Exceeded expectations.,Positive
5766,I think customer support looks brilliant. Very satisfied.,Negative
5767,I think delivery seems terrible. Save your money.,Negative
5768,This item was poor. Total waste of money.,Negative
5769,The quality looks worst. I hate it.,Negative
5770,The price is dreadful. Total waste of money.,Positive
5771,The service was awful. Do not buy.,Negative
5772,I think my experience feels dreadful. Very frustrated.,Negative
5773,Customer support looks awesome. Exceeded expectations.,Positive
5774,The packaging was stellar. Best purchase ever.,Positive
5775,The price is superb. Exceeded expectations.,Positive
5776,Customer support proved to be somewhat stellar. Will buy again.,Positive
5777,Customer support proved to be fairly standard. Nothing special.,Neutral
5778,The design proved to be somewhat worst. Save your money.,Negative
5779,My experience seems completely acceptable. It does the job.,Neutral
5780,Customer support is awesome. Exceeded expectations.,Positive
5781,This item proved to be truly disappointing. Do not buy.,Negative
5782,I think the design feels terrible. Will return it.,Negative
5783,This item looks stellar. Highly recommended!,Positive
5784,I think the product was superb. Highly recommended!,Negative
5785,The service was typical. Might buy again.,Neutral
5786,The design looks quite perfect. Highly recommended!,Positive
5787,Delivery proved to be regular. As expected.,Neutral
5788,I think the packaging seems subpar. Do not buy.,Negative
5789,Delivery feels absolutely horrible. Will return it.,Negative
5790,The price was absolutely fantastic. Will buy again.,Positive
5791,This item feels okay. It does the job.,Neutral
5792,I think the quality looks great. Will buy again.,Positive
5793,Customer support looks really poor. Very frustrated.,Negative
5794,The service seems truly subpar. Very frustrated.,Negative
5795,I think the design proved to be brilliant. Very satisfied.,Positive
5796,The quality proved to be really worst. Save your money.,Negative
5797,The price proved to be subpar. Total waste of money.,Negative
5798,The design proved to be very standard. Serves its purpose.,Neutral
5799,The service feels regular. Might buy again.,Neutral
5800,I think the quality feels awesome. Highly recommended!,Positive
5801,I think the packaging feels horrible. Will return it.,Negative
5802,This item was subpar. Very frustrated.,Negative
5803,I think the design feels bad. Total waste of money.,Negative
5804,Customer support was very horrible. Save your money.,Negative
5805,The service seems acceptable. Serves its purpose.,Neutral
5806,The product is quite disappointing. I hate it.,Negative
5807,The packaging looks extremely useless. Save your money.,Negative
5808,Delivery is truly okay. It does the job.,Neutral
5809,I think the design looks subpar. Save your money.,Negative
5810,The price was awesome. Best purchase ever.,Positive
5811,I think my experience feels terrible. Total waste of money.,Negative
5812,I think the price looks fantastic. I love it.,Positive
5813,I think the design proved to be great. Best purchase ever.,Positive
5814,The quality is really wonderful. Exceeded expectations.,Positive
5815,I think delivery looks normal. Might buy again.,Neutral
5816,I think the design proved to be superb. I love it.,Positive
5817,The packaging looks brilliant. I love it.,Positive
5818,I think the design feels fantastic. Highly recommended!,Negative
5819,I think the product seems poor. Very frustrated.,Negative
5820,The packaging proved to be absolutely awesome. Very satisfied.,Positive
5821,The product seems great. Will buy again.,Positive
5822,The packaging looks perfect. Highly recommended!,Positive
5823,The price looks excellent. Highly recommended!,Positive
5824,The design proved to be poor. Total waste of money.,Negative
5825,The packaging looks horrible. Total waste of money.,Negative
5826,The quality proved to be somewhat awesome. I love it.,Positive
5827,The price feels quite stellar. Highly recommended!,Positive
5828,The design feels perfect. Very satisfied.,Positive
5829,I think my experience is regular. Might buy again.,Neutral
5830,I think the packaging is fantastic. Very satisfied.,Positive
5831,This item was fairly perfect. Best purchase ever.,Positive
5832,Delivery proved to be very wonderful. Exceeded expectations.,Positive
5833,I think the service looks fantastic. Exceeded expectations.,Positive
5834,The packaging seems mediocre. Serves its purpose.,Neutral
5835,The price looks awful. Will return it.,Negative
5836,I think the product feels perfect. Highly recommended!,Positive
5837,Customer support seems absolutely awful. Save your money.,Negative
5838,This item was totally stellar. I love it.,Positive
5839,I think the quality looks dreadful. Very frustrated.,Negative
5840,I think the packaging proved to be amazing. Will buy again.,Positive
5841,The product feels awful. Do not buy.,Negative
5842,Customer support was poor. Do not buy.,Negative
5843,My experience looks quite great. Very satisfied.,Positive
5844,The product looks brilliant. Exceeded expectations.,Positive
5845,The design looks totally horrible. Total waste of money.,Negative
5846,My experience looks horrible. Very frustrated.,Negative
5847,My experience looks really average. Nothing special.,Neutral
5848,I think the service proved to be worst. Total waste of money.,Negative
5849,I think the price is acceptable. As expected.,Neutral
5850,I think the product proved to be terrible. Total waste of money.,Negative
5851,I think this item was superb. I love it.,Positive
5852,I think the service feels great. I love it.,Positive
5853,The quality was disappointing. Do not buy.,Negative
5854,The product was totally awesome. Will buy again.,Positive
5855,The design was truly terrible. Do not buy.,Neutral
5856,The design looks absolutely standard. Serves its purpose.,Neutral
5857,The quality seems very normal. Nothing special.,Neutral
5858,The packaging feels worst. Total waste of money.,Negative
5859,I think delivery looks superb. Highly recommended!,Positive
5860,The product looks fairly awesome. Exceeded expectations.,Positive
5861,The service was totally horrible. Very frustrated.,Negative
5862,I think this item seems dreadful. I hate it.,Negative
5863,The service was absolutely disappointing. I hate it.,Negative
5864,The packaging feels quite stellar. Highly recommended!,Positive
5865,I think the packaging feels standard. It does the job.,Neutral
5866,The design was quite regular. As expected.,Neutral
5867,Customer support looks poor. Will return it.,Negative
5868,The price seems very useless. Will return it.,Negative
5869,This item looks somewhat okay. Might buy again.,Neutral
5870,I think customer support is great. Will buy again.,Positive
5871,I think this item proved to be amazing. Exceeded expectations.,Positive
5872,The design is awesome. Will buy again.,Positive
5873,The design feels absolutely subpar. I hate it.,Negative
5874,The quality was very bad. Will return it.,Negative
5875,I think delivery looks wonderful. I love it.,Positive
5876,I think the packaging was superb. Very satisfied.,Positive
5877,I think the service looks useless. I hate it.,Negative
5878,I think my experience feels great. Best purchase ever.,Positive
5879,I think the design looks dreadful. Very frustrated.,Negative
5880,I think delivery was wonderful. Highly recommended!,Positive
5881,Customer support looks superb. Best purchase ever.,Positive
5882,The packaging is really brilliant. Will buy again.,Positive
5883,I think delivery seems terrible. Do not buy.,Negative
5884,Delivery seems disappointing. Will return it.,Negative
5885,The design proved to be truly terrible. Do not buy.,Negative
5886,Delivery looks totally excellent. I love it.,Positive
5887,This item feels totally awful. Save your money.,Negative
5888,My experience seems brilliant. Will buy again.,Positive
5889,The service feels truly horrible. Total waste of money.,Negative
5890,Delivery proved to be fair. Serves its purpose.,Neutral
5891,The packaging proved to be very worst. Do not buy.,Negative
5892,This item looks totally poor. Do not buy.,Negative
5893,The design feels dreadful. Total waste of money.,Negative
5894,Customer support proved to be truly acceptable. Might buy again.,Neutral
5895,The design proved to be amazing. Best purchase ever.,Positive
5896,"The packaging proved to be really fine. Not bad, not great.",Neutral
5897,Delivery was somewhat great. Will buy again.,Positive
5898,The design feels perfect. Highly recommended!,Positive
5899,I think customer support looks terrible. Total waste of money.,Negative
5900,The price looks useless. Very frustrated.,Negative
5901,I think delivery feels stellar. Will buy again.,Positive
5902,The price is really awesome. Highly recommended!,Positive
5903,The product feels fairly average. It does the job.,Neutral
5904,The price was great. Will buy again.,Positive
5905,The price proved to be truly perfect. Will buy again.,Positive
5906,Customer support was superb. Exceeded expectations.,Positive
5907,The packaging was disappointing. Very frustrated.,Negative
5908,I think the packaging proved to be disappointing. Do not buy.,Negative
5909,The product looks fairly perfect. Best purchase ever.,Positive
5910,I think my experience proved to be brilliant. I love it.,Positive
5911,The price seems wonderful. Very satisfied.,Positive
5912,The design was fair. Nothing special.,Neutral
5913,The design feels really typical. Might buy again.,Neutral
5914,The product seems acceptable. Might buy again.,Neutral
5915,The product seems fantastic. Best purchase ever.,Positive
5916,This item seems absolutely mediocre. Nothing special.,Neutral
5917,The quality proved to be fairly subpar. Will return it.,Negative
5918,The product feels stellar. Very satisfied.,Positive
5919,I think the quality is typical. Nothing special.,Neutral
5920,"This item was really standard. Not bad, not great.",Neutral
5921,I think customer support was disappointing. Do not buy.,Negative
5922,The service feels fairly useless. Do not buy.,Negative
5923,"My experience proved to be somewhat standard. Not bad, not great.",Neutral
5924,"I think the service seems acceptable. Not bad, not great.",Neutral
5925,The packaging was bad. Total waste of money.,Negative
5926,The packaging proved to be average. Might buy again.,Neutral
5927,I think the quality looks wonderful. Exceeded expectations.,Positive
5928,The packaging is superb. Highly recommended!,Positive
5929,I think the product proved to be poor. Very frustrated.,Negative
5930,Delivery seems great. Highly recommended!,Positive
5931,My experience looks horrible. Total waste of money.,Positive
5932,I think delivery seems wonderful. Very satisfied.,Positive
5933,The quality was totally horrible. Will return it.,Negative
5934,I think the product looks awful. Very frustrated.,Negative
5935,Delivery feels subpar. I hate it.,Negative
5936,I think the product was poor. I hate it.,Negative
5937,I think customer support was terrible. Total waste of money.,Negative
5938,I think the service looks stellar. I love it.,Positive
5939,"Customer support proved to be absolutely fine. Not bad, not great.",Neutral
5940,Delivery seems fantastic. Will buy again.,Positive
5941,I think the packaging proved to be awful. Very frustrated.,Negative
5942,The design proved to be fantastic. Exceeded expectations.,Neutral
5943,Delivery is terrible. I hate it.,Negative
5944,Delivery is awful. Will return it.,Negative
5945,Customer support seems mediocre. It does the job.,Neutral
5946,My experience proved to be totally amazing. Will buy again.,Positive
5947,I think delivery proved to be stellar. Exceeded expectations.,Positive
5948,My experience feels fairly worst. Do not buy.,Negative
5949,I think the price seems subpar. Save your money.,Negative
5950,Customer support seems somewhat perfect. Best purchase ever.,Positive
5951,I think the product was brilliant. Very satisfied.,Positive
5952,The product was totally subpar. Save your money.,Negative
5953,The design proved to be great. Highly recommended!,Positive
5954,I think the price seems brilliant. Best purchase ever.,Positive
5955,This item is somewhat excellent. I love it.,Positive
5956,I think the quality proved to be wonderful. Very satisfied.,Positive
5957,The product is brilliant. Exceeded expectations.,Positive
5958,Customer support feels somewhat typical. Nothing special.,Neutral
5959,I think my experience was useless. Total waste of money.,Negative
5960,The service is useless. Will return it.,Negative
5961,The price seems amazing. Very satisfied.,Positive
5962,The service proved to be poor. Do not buy.,Negative
5963,I think the quality was terrible. Very frustrated.,Negative
5964,Delivery seems perfect. I love it.,Positive
5965,This item feels disappointing. Very frustrated.,Negative
5966,The packaging proved to be quite horrible. Save your money.,Negative
5967,I think the design looks terrible. Total waste of money.,Negative
5968,I think my experience looks terrible. I hate it.,Negative
5969,The packaging is totally brilliant. Very satisfied.,Positive
5970,I think the quality feels subpar. Save your money.,Neutral
5971,The product feels totally wonderful. Exceeded expectations.,Positive
5972,The product feels typical. As expected.,Neutral
5973,The packaging feels superb. I love it.,Positive
5974,The quality seems quite superb. Will buy again.,Positive
5975,I think the product was regular. Nothing special.,Neutral
5976,Customer support looks totally fine. It does the job.,Neutral
5977,This item looks completely perfect. Best purchase ever.,Positive
5978,I think the quality was perfect. Exceeded expectations.,Neutral
5979,The price seems extremely fine. It does the job.,Neutral
5980,I think customer support was amazing. I love it.,Neutral
5981,I think the price was great. Exceeded expectations.,Neutral
5982,I think the quality proved to be useless. Save your money.,Negative
5983,The product feels totally excellent. Highly recommended!,Positive
5984,I think customer support was horrible. Will return it.,Negative
5985,"The quality seems absolutely fair. Not bad, not great.",Neutral
5986,The quality was completely brilliant. Very satisfied.,Positive
5987,The product proved to be extremely perfect. Exceeded expectations.,Positive
5988,The packaging looks somewhat great. Highly recommended!,Positive
5989,I think the service feels fantastic. Will buy again.,Positive
5990,The product seems very useless. Save your money.,Negative
5991,Customer support seems disappointing. Save your money.,Negative
5992,My experience is wonderful. Highly recommended!,Positive
5993,I think my experience proved to be typical. Serves its purpose.,Neutral
5994,I think the price was amazing. I love it.,Positive
5995,I think the price is subpar. Very frustrated.,Negative
5996,The service was absolutely bad. Total waste of money.,Negative
5997,The quality seems absolutely dreadful. Do not buy.,Negative
5998,I think the quality was stellar. I love it.,Positive
5999,The service seems completely mediocre. It does the job.,Neutral
6000,The service feels great. Best purchase ever.,Positive
6001,My experience feels really horrible. Total waste of money.,Neutral
6002,I think the quality looks subpar. Will return it.,Negative
6003,I think the price was terrible. I hate it.,Negative
6004,I think the design was dreadful. Total waste of money.,Negative
6005,I think the design seems horrible. I hate it.,Negative
6006,I think my experience is fantastic. Best purchase ever.,Positive
6007,I think the packaging is perfect. Best purchase ever.,Positive
6008,My experience looks extremely normal. Might buy again.,Neutral
6009,The packaging was quite amazing. Exceeded expectations.,Positive
6010,This item looks quite terrible. Do not buy.,Negative
6011,I think delivery is mediocre. Serves its purpose.,Neutral
6012,The price was worst. Save your money.,Negative
6013,I think the packaging was dreadful. Total waste of money.,Negative
6014,I think delivery proved to be awesome. Will buy again.,Positive
6015,"I think the service looks okay. Not bad, not great.",Neutral
6016,The packaging was superb. Very satisfied.,Positive
6017,My experience is somewhat useless. Do not buy.,Negative
6018,The service was completely wonderful. Very satisfied.,Positive
6019,The quality feels truly stellar. Exceeded expectations.,Positive
6020,The packaging feels perfect. Best purchase ever.,Positive
6021,I think the quality was disappointing. Total waste of money.,Negative
6022,The service looks superb. Highly recommended!,Positive
6023,Customer support is fairly terrible. I hate it.,Negative
6024,The service is horrible. Will return it.,Negative
6025,The service seems absolutely fantastic. Highly recommended!,Neutral
6026,I think the service was awesome. I love it.,Positive
6027,Customer support feels completely terrible. Total waste of money.,Negative
6028,I think the design looks dreadful. Do not buy.,Negative
6029,I think customer support proved to be average. It does the job.,Neutral
6030,The design proved to be really superb. Highly recommended!,Positive
6031,Delivery was very poor. Will return it.,Negative
6032,The price seems stellar. Will buy again.,Negative
6033,The design is awful. Total waste of money.,Negative
6034,My experience was terrible. Save your money.,Negative
6035,I think the service looks subpar. Total waste of money.,Negative
6036,Delivery is superb. Best purchase ever.,Positive
6037,I think the design proved to be bad. Will return it.,Negative
6038,This item is fairly horrible. Save your money.,Negative
6039,I think this item feels great. Very satisfied.,Positive
6040,I think the price seems acceptable. Serves its purpose.,Neutral
6041,I think the product is subpar. Save your money.,Negative
6042,I think this item looks dreadful. Will return it.,Negative
6043,The packaging is absolutely fantastic. Highly recommended!,Positive
6044,The price looks fine. Serves its purpose.,Neutral
6045,Customer support is normal. Serves its purpose.,Neutral
6046,Customer support is awesome. Best purchase ever.,Positive
6047,The packaging is truly awful. Save your money.,Negative
6048,The price proved to be bad. Do not buy.,Negative
6049,My experience is very amazing. Will buy again.,Positive
6050,This item proved to be superb. Will buy again.,Positive
6051,The design seems fair. It does the job.,Neutral
6052,I think my experience was acceptable. Might buy again.,Neutral
6053,I think the packaging is useless. Total waste of money.,Negative
6054,The quality seems horrible. I hate it.,Negative
6055,The packaging was standard. Serves its purpose.,Neutral
6056,The packaging looks great. I love it.,Positive
6057,The product was really dreadful. Do not buy.,Positive
6058,The service is great. Best purchase ever.,Positive
6059,I think this item was amazing. Will buy again.,Positive
6060,Delivery looks fairly subpar. Save your money.,Negative
6061,The packaging was amazing. Best purchase ever.,Positive
6062,I think the design is awful. Save your money.,Negative
6063,The design seems brilliant. Will buy again.,Positive
6064,The service proved to be extremely awful. Will return it.,Negative
6065,The product looks wonderful. Will buy again.,Positive
6066,The service looks really dreadful. Save your money.,Negative
6067,My experience seems extremely superb. Very satisfied.,Positive
6068,My experience seems extremely bad. I hate it.,Negative
6069,The quality feels absolutely great. Will buy again.,Positive
6070,The quality is completely brilliant. Will buy again.,Positive
6071,I think the quality was awful. Will return it.,Negative
6072,The design proved to be totally horrible. Save your money.,Negative
6073,The service seems completely awesome. Very satisfied.,Positive
6074,I think the price looks typical. Might buy again.,Neutral
6075,Delivery is stellar. Will buy again.,Positive
6076,Delivery was truly disappointing. Do not buy.,Negative
6077,The quality is truly amazing. Highly recommended!,Positive
6078,I think the packaging was okay. As expected.,Neutral
6079,My experience proved to be fairly awesome. Best purchase ever.,Positive
6080,The product seems useless. Very frustrated.,Negative
6081,I think the product was terrible. Total waste of money.,Negative
6082,I think the price seems typical. Might buy again.,Neutral
6083,The design proved to be fairly useless. Save your money.,Negative
6084,I think my experience looks disappointing. Save your money.,Negative
6085,I think my experience proved to be horrible. Very frustrated.,Negative
6086,This item was great. Exceeded expectations.,Neutral
6087,The service proved to be poor. Very frustrated.,Negative
6088,The packaging seems okay. Serves its purpose.,Neutral
6089,The service looks wonderful. Exceeded expectations.,Positive
6090,I think the packaging seems brilliant. I love it.,Positive
6091,The price was truly bad. Save your money.,Negative
6092,The quality feels truly fantastic. Highly recommended!,Positive
6093,The design feels awful. Do not buy.,Negative
6094,I think the packaging is subpar. Do not buy.,Negative
6095,I think delivery is horrible. Total waste of money.,Negative
6096,I think the design feels stellar. Very satisfied.,Positive
6097,I think the product feels horrible. Total waste of money.,Negative
6098,I think the packaging feels mediocre. As expected.,Neutral
6099,This item feels awful. Do not buy.,Negative
6100,The price seems completely amazing. Very satisfied.,Positive
6101,I think delivery was subpar. Very frustrated.,Negative
6102,The price proved to be extremely useless. I hate it.,Negative
6103,My experience proved to be subpar. Do not buy.,Negative
6104,I think the product seems stellar. Best purchase ever.,Positive
6105,My experience seems totally fair. As expected.,Neutral
6106,I think the quality is okay. Might buy again.,Neutral
6107,The product feels typical. Might buy again.,Neutral
6108,"The packaging feels standard. Not bad, not great.",Neutral
6109,The quality was totally fantastic. Exceeded expectations.,Positive
6110,I think customer support proved to be mediocre. Nothing special.,Neutral
6111,Customer support looks totally dreadful. Do not buy.,Negative
6112,The design looks very subpar. Total waste of money.,Negative
6113,Customer support looks useless. Total waste of money.,Negative
6114,Customer support feels truly worst. Save your money.,Negative
6115,This item looks mediocre. It does the job.,Neutral
6116,I think the price is great. Very satisfied.,Positive
6117,The price looks extremely amazing. Exceeded expectations.,Positive
6118,I think the service was bad. Save your money.,Negative
6119,I think delivery feels fair. Might buy again.,Neutral
6120,The price looks totally mediocre. Might buy again.,Neutral
6121,The service feels fairly great. Will buy again.,Positive
6122,The price is acceptable. Serves its purpose.,Neutral
6123,I think this item looks awful. Will return it.,Negative
6124,The price is poor. Very frustrated.,Negative
6125,The price proved to be really fine. Serves its purpose.,Neutral
6126,I think the design was dreadful. I hate it.,Negative
6127,This item looks quite brilliant. Highly recommended!,Positive
6128,The quality proved to be totally brilliant. Exceeded expectations.,Positive
6129,Delivery looks absolutely stellar. Highly recommended!,Positive
6130,This item is horrible. Will return it.,Negative
6131,I think my experience seems awful. I hate it.,Negative
6132,I think the price looks regular. As expected.,Neutral
6133,I think the design proved to be poor. Total waste of money.,Negative
6134,The packaging looks really poor. Do not buy.,Negative
6135,I think the product looks stellar. I love it.,Positive
6136,The price is very bad. Very frustrated.,Negative
6137,"I think delivery proved to be okay. Not bad, not great.",Neutral
6138,I think customer support feels regular. Might buy again.,Neutral
6139,My experience feels worst. Save your money.,Negative
6140,The quality was bad. I hate it.,Negative
6141,The design seems amazing. Highly recommended!,Positive
6142,The product is great. I love it.,Positive
6143,Customer support is useless. Do not buy.,Negative
6144,I think my experience proved to be wonderful. Very satisfied.,Positive
6145,The quality was fantastic. Exceeded expectations.,Positive
6146,I think the service seems subpar. Very frustrated.,Negative
6147,The design looks amazing. Best purchase ever.,Positive
6148,The design feels absolutely awful. I hate it.,Negative
6149,My experience feels dreadful. Very frustrated.,Negative
6150,The product proved to be worst. Total waste of money.,Negative
6151,Customer support feels quite okay. Serves its purpose.,Neutral
6152,I think this item was awful. Save your money.,Negative
6153,I think the service seems fantastic. Will buy again.,Positive
6154,The quality feels extremely amazing. I love it.,Positive
6155,The quality looks okay. Serves its purpose.,Neutral
6156,The packaging feels absolutely useless. Very frustrated.,Negative
6157,The design seems somewhat subpar. Total waste of money.,Negative
6158,I think the design feels bad. Save your money.,Negative
6159,The product is fairly horrible. Do not buy.,Positive
6160,My experience feels stellar. Best purchase ever.,Positive
6161,I think the packaging is brilliant. I love it.,Positive
6162,The packaging is disappointing. Very frustrated.,Negative
6163,The quality looks disappointing. Total waste of money.,Negative
6164,I think the design looks acceptable. It does the job.,Neutral
6165,The service feels subpar. Total waste of money.,Negative
6166,The packaging is subpar. I hate it.,Negative
6167,"Delivery seems completely regular. Not bad, not great.",Neutral
6168,The design looks superb. I love it.,Positive
6169,The price is stellar. Will buy again.,Positive
6170,My experience proved to be awful. Will return it.,Negative
6171,I think my experience looks excellent. Exceeded expectations.,Positive
6172,The service seems perfect. Exceeded expectations.,Positive
6173,"The design seems extremely acceptable. Not bad, not great.",Neutral
6174,My experience feels very excellent. Will buy again.,Positive
6175,I think the packaging feels awful. Do not buy.,Negative
6176,The quality feels somewhat standard. It does the job.,Neutral
6177,The price feels useless. Will return it.,Negative
6178,I think the quality looks typical. Nothing special.,Neutral
6179,This item is fantastic. Will buy again.,Positive
6180,My experience was truly worst. Will return it.,Negative
6181,Delivery was really normal. Might buy again.,Neutral
6182,I think the price was stellar. Will buy again.,Positive
6183,The price feels completely worst. Total waste of money.,Negative
6184,The quality proved to be totally awful. Save your money.,Neutral
6185,I think the price seems subpar. Do not buy.,Negative
6186,I think the packaging seems perfect. I love it.,Positive
6187,I think the design seems dreadful. Very frustrated.,Negative
6188,"I think the packaging looks regular. Not bad, not great.",Negative
6189,I think the quality feels excellent. Best purchase ever.,Negative
6190,I think customer support is worst. Very frustrated.,Negative
6191,This item was great. Highly recommended!,Positive
6192,"Customer support feels absolutely acceptable. Not bad, not great.",Neutral
6193,I think my experience feels bad. I hate it.,Negative
6194,I think my experience proved to be regular. Serves its purpose.,Neutral
6195,The price proved to be absolutely fantastic. Exceeded expectations.,Positive
6196,I think the quality was amazing. Very satisfied.,Positive
6197,The quality proved to be extremely amazing. Highly recommended!,Positive
6198,The design was truly stellar. Very satisfied.,Positive
6199,The product proved to be superb. Exceeded expectations.,Positive
6200,"I think the service seems fine. Not bad, not great.",Neutral
6201,Delivery seems really brilliant. I love it.,Positive
6202,The quality was standard. As expected.,Negative
6203,The price proved to be fantastic. Very satisfied.,Positive
6204,I think the service feels superb. Very satisfied.,Positive
6205,Delivery proved to be perfect. I love it.,Positive
6206,"The packaging seems regular. Not bad, not great.",Neutral
6207,I think my experience looks disappointing. I hate it.,Negative
6208,The product feels wonderful. Highly recommended!,Positive
6209,The price is perfect. Exceeded expectations.,Positive
6210,This item was poor. I hate it.,Neutral
6211,The price is awesome. Will buy again.,Positive
6212,I think delivery is worst. Total waste of money.,Negative
6213,This item was extremely amazing. Highly recommended!,Positive
6214,This item looks worst. I hate it.,Negative
6215,The design is fantastic. Highly recommended!,Neutral
6216,I think the product seems horrible. Very frustrated.,Negative
6217,The service feels subpar. I hate it.,Negative
6218,Delivery seems very awful. I hate it.,Negative
6219,I think the service looks dreadful. Do not buy.,Negative
6220,I think this item feels horrible. Will return it.,Negative
6221,Customer support looks dreadful. Save your money.,Negative
6222,Customer support proved to be very dreadful. Will return it.,Negative
6223,The price looks totally regular. Nothing special.,Negative
6224,Delivery proved to be amazing. Will buy again.,Positive
6225,I think the packaging feels bad. Save your money.,Negative
6226,I think the quality is bad. Very frustrated.,Negative
6227,I think the packaging seems useless. Very frustrated.,Negative
6228,This item feels standard. As expected.,Neutral
6229,My experience seems terrible. Will return it.,Neutral
6230,I think the product is awesome. Highly recommended!,Positive
6231,I think the product feels subpar. Very frustrated.,Negative
6232,I think the price was standard. Nothing special.,Neutral
6233,The price seems normal. It does the job.,Neutral
6234,Customer support looks worst. Save your money.,Negative
6235,I think delivery was poor. Do not buy.,Negative
6236,I think customer support is terrible. Will return it.,Negative
6237,I think the packaging proved to be amazing. Will buy again.,Positive
6238,The quality was disappointing. Very frustrated.,Negative
6239,This item was absolutely regular. Serves its purpose.,Negative
6240,Customer support is fairly terrible. Total waste of money.,Negative
6241,My experience looks poor. Save your money.,Negative
6242,I think the quality proved to be useless. Total waste of money.,Negative
6243,This item looks amazing. Best purchase ever.,Positive
6244,I think the design feels okay. As expected.,Neutral
6245,The service is perfect. Very satisfied.,Positive
6246,I think delivery feels mediocre. It does the job.,Neutral
6247,I think the service seems subpar. Very frustrated.,Positive
6248,I think delivery was awesome. I love it.,Positive
6249,The design looks absolutely wonderful. Highly recommended!,Positive
6250,My experience was average. Nothing special.,Neutral
6251,I think my experience is great. Highly recommended!,Positive
6252,I think the quality is bad. Total waste of money.,Negative
6253,This item seems extremely awful. I hate it.,Negative
6254,Delivery looks absolutely disappointing. I hate it.,Negative
6255,I think the packaging was useless. Will return it.,Negative
6256,The service seems very excellent. Best purchase ever.,Negative
6257,My experience seems absolutely regular. Serves its purpose.,Neutral
6258,The price feels superb. Very satisfied.,Positive
6259,Delivery was worst. Do not buy.,Negative
6260,I think the service is mediocre. Might buy again.,Neutral
6261,I think delivery proved to be fine. Serves its purpose.,Neutral
6262,I think this item proved to be typical. Might buy again.,Neutral
6263,The packaging seems awesome. Best purchase ever.,Positive
6264,The packaging proved to be fairly horrible. Save your money.,Negative
6265,I think the packaging is dreadful. Do not buy.,Negative
6266,The service seems somewhat worst. Will return it.,Negative
6267,This item looks truly mediocre. Serves its purpose.,Neutral
6268,The quality is great. Highly recommended!,Positive
6269,The packaging looks somewhat terrible. Will return it.,Positive
6270,The packaging is fairly great. Highly recommended!,Positive
6271,I think the packaging is poor. I hate it.,Negative
6272,I think my experience is subpar. Will return it.,Negative
6273,I think customer support feels poor. Will return it.,Negative
6274,I think customer support seems average. Might buy again.,Neutral
6275,The packaging feels completely horrible. Do not buy.,Negative
6276,Delivery proved to be somewhat excellent. Best purchase ever.,Positive
6277,I think the quality proved to be excellent. Very satisfied.,Positive
6278,This item was extremely brilliant. Best purchase ever.,Positive
6279,Customer support proved to be really brilliant. I love it.,Positive
6280,The product is awful. Save your money.,Negative
6281,The design proved to be quite horrible. I hate it.,Negative
6282,The design proved to be totally awesome. I love it.,Positive
6283,The packaging is totally wonderful. Exceeded expectations.,Positive
6284,I think the packaging feels awful. Will return it.,Negative
6285,The packaging was awful. Do not buy.,Negative
6286,I think this item seems subpar. Do not buy.,Negative
6287,The quality is quite okay. Serves its purpose.,Neutral
6288,Customer support seems quite awful. Total waste of money.,Negative
6289,The product seems very worst. Will return it.,Negative
6290,The packaging seems really typical. Nothing special.,Neutral
6291,I think customer support was regular. Nothing special.,Neutral
6292,I think the quality seems disappointing. Will return it.,Negative
6293,The service is very fair. Nothing special.,Neutral
6294,The design was fairly superb. Highly recommended!,Positive
6295,The quality feels totally fantastic. Will buy again.,Positive
6296,The packaging looks somewhat disappointing. Save your money.,Negative
6297,I think this item feels brilliant. I love it.,Positive
6298,The packaging proved to be fine. Might buy again.,Neutral
6299,This item seems completely bad. Very frustrated.,Negative
6300,The design is poor. I hate it.,Negative
6301,This item looks quite worst. Total waste of money.,Negative
6302,The product looks quite worst. Very frustrated.,Negative
6303,The price is okay. Might buy again.,Neutral
6304,Delivery feels fairly fair. Nothing special.,Neutral
6305,Customer support looks fairly horrible. Save your money.,Negative
6306,The service feels wonderful. Highly recommended!,Positive
6307,I think the product feels awful. Total waste of money.,Negative
6308,Customer support looks awesome. Exceeded expectations.,Positive
6309,I think the product looks average. Serves its purpose.,Neutral
6310,"The design looks normal. Not bad, not great.",Neutral
6311,Customer support is truly fantastic. Will buy again.,Negative
6312,The packaging seems subpar. Do not buy.,Negative
6313,I think the service proved to be brilliant. I love it.,Positive
6314,The service is completely great. Exceeded expectations.,Positive
6315,"The packaging feels typical. Not bad, not great.",Neutral
6316,I think this item is amazing. Highly recommended!,Neutral
6317,The product is very great. Will buy again.,Positive
6318,I think the price proved to be fine. Nothing special.,Neutral
6319,This item is truly typical. As expected.,Neutral
6320,This item seems fairly wonderful. Highly recommended!,Positive
6321,I think delivery is fantastic. Exceeded expectations.,Positive
6322,The quality proved to be great. Exceeded expectations.,Positive
6323,The design proved to be completely mediocre. Nothing special.,Neutral
6324,The quality looks really great. Highly recommended!,Positive
6325,I think the service seems mediocre. As expected.,Neutral
6326,The price proved to be completely okay. Might buy again.,Negative
6327,The price looks totally acceptable. Might buy again.,Neutral
6328,The price looks fairly brilliant. Will buy again.,Positive
6329,I think the design was terrible. Will return it.,Negative
6330,I think my experience proved to be great. Highly recommended!,Positive
6331,The service looks somewhat horrible. I hate it.,Negative
6332,I think the quality was great. Very satisfied.,Positive
6333,The price is standard. Serves its purpose.,Neutral
6334,The product feels okay. Nothing special.,Neutral
6335,The service was wonderful. Highly recommended!,Positive
6336,The product looks completely disappointing. Save your money.,Negative
6337,"Customer support proved to be fairly typical. Not bad, not great.",Neutral
6338,I think the quality proved to be stellar. Very satisfied.,Positive
6339,This item feels somewhat perfect. Will buy again.,Positive
6340,The product looks quite mediocre. It does the job.,Neutral
6341,The quality looks awful. Very frustrated.,Negative
6342,I think delivery proved to be stellar. Exceeded expectations.,Positive
6343,Customer support proved to be very subpar. Very frustrated.,Negative
6344,I think this item seems brilliant. Highly recommended!,Positive
6345,Customer support proved to be somewhat mediocre. Nothing special.,Neutral
6346,I think the quality looks okay. Nothing special.,Neutral
6347,Customer support seems absolutely great. I love it.,Positive
6348,Delivery seems horrible. I hate it.,Negative
6349,This item looks really stellar. Highly recommended!,Neutral
6350,Customer support was typical. It does the job.,Neutral
6351,The packaging is completely regular. Might buy again.,Neutral
6352,Delivery feels absolutely amazing. Will buy again.,Positive
6353,My experience looks amazing. Best purchase ever.,Positive
6354,The packaging was disappointing. Very frustrated.,Negative
6355,I think the quality looks great. Best purchase ever.,Positive
6356,I think customer support was horrible. Very frustrated.,Negative
6357,Delivery was fair. As expected.,Neutral
6358,The quality looks poor. Very frustrated.,Negative
6359,The price is extremely standard. Nothing special.,Neutral
6360,This item seems absolutely excellent. Best purchase ever.,Positive
6361,"My experience was very mediocre. Not bad, not great.",Neutral
6362,The quality is very fair. Might buy again.,Neutral
6363,My experience feels extremely disappointing. I hate it.,Negative
6364,The design was really terrible. Save your money.,Negative
6365,The design looks quite fine. It does the job.,Neutral
6366,The price looks acceptable. Serves its purpose.,Neutral
6367,Delivery feels very average. Might buy again.,Negative
6368,The quality seems really bad. Very frustrated.,Negative
6369,Customer support seems somewhat perfect. Very satisfied.,Positive
6370,The product looks subpar. I hate it.,Negative
6371,This item feels bad. Total waste of money.,Negative
6372,The design was somewhat fair. As expected.,Neutral
6373,The quality feels quite awful. Save your money.,Negative
6374,I think my experience feels dreadful. Do not buy.,Negative
6375,The quality feels standard. Serves its purpose.,Neutral
6376,The packaging is awful. Total waste of money.,Negative
6377,The packaging is fairly perfect. Very satisfied.,Positive
6378,The product looks worst. Will return it.,Negative
6379,Delivery seems somewhat worst. Do not buy.,Negative
6380,The packaging looks truly amazing. Best purchase ever.,Positive
6381,I think the design was regular. Serves its purpose.,Neutral
6382,This item seems extremely useless. I hate it.,Negative
6383,I think delivery seems disappointing. Total waste of money.,Negative
6384,The quality proved to be totally fantastic. Will buy again.,Positive
6385,This item proved to be fairly superb. Very satisfied.,Positive
6386,I think my experience was brilliant. I love it.,Positive
6387,Customer support seems totally regular. As expected.,Negative
6388,The service seems totally bad. Total waste of money.,Negative
6389,The product feels completely stellar. Will buy again.,Positive
6390,Delivery is bad. Will return it.,Negative
6391,The product feels amazing. Will buy again.,Positive
6392,The product feels very brilliant. Highly recommended!,Positive
6393,I think the design is terrible. Very frustrated.,Negative
6394,The product feels useless. Total waste of money.,Negative
6395,Customer support was bad. Total waste of money.,Negative
6396,I think my experience feels dreadful. I hate it.,Negative
6397,The packaging seems absolutely superb. I love it.,Positive
6398,The price feels disappointing. Save your money.,Neutral
6399,I think this item proved to be standard. Might buy again.,Neutral
6400,The packaging feels fairly worst. Do not buy.,Negative
6401,The product seems acceptable. It does the job.,Neutral
6402,The product is very fantastic. Best purchase ever.,Positive
6403,I think the quality is acceptable. Nothing special.,Neutral
6404,The design was fantastic. Highly recommended!,Positive
6405,I think the service is brilliant. Exceeded expectations.,Positive
6406,This item is brilliant. Best purchase ever.,Positive
6407,I think the packaging was fantastic. Will buy again.,Positive
6408,Delivery proved to be very poor. Very frustrated.,Negative
6409,I think my experience looks worst. Very frustrated.,Negative
6410,I think customer support feels awesome. Will buy again.,Positive
6411,The price was worst. Do not buy.,Negative
6412,I think the service is great. Exceeded expectations.,Positive
6413,Customer support seems very perfect. Exceeded expectations.,Positive
6414,The product was disappointing. Total waste of money.,Negative
6415,The service looks terrible. Will return it.,Negative
6416,My experience feels awful. Do not buy.,Negative
6417,My experience looks dreadful. Will return it.,Negative
6418,Customer support was totally excellent. Exceeded expectations.,Positive
6419,The product proved to be terrible. I hate it.,Negative
6420,The quality is absolutely great. I love it.,Positive
6421,I think customer support looks poor. Do not buy.,Negative
6422,Delivery looks quite subpar. I hate it.,Negative
6423,The design proved to be fairly bad. Save your money.,Negative
6424,I think customer support proved to be dreadful. I hate it.,Negative
6425,The price is brilliant. I love it.,Positive
6426,The service was very acceptable. Nothing special.,Neutral
6427,This item was perfect. Will buy again.,Positive
6428,I think delivery proved to be great. I love it.,Negative
6429,I think the product seems useless. Will return it.,Negative
6430,The design proved to be awful. Very frustrated.,Negative
6431,Customer support proved to be superb. Very satisfied.,Positive
6432,I think this item looks useless. I hate it.,Positive
6433,Delivery is great. Will buy again.,Positive
6434,Delivery looks quite mediocre. As expected.,Neutral
6435,This item seems terrible. I hate it.,Negative
6436,"I think the packaging proved to be fair. Not bad, not great.",Neutral
6437,The design seems wonderful. Exceeded expectations.,Positive
6438,I think the quality was amazing. I love it.,Positive
6439,I think delivery was worst. Very frustrated.,Negative
6440,Delivery seems mediocre. As expected.,Neutral
6441,The quality seems bad. Will return it.,Negative
6442,Delivery is totally superb. Best purchase ever.,Positive
6443,The product proved to be useless. Will return it.,Negative
6444,The price seems regular. It does the job.,Neutral
6445,I think this item proved to be terrible. Do not buy.,Neutral
6446,My experience is useless. Total waste of money.,Positive
6447,I think the design feels useless. Do not buy.,Negative
6448,The quality seems amazing. I love it.,Positive
6449,I think the price feels standard. Serves its purpose.,Neutral
6450,I think the packaging proved to be amazing. Will buy again.,Positive
6451,I think delivery seems horrible. Save your money.,Negative
6452,I think the product was dreadful. Do not buy.,Negative
6453,The quality is awesome. Very satisfied.,Positive
6454,My experience proved to be useless. Very frustrated.,Negative
6455,The design seems terrible. Save your money.,Negative
6456,The service feels very typical. Might buy again.,Neutral
6457,The quality proved to be stellar. Highly recommended!,Positive
6458,This item seems completely stellar. I love it.,Positive
6459,The service proved to be disappointing. Save your money.,Negative
6460,Delivery proved to be somewhat fantastic. Very satisfied.,Positive
6461,Delivery feels wonderful. Will buy again.,Positive
6462,The quality feels completely awful. Very frustrated.,Negative
6463,The price is bad. Very frustrated.,Negative
6464,The quality seems okay. As expected.,Neutral
6465,I think the quality was standard. It does the job.,Neutral
6466,The service looks really regular. Might buy again.,Neutral
6467,I think the price proved to be amazing. Best purchase ever.,Neutral
6468,The price feels stellar. I love it.,Positive
6469,I think the product looks amazing. I love it.,Positive
6470,This item was terrible. Total waste of money.,Negative
6471,Customer support looks fantastic. I love it.,Positive
6472,I think my experience seems wonderful. Very satisfied.,Positive
6473,The price is quite typical. Nothing special.,Neutral
6474,I think delivery proved to be awful. Do not buy.,Negative
6475,I think the price seems poor. Total waste of money.,Negative
6476,The packaging is extremely average. As expected.,Neutral
6477,My experience looks disappointing. I hate it.,Positive
6478,The price is great. Very satisfied.,Positive
6479,I think the service feels brilliant. Will buy again.,Positive
6480,Delivery proved to be perfect. Highly recommended!,Positive
6481,The price is very awesome. Exceeded expectations.,Positive
6482,The service is really excellent. Very satisfied.,Positive
6483,The product is wonderful. Highly recommended!,Positive
6484,I think delivery proved to be bad. Will return it.,Negative
6485,I think the quality feels wonderful. Highly recommended!,Positive
6486,I think this item looks regular. Nothing special.,Neutral
6487,This item seems awesome. Will buy again.,Positive
6488,Delivery was wonderful. Highly recommended!,Positive
6489,I think my experience seems poor. Total waste of money.,Negative
6490,My experience looks fairly terrible. Save your money.,Negative
6491,The product looks okay. As expected.,Neutral
6492,The price seems amazing. Very satisfied.,Positive
6493,I think the service is worst. Save your money.,Negative
6494,The service was quite superb. Highly recommended!,Positive
6495,The product seems really awesome. Will buy again.,Positive
6496,This item seems truly useless. Do not buy.,Negative
6497,The design is totally fine. Might buy again.,Neutral
6498,My experience feels wonderful. Best purchase ever.,Positive
6499,The price is absolutely disappointing. Will return it.,Negative
6500,This item looks somewhat disappointing. Do not buy.,Negative
6501,The quality was fairly brilliant. Highly recommended!,Positive
6502,The price looks completely wonderful. Will buy again.,Positive
6503,My experience was superb. Exceeded expectations.,Positive
6504,This item looks horrible. Total waste of money.,Negative
6505,I think delivery was horrible. Do not buy.,Negative
6506,I think customer support feels terrible. Do not buy.,Negative
6507,I think delivery looks mediocre. It does the job.,Neutral
6508,I think delivery proved to be stellar. I love it.,Positive
6509,The service is awful. Very frustrated.,Negative
6510,I think delivery looks horrible. Will return it.,Positive
6511,I think delivery seems perfect. Best purchase ever.,Positive
6512,The price looks extremely average. As expected.,Neutral
6513,The price feels absolutely wonderful. Best purchase ever.,Positive
6514,The design seems truly useless. Very frustrated.,Negative
6515,I think the product looks awesome. Exceeded expectations.,Positive
6516,I think the service looks terrible. Save your money.,Negative
6517,Customer support proved to be somewhat stellar. Will buy again.,Positive
6518,My experience is absolutely awesome. Best purchase ever.,Positive
6519,The quality looks quite subpar. Very frustrated.,Negative
6520,The packaging is absolutely useless. Total waste of money.,Negative
6521,The price feels extremely bad. Very frustrated.,Negative
6522,"I think the design is average. Not bad, not great.",Neutral
6523,I think the packaging seems great. Will buy again.,Positive
6524,My experience seems poor. Total waste of money.,Negative
6525,Delivery proved to be disappointing. Will return it.,Negative
6526,This item is fairly subpar. Do not buy.,Negative
6527,The packaging was disappointing. I hate it.,Negative
6528,The service is totally poor. Will return it.,Negative
6529,This item proved to be really amazing. Highly recommended!,Positive
6530,The quality was somewhat brilliant. Best purchase ever.,Positive
6531,My experience was awful. Will return it.,Negative
6532,Delivery is disappointing. I hate it.,Negative
6533,The product looks perfect. Best purchase ever.,Positive
6534,I think customer support is dreadful. Very frustrated.,Negative
6535,The design is terrible. Save your money.,Negative
6536,I think my experience seems poor. Total waste of money.,Negative
6537,This item seems wonderful. Best purchase ever.,Positive
6538,Customer support is fairly disappointing. Do not buy.,Negative
6539,The quality looks really terrible. Do not buy.,Negative
6540,This item feels normal. As expected.,Neutral
6541,I think my experience feels regular. Might buy again.,Neutral
6542,I think the quality proved to be stellar. Highly recommended!,Positive
6543,This item looks amazing. Very satisfied.,Positive
6544,I think customer support is dreadful. Save your money.,Negative
6545,I think the price looks wonderful. Best purchase ever.,Positive
6546,The quality feels very superb. Very satisfied.,Positive
6547,I think the price feels poor. Total waste of money.,Negative
6548,Customer support seems stellar. Exceeded expectations.,Positive
6549,The price feels standard. Serves its purpose.,Positive
6550,I think the price was amazing. Very satisfied.,Positive
6551,I think customer support proved to be awful. Do not buy.,Negative
6552,I think the quality proved to be dreadful. Do not buy.,Positive
6553,I think customer support proved to be average. Serves its purpose.,Neutral
6554,"The quality is okay. Not bad, not great.",Neutral
6555,The quality proved to be fantastic. Will buy again.,Positive
6556,Delivery is fairly subpar. Do not buy.,Negative
6557,Customer support is totally awesome. Exceeded expectations.,Positive
6558,Delivery feels dreadful. Save your money.,Negative
6559,The product is subpar. Total waste of money.,Negative
6560,The product proved to be mediocre. Nothing special.,Neutral
6561,The quality proved to be dreadful. Total waste of money.,Negative
6562,This item feels very typical. As expected.,Neutral
6563,I think my experience was typical. As expected.,Neutral
6564,I think the price was horrible. Save your money.,Negative
6565,The design was fairly average. Might buy again.,Neutral
6566,My experience was amazing. Exceeded expectations.,Positive
6567,I think the design seems useless. Total waste of money.,Negative
6568,The service proved to be standard. As expected.,Neutral
6569,The service seems worst. Will return it.,Negative
6570,This item was bad. I hate it.,Negative
6571,I think the packaging is wonderful. Will buy again.,Positive
6572,I think the quality is brilliant. Best purchase ever.,Positive
6573,I think the price feels wonderful. Very satisfied.,Positive
6574,The service is really stellar. Best purchase ever.,Positive
6575,The price seems awful. Total waste of money.,Negative
6576,The product seems somewhat superb. Will buy again.,Positive
6577,The product feels really poor. Save your money.,Negative
6578,My experience is worst. Total waste of money.,Negative
6579,The service was disappointing. Very frustrated.,Negative
6580,My experience proved to be terrible. Total waste of money.,Negative
6581,I think this item is bad. Very frustrated.,Negative
6582,I think this item seems stellar. Exceeded expectations.,Positive
6583,I think the packaging seems useless. Will return it.,Negative
6584,Customer support proved to be very dreadful. Will return it.,Negative
6585,The quality is very normal. Nothing special.,Neutral
6586,Delivery was okay. Serves its purpose.,Neutral
6587,I think delivery seems awful. Very frustrated.,Negative
6588,Customer support feels really wonderful. Best purchase ever.,Positive
6589,The price proved to be bad. Save your money.,Negative
6590,The service is horrible. Will return it.,Negative
6591,The product looks somewhat amazing. Very satisfied.,Positive
6592,I think the price looks disappointing. Will return it.,Negative
6593,The service proved to be extremely worst. Do not buy.,Negative
6594,The design looks somewhat standard. Might buy again.,Neutral
6595,The design seems worst. Save your money.,Negative
6596,The service is extremely superb. Highly recommended!,Positive
6597,The service was normal. It does the job.,Neutral
6598,The design seems fairly brilliant. Very satisfied.,Positive
6599,My experience is disappointing. Save your money.,Negative
6600,I think the design proved to be perfect. Very satisfied.,Positive
6601,Delivery is standard. Might buy again.,Neutral
6602,The price is useless. I hate it.,Negative
6603,The price looks disappointing. Do not buy.,Negative
6604,Delivery was okay. Might buy again.,Neutral
6605,The service seems totally poor. Save your money.,Negative
6606,The quality proved to be average. Nothing special.,Neutral
6607,This item feels great. Exceeded expectations.,Positive
6608,I think the service proved to be okay. Might buy again.,Neutral
6609,The service feels okay. Might buy again.,Neutral
6610,I think this item feels horrible. Do not buy.,Negative
6611,The quality is totally useless. Will return it.,Neutral
6612,I think the service proved to be fair. As expected.,Neutral
6613,The quality looks awesome. Exceeded expectations.,Positive
6614,The quality proved to be awesome. Highly recommended!,Positive
6615,The design is fairly wonderful. Best purchase ever.,Positive
6616,The design looks awful. Very frustrated.,Negative
6617,The service was totally fair. It does the job.,Neutral
6618,I think the product is brilliant. I love it.,Positive
6619,My experience proved to be somewhat amazing. Highly recommended!,Positive
6620,I think delivery seems worst. Very frustrated.,Negative
6621,My experience was fairly fair. Might buy again.,Neutral
6622,I think the price proved to be worst. Do not buy.,Negative
6623,The service is awesome. I love it.,Positive
6624,My experience was completely amazing. Highly recommended!,Positive
6625,I think the quality looks stellar. Best purchase ever.,Positive
6626,I think customer support feels awesome. Exceeded expectations.,Positive
6627,Customer support looks terrible. Total waste of money.,Negative
6628,The quality looks really normal. Nothing special.,Neutral
6629,I think the packaging looks typical. Nothing special.,Neutral
6630,"Delivery seems quite fine. Not bad, not great.",Neutral
6631,The service seems very disappointing. Total waste of money.,Negative
6632,The product feels subpar. Very frustrated.,Negative
6633,The price seems totally superb. Best purchase ever.,Positive
6634,Delivery is awful. Total waste of money.,Negative
6635,My experience was worst. Very frustrated.,Negative
6636,"The product looks totally normal. Not bad, not great.",Neutral
6637,I think this item proved to be standard. Might buy again.,Neutral
6638,My experience was fairly stellar. Very satisfied.,Negative
6639,Customer support feels horrible. Will return it.,Negative
6640,My experience is fair. As expected.,Neutral
6641,The packaging was disappointing. Total waste of money.,Negative
6642,The service was absolutely dreadful. Total waste of money.,Negative
6643,I think the packaging looks worst. Very frustrated.,Neutral
6644,I think the packaging seems disappointing. I hate it.,Negative
6645,Delivery seems superb. I love it.,Positive
6646,I think the service proved to be perfect. Highly recommended!,Negative
6647,I think this item feels brilliant. Exceeded expectations.,Positive
6648,"Delivery feels okay. Not bad, not great.",Neutral
6649,I think the packaging was poor. Will return it.,Negative
6650,My experience was extremely useless. Very frustrated.,Positive
6651,Delivery seems really fair. Serves its purpose.,Neutral
6652,The quality proved to be fairly useless. I hate it.,Negative
6653,The product is awful. Do not buy.,Negative
6654,I think the quality proved to be worst. Will return it.,Neutral
6655,I think customer support proved to be brilliant. Very satisfied.,Positive
6656,The service feels wonderful. I love it.,Positive
6657,My experience proved to be amazing. Highly recommended!,Positive
6658,My experience is really wonderful. Will buy again.,Positive
6659,My experience seems mediocre. Might buy again.,Neutral
6660,I think the service proved to be perfect. Will buy again.,Neutral
6661,Delivery proved to be superb. I love it.,Positive
6662,"This item is regular. Not bad, not great.",Neutral
6663,I think the quality is worst. Do not buy.,Negative
6664,I think the quality proved to be wonderful. Will buy again.,Positive
6665,Customer support seems perfect. Will buy again.,Positive
6666,The packaging proved to be perfect. Highly recommended!,Positive
6667,My experience looks fantastic. I love it.,Positive
6668,I think the product was dreadful. Save your money.,Negative
6669,"I think the service was mediocre. Not bad, not great.",Neutral
6670,I think the design feels horrible. Will return it.,Negative
6671,"The design seems average. Not bad, not great.",Neutral
6672,I think the service is average. It does the job.,Neutral
6673,Delivery feels completely amazing. Very satisfied.,Positive
6674,The service looks useless. Very frustrated.,Negative
6675,The price proved to be dreadful. Very frustrated.,Negative
6676,I think the service was subpar. Very frustrated.,Negative
6677,I think this item was poor. Do not buy.,Negative
6678,I think the service was awful. I hate it.,Negative
6679,The price looks fairly awful. Very frustrated.,Negative
6680,This item is somewhat bad. Total waste of money.,Negative
6681,I think delivery is great. Exceeded expectations.,Positive
6682,I think the product seems awful. I hate it.,Negative
6683,The quality feels completely disappointing. Total waste of money.,Negative
6684,I think the product was useless. Will return it.,Positive
6685,The service is fairly awesome. Best purchase ever.,Positive
6686,The service proved to be bad. Very frustrated.,Negative
6687,The packaging seems great. Very satisfied.,Positive
6688,The price was fantastic. Highly recommended!,Positive
6689,Customer support was excellent. Best purchase ever.,Positive
6690,I think the packaging feels dreadful. Total waste of money.,Negative
6691,Customer support looks quite brilliant. Exceeded expectations.,Positive
6692,The packaging was worst. Total waste of money.,Negative
6693,I think the quality seems useless. I hate it.,Negative
6694,I think my experience looks awesome. I love it.,Positive
6695,The service looks quite mediocre. As expected.,Neutral
6696,I think delivery looks awful. Save your money.,Neutral
6697,I think this item proved to be horrible. Very frustrated.,Negative
6698,I think the quality proved to be awful. I hate it.,Negative
6699,The service looks poor. I hate it.,Negative
6700,The service proved to be amazing. Highly recommended!,Positive
6701,The product proved to be really horrible. Very frustrated.,Negative
6702,The price is disappointing. Total waste of money.,Negative
6703,Customer support is totally terrible. Do not buy.,Negative
6704,My experience is average. Nothing special.,Neutral
6705,The product is mediocre. As expected.,Neutral
6706,The packaging was extremely subpar. Will return it.,Negative
6707,The price seems fairly worst. Total waste of money.,Negative
6708,The packaging seems completely worst. Save your money.,Negative
6709,I think this item seems superb. Highly recommended!,Positive
6710,This item proved to be totally standard. As expected.,Neutral
6711,I think this item feels fantastic. Will buy again.,Positive
6712,The product feels subpar. Very frustrated.,Negative
6713,I think my experience seems superb. Highly recommended!,Positive
6714,Customer support proved to be subpar. Will return it.,Negative
6715,I think the packaging feels wonderful. I love it.,Positive
6716,I think the design proved to be stellar. Highly recommended!,Positive
6717,I think customer support feels subpar. Will return it.,Negative
6718,The price is fantastic. Best purchase ever.,Positive
6719,This item feels worst. Very frustrated.,Negative
6720,Customer support is awful. Very frustrated.,Positive
6721,The service seems mediocre. As expected.,Neutral
6722,I think my experience looks standard. Might buy again.,Neutral
6723,"This item feels typical. Not bad, not great.",Neutral
6724,I think the packaging looks wonderful. Will buy again.,Positive
6725,The service proved to be superb. Best purchase ever.,Positive
6726,My experience looks regular. Might buy again.,Neutral
6727,I think customer support seems terrible. Very frustrated.,Negative
6728,This item looks okay. Serves its purpose.,Neutral
6729,"The design seems fair. Not bad, not great.",Neutral
6730,The design seems absolutely terrible. Very frustrated.,Negative
6731,I think my experience seems useless. Total waste of money.,Negative
6732,The price looks dreadful. Will return it.,Negative
6733,I think this item looks brilliant. Best purchase ever.,Positive
6734,The design proved to be very wonderful. Best purchase ever.,Positive
6735,The service looks really poor. I hate it.,Negative
6736,I think the service looks perfect. Highly recommended!,Positive
6737,My experience was average. Might buy again.,Neutral
6738,I think customer support feels awful. Do not buy.,Negative
6739,The service was really amazing. I love it.,Positive
6740,I think my experience feels brilliant. I love it.,Positive
6741,My experience looks okay. Might buy again.,Neutral
6742,Customer support seems somewhat dreadful. Very frustrated.,Negative
6743,I think the product was worst. Very frustrated.,Negative
6744,I think this item proved to be superb. Highly recommended!,Positive
6745,I think the product proved to be great. I love it.,Positive
6746,The packaging looks awesome. Exceeded expectations.,Positive
6747,I think the price proved to be awesome. Exceeded expectations.,Positive
6748,"The packaging feels typical. Not bad, not great.",Neutral
6749,The product feels quite great. Highly recommended!,Positive
6750,Customer support proved to be superb. Exceeded expectations.,Positive
6751,The design was disappointing. Do not buy.,Negative
6752,This item was typical. Serves its purpose.,Neutral
6753,I think the service feels bad. Total waste of money.,Negative
6754,The product seems absolutely great. Best purchase ever.,Positive
6755,The quality seems somewhat normal. Nothing special.,Neutral
6756,I think the price is wonderful. Highly recommended!,Positive
6757,The product seems disappointing. Do not buy.,Negative
6758,The product is bad. I hate it.,Negative
6759,I think the packaging is wonderful. Very satisfied.,Positive
6760,This item looks terrible. Very frustrated.,Negative
6761,Customer support feels really fair. As expected.,Neutral
6762,The packaging feels completely fantastic. Very satisfied.,Positive
6763,The quality proved to be amazing. Very satisfied.,Positive
6764,I think the product seems perfect. Exceeded expectations.,Positive
6765,"I think the packaging looks acceptable. Not bad, not great.",Neutral
6766,Delivery seems dreadful. I hate it.,Negative
6767,The packaging feels normal. Serves its purpose.,Neutral
6768,Delivery is truly bad. Very frustrated.,Negative
6769,I think the product is standard. Serves its purpose.,Neutral
6770,Delivery proved to be stellar. I love it.,Positive
6771,The product feels truly awful. Total waste of money.,Negative
6772,I think this item was amazing. I love it.,Positive
6773,I think this item is awesome. Highly recommended!,Positive
6774,I think this item feels wonderful. Exceeded expectations.,Positive
6775,The packaging proved to be worst. Total waste of money.,Negative
6776,The packaging proved to be very acceptable. Might buy again.,Neutral
6777,Delivery is disappointing. Will return it.,Negative
6778,I think the price seems great. Very satisfied.,Negative
6779,I think customer support is great. Best purchase ever.,Positive
6780,The product was terrible. Save your money.,Negative
6781,My experience was brilliant. I love it.,Positive
6782,The price was completely subpar. I hate it.,Negative
6783,This item seems fairly awesome. Exceeded expectations.,Positive
6784,The service seems excellent. Will buy again.,Positive
6785,The quality looks totally regular. As expected.,Neutral
6786,The quality proved to be absolutely awesome. Exceeded expectations.,Positive
6787,"Customer support feels completely mediocre. Not bad, not great.",Neutral
6788,This item looks fairly useless. Total waste of money.,Negative
6789,Customer support feels quite worst. Do not buy.,Negative
6790,I think customer support is worst. Save your money.,Negative
6791,I think delivery feels bad. Total waste of money.,Negative
6792,My experience seems fairly mediocre. As expected.,Neutral
6793,I think the service looks typical. Nothing special.,Neutral
6794,Customer support feels disappointing. Very frustrated.,Negative
6795,"The design was fine. Not bad, not great.",Neutral
6796,I think this item looks dreadful. Very frustrated.,Negative
6797,The packaging seems extremely stellar. I love it.,Positive
6798,I think the price feels bad. Total waste of money.,Negative
6799,I think the service seems great. Will buy again.,Positive
6800,Delivery seems completely stellar. Very satisfied.,Positive
6801,I think the design is awesome. Exceeded expectations.,Negative
6802,My experience feels absolutely stellar. Will buy again.,Positive
6803,Delivery was great. Exceeded expectations.,Positive
6804,The quality feels awful. Very frustrated.,Negative
6805,This item is really fair. Might buy again.,Neutral
6806,The price proved to be superb. Very satisfied.,Positive
6807,The design looks stellar. Will buy again.,Positive
6808,Delivery is average. Serves its purpose.,Neutral
6809,I think customer support looks poor. Save your money.,Negative
6810,Delivery was fantastic. Will buy again.,Positive
6811,The quality looks typical. It does the job.,Neutral
6812,This item looks awesome. Highly recommended!,Positive
6813,The quality proved to be totally stellar. Exceeded expectations.,Positive
6814,The quality is awesome. I love it.,Positive
6815,This item is amazing. Best purchase ever.,Positive
6816,I think the product seems average. It does the job.,Neutral
6817,The service seems absolutely bad. Will return it.,Negative
6818,The service seems completely amazing. Best purchase ever.,Neutral
6819,I think the design proved to be amazing. Will buy again.,Positive
6820,I think my experience looks awesome. Best purchase ever.,Neutral
6821,Customer support looks excellent. Will buy again.,Positive
6822,I think the packaging looks dreadful. Will return it.,Negative
6823,The product looks useless. I hate it.,Negative
6824,The price feels fair. Might buy again.,Neutral
6825,I think this item looks stellar. Will buy again.,Positive
6826,This item seems quite worst. Very frustrated.,Negative
6827,The product proved to be brilliant. Exceeded expectations.,Positive
6828,The service looks completely perfect. I love it.,Positive
6829,"The quality feels absolutely fair. Not bad, not great.",Neutral
6830,The quality is fine. Nothing special.,Neutral
6831,I think the quality is mediocre. It does the job.,Neutral
6832,The service proved to be absolutely awesome. I love it.,Positive
6833,The quality feels somewhat disappointing. Will return it.,Negative
6834,Customer support was poor. Very frustrated.,Negative
6835,Delivery seems extremely bad. I hate it.,Negative
6836,The design is worst. Very frustrated.,Negative
6837,The service was brilliant. Highly recommended!,Positive
6838,The quality seems extremely useless. Save your money.,Negative
6839,My experience was average. Nothing special.,Neutral
6840,The packaging proved to be terrible. Do not buy.,Negative
6841,"I think the packaging was typical. Not bad, not great.",Neutral
6842,I think my experience is amazing. Exceeded expectations.,Positive
6843,The price was somewhat subpar. Save your money.,Negative
6844,Delivery was really okay. As expected.,Neutral
6845,I think the price proved to be dreadful. Total waste of money.,Negative
6846,The product feels wonderful. Best purchase ever.,Positive
6847,Customer support feels fairly terrible. Will return it.,Negative
6848,The price feels great. Best purchase ever.,Positive
6849,I think this item was perfect. Exceeded expectations.,Positive
6850,Customer support seems really terrible. Total waste of money.,Negative
6851,The product was terrible. Will return it.,Neutral
6852,The product feels very superb. Very satisfied.,Positive
6853,I think this item feels worst. I hate it.,Negative
6854,The price proved to be quite great. Highly recommended!,Positive
6855,The product is wonderful. Best purchase ever.,Positive
6856,I think the price was brilliant. I love it.,Positive
6857,I think customer support looks fair. Nothing special.,Neutral
6858,I think delivery seems fine. Nothing special.,Positive
6859,My experience was truly stellar. Very satisfied.,Positive
6860,The product seems excellent. Very satisfied.,Positive
6861,The price proved to be really fine. Nothing special.,Neutral
6862,My experience feels very dreadful. Do not buy.,Negative
6863,I think the design is amazing. I love it.,Positive
6864,Delivery proved to be stellar. I love it.,Positive
6865,Customer support looks truly awful. I hate it.,Negative
6866,The product proved to be stellar. Highly recommended!,Positive
6867,I think delivery looks worst. Do not buy.,Negative
6868,My experience proved to be amazing. Best purchase ever.,Positive
6869,The service seems dreadful. Save your money.,Negative
6870,This item was perfect. I love it.,Positive
6871,The price is horrible. Total waste of money.,Negative
6872,The quality proved to be truly subpar. Very frustrated.,Negative
6873,Customer support is totally disappointing. Save your money.,Negative
6874,The quality was worst. Will return it.,Negative
6875,The product seems awful. Total waste of money.,Negative
6876,The service is fine. Serves its purpose.,Negative
6877,Customer support is totally amazing. Will buy again.,Positive
6878,The packaging looks totally okay. Might buy again.,Neutral
6879,This item looks bad. Will return it.,Negative
6880,Delivery looks normal. Nothing special.,Neutral
6881,This item feels superb. Best purchase ever.,Positive
6882,I think the price seems terrible. I hate it.,Negative
6883,The product proved to be fine. Nothing special.,Neutral
6884,This item seems regular. As expected.,Neutral
6885,The price looks awesome. Very satisfied.,Positive
6886,I think the design was horrible. Do not buy.,Negative
6887,The product is useless. Total waste of money.,Negative
6888,The product looks dreadful. I hate it.,Negative
6889,I think my experience feels brilliant. Will buy again.,Positive
6890,I think this item was terrible. Will return it.,Negative
6891,This item was totally horrible. Do not buy.,Negative
6892,I think the design feels excellent. I love it.,Negative
6893,Delivery was subpar. Total waste of money.,Negative
6894,"The packaging looks totally normal. Not bad, not great.",Neutral
6895,I think customer support feels worst. Save your money.,Negative
6896,I think customer support looks worst. I hate it.,Negative
6897,The product proved to be dreadful. Save your money.,Negative
6898,"The quality is standard. Not bad, not great.",Neutral
6899,The price was completely dreadful. Save your money.,Negative
6900,This item feels regular. Serves its purpose.,Neutral
6901,Customer support seems totally superb. Will buy again.,Positive
6902,I think the price proved to be disappointing. Save your money.,Negative
6903,The design is disappointing. Save your money.,Negative
6904,Delivery feels fairly terrible. I hate it.,Negative
6905,I think delivery feels dreadful. Do not buy.,Positive
6906,The service seems dreadful. Very frustrated.,Negative
6907,The quality was fairly fantastic. I love it.,Positive
6908,I think the product seems excellent. Best purchase ever.,Positive
6909,This item proved to be fair. As expected.,Neutral
6910,My experience proved to be quite fine. Serves its purpose.,Neutral
6911,The quality feels subpar. Save your money.,Negative
6912,I think the service is fantastic. Highly recommended!,Positive
6913,I think the design was useless. Save your money.,Negative
6914,Delivery seems totally useless. Total waste of money.,Negative
6915,I think the packaging proved to be bad. I hate it.,Negative
6916,I think delivery feels perfect. Will buy again.,Positive
6917,Customer support seems fair. Serves its purpose.,Neutral
6918,I think delivery is fantastic. Very satisfied.,Positive
6919,I think the service proved to be regular. Nothing special.,Neutral
6920,I think the packaging was perfect. Best purchase ever.,Positive
6921,The price feels wonderful. Very satisfied.,Positive
6922,"The design looks okay. Not bad, not great.",Neutral
6923,I think the product looks subpar. I hate it.,Negative
6924,This item looks wonderful. Will buy again.,Positive
6925,Delivery was horrible. Do not buy.,Negative
6926,Customer support is fantastic. I love it.,Positive
6927,Delivery proved to be stellar. Best purchase ever.,Positive
6928,The design was completely great. Will buy again.,Positive
6929,Delivery was totally great. Exceeded expectations.,Positive
6930,The price feels average. It does the job.,Neutral
6931,Delivery proved to be excellent. Exceeded expectations.,Negative
6932,The packaging proved to be mediocre. As expected.,Neutral
6933,I think my experience seems acceptable. Nothing special.,Neutral
6934,I think customer support looks wonderful. I love it.,Positive
6935,I think the service feels awesome. Exceeded expectations.,Positive
6936,The price seems excellent. Exceeded expectations.,Positive
6937,The service looks quite superb. Highly recommended!,Negative
6938,My experience is very poor. Do not buy.,Negative
6939,Delivery proved to be stellar. Very satisfied.,Positive
6940,The price was fine. Might buy again.,Neutral
6941,I think the design feels worst. I hate it.,Negative
6942,This item is disappointing. Total waste of money.,Negative
6943,"The quality feels normal. Not bad, not great.",Neutral
6944,The quality seems worst. Do not buy.,Negative
6945,I think the product was bad. Save your money.,Negative
6946,My experience was perfect. Exceeded expectations.,Positive
6947,The price seems fantastic. Will buy again.,Negative
6948,Delivery looks totally terrible. Save your money.,Negative
6949,The product looks really terrible. Very frustrated.,Negative
6950,My experience looks very horrible. Will return it.,Negative
6951,I think delivery was brilliant. Exceeded expectations.,Positive
6952,The quality was really wonderful. Will buy again.,Positive
6953,This item is somewhat poor. Very frustrated.,Negative
6954,The quality seems standard. As expected.,Neutral
6955,"I think the product was regular. Not bad, not great.",Neutral
6956,Delivery feels truly fantastic. Best purchase ever.,Positive
6957,The product looks brilliant. I love it.,Positive
6958,This item is completely dreadful. Do not buy.,Negative
6959,"Customer support proved to be regular. Not bad, not great.",Neutral
6960,Delivery is quite useless. Very frustrated.,Negative
6961,I think delivery seems dreadful. Save your money.,Negative
6962,I think the service proved to be awful. Very frustrated.,Negative
6963,This item feels somewhat perfect. Best purchase ever.,Positive
6964,The design seems perfect. Exceeded expectations.,Positive
6965,I think my experience is dreadful. Will return it.,Negative
6966,I think my experience looks horrible. Total waste of money.,Negative
6967,I think customer support is excellent. Exceeded expectations.,Positive
6968,"This item feels acceptable. Not bad, not great.",Neutral
6969,The product seems absolutely regular. As expected.,Neutral
6970,I think the packaging was wonderful. Best purchase ever.,Positive
6971,Customer support feels extremely awful. Total waste of money.,Negative
6972,Customer support feels truly disappointing. Total waste of money.,Negative
6973,Customer support seems amazing. I love it.,Positive
6974,Customer support feels superb. Highly recommended!,Positive
6975,This item was regular. Might buy again.,Neutral
6976,I think delivery proved to be fair. Nothing special.,Neutral
6977,I think the packaging feels terrible. Save your money.,Negative
6978,My experience looks disappointing. Total waste of money.,Negative
6979,The product feels truly bad. Very frustrated.,Negative
6980,The service was stellar. I love it.,Positive
6981,Delivery looks great. Best purchase ever.,Positive
6982,My experience is truly great. Best purchase ever.,Positive
6983,The price looks worst. I hate it.,Negative
6984,I think the packaging is dreadful. Save your money.,Negative
6985,I think the price proved to be great. Highly recommended!,Positive
6986,The packaging looks quite brilliant. Exceeded expectations.,Positive
6987,My experience was quite okay. It does the job.,Neutral
6988,Customer support was brilliant. I love it.,Positive
6989,Customer support seems completely bad. Will return it.,Negative
6990,I think the service was worst. Very frustrated.,Negative
6991,The service proved to be totally poor. Will return it.,Negative
6992,Customer support seems totally typical. It does the job.,Neutral
6993,I think the service is fantastic. I love it.,Positive
6994,The price looks brilliant. I love it.,Positive
6995,The service is extremely dreadful. Total waste of money.,Negative
6996,The quality feels fairly great. Exceeded expectations.,Positive
6997,Customer support is bad. Do not buy.,Negative
6998,This item looks disappointing. Total waste of money.,Negative
6999,Delivery seems fairly useless. Total waste of money.,Negative
7000,My experience looks absolutely fantastic. Very satisfied.,Positive
7001,Delivery seems truly wonderful. Very satisfied.,Positive
7002,The packaging was perfect. Highly recommended!,Positive
7003,I think delivery seems poor. Total waste of money.,Negative
7004,The design seems awful. Do not buy.,Negative
7005,I think delivery looks standard. Might buy again.,Neutral
7006,"The design feels fair. Not bad, not great.",Neutral
7007,The product feels perfect. Highly recommended!,Positive
7008,Customer support feels amazing. Very satisfied.,Positive
7009,I think the service seems terrible. Total waste of money.,Negative
7010,I think the price proved to be perfect. Very satisfied.,Positive
7011,"The price proved to be mediocre. Not bad, not great.",Neutral
7012,I think the service proved to be awesome. Best purchase ever.,Positive
7013,Delivery proved to be bad. Total waste of money.,Negative
7014,"My experience was average. Not bad, not great.",Neutral
7015,I think the packaging looks normal. It does the job.,Neutral
7016,I think my experience feels amazing. I love it.,Positive
7017,The packaging proved to be extremely worst. Will return it.,Negative
7018,Customer support was very horrible. Will return it.,Negative
7019,Delivery was standard. It does the job.,Neutral
7020,The product looks fairly stellar. Exceeded expectations.,Positive
7021,My experience feels absolutely useless. Very frustrated.,Negative
7022,I think my experience looks horrible. Will return it.,Negative
7023,I think my experience seems disappointing. Very frustrated.,Negative
7024,The quality seems excellent. Very satisfied.,Positive
7025,I think the design seems amazing. I love it.,Positive
7026,The quality proved to be bad. I hate it.,Negative
7027,This item was normal. As expected.,Neutral
7028,This item seems absolutely fine. As expected.,Neutral
7029,The design looks totally fine. Might buy again.,Neutral
7030,The service is dreadful. I hate it.,Negative
7031,The quality was truly awful. Very frustrated.,Negative
7032,I think the price proved to be awful. Save your money.,Negative
7033,Customer support looks useless. Total waste of money.,Negative
7034,My experience proved to be acceptable. It does the job.,Neutral
7035,I think delivery feels subpar. Will return it.,Negative
7036,Delivery was totally wonderful. Highly recommended!,Positive
7037,I think customer support is horrible. Do not buy.,Negative
7038,I think my experience feels disappointing. Do not buy.,Negative
7039,The quality looks truly amazing. Best purchase ever.,Positive
7040,The price is totally terrible. Save your money.,Negative
7041,This item looks somewhat awful. Do not buy.,Negative
7042,Customer support proved to be absolutely terrible. I hate it.,Negative
7043,The service feels excellent. Best purchase ever.,Positive
7044,Delivery was quite awful. Do not buy.,Negative
7045,This item was normal. Serves its purpose.,Neutral
7046,My experience looks regular. Might buy again.,Neutral
7047,I think the quality looks disappointing. Very frustrated.,Negative
7048,The design proved to be truly terrible. Do not buy.,Negative
7049,The design feels amazing. Very satisfied.,Positive
7050,I think the design was fantastic. I love it.,Positive
7051,Customer support is extremely awful. Will return it.,Negative
7052,"Delivery feels fair. Not bad, not great.",Neutral
7053,The service proved to be disappointing. Save your money.,Negative
7054,The service was quite great. Exceeded expectations.,Positive
7055,Customer support is great. Best purchase ever.,Positive
7056,The price looks okay. Serves its purpose.,Neutral
7057,The design was standard. It does the job.,Positive
7058,I think delivery is brilliant. Will buy again.,Positive
7059,My experience seems amazing. Highly recommended!,Positive
7060,My experience feels superb. Exceeded expectations.,Positive
7061,Customer support was standard. As expected.,Neutral
7062,The service seems really subpar. Very frustrated.,Negative
7063,I think the design is dreadful. Very frustrated.,Negative
7064,The product was very disappointing. Save your money.,Negative
7065,The design feels bad. Total waste of money.,Negative
7066,Delivery proved to be wonderful. Highly recommended!,Positive
7067,My experience looks absolutely standard. As expected.,Positive
7068,This item is completely wonderful. Very satisfied.,Positive
7069,I think my experience feels wonderful. Very satisfied.,Positive
7070,The design proved to be absolutely stellar. Will buy again.,Positive
7071,The packaging is horrible. Will return it.,Negative
7072,The price feels really disappointing. Very frustrated.,Negative
7073,The design seems fantastic. Best purchase ever.,Positive
7074,Delivery feels terrible. Very frustrated.,Negative
7075,The product looks amazing. Highly recommended!,Positive
7076,I think this item is terrible. Total waste of money.,Negative
7077,The design feels somewhat disappointing. Save your money.,Negative
7078,I think the service seems poor. I hate it.,Negative
7079,I think the design is wonderful. Highly recommended!,Positive
7080,I think the packaging is bad. Will return it.,Negative
7081,Delivery is terrible. Save your money.,Negative
7082,The packaging seems truly awesome. Will buy again.,Negative
7083,I think this item was terrible. Total waste of money.,Negative
7084,Delivery was somewhat dreadful. Will return it.,Negative
7085,Delivery feels worst. Do not buy.,Negative
7086,Customer support feels brilliant. Will buy again.,Positive
7087,The packaging proved to be extremely useless. Do not buy.,Negative
7088,The price proved to be excellent. Will buy again.,Positive
7089,The packaging feels totally terrible. Will return it.,Negative
7090,The quality was awesome. Highly recommended!,Positive
7091,I think the design was stellar. Highly recommended!,Positive
7092,My experience feels really normal. Serves its purpose.,Neutral
7093,Customer support feels completely great. Exceeded expectations.,Positive
7094,I think this item proved to be excellent. Will buy again.,Positive
7095,The service feels terrible. Will return it.,Negative
7096,The design looks poor. Do not buy.,Negative
7097,The packaging feels very stellar. Will buy again.,Positive
7098,The design is very useless. Will return it.,Negative
7099,The price was very disappointing. Very frustrated.,Negative
7100,My experience feels normal. Serves its purpose.,Neutral
7101,I think the design looks bad. Total waste of money.,Negative
7102,I think customer support proved to be bad. Total waste of money.,Negative
7103,I think delivery looks great. Will buy again.,Positive
7104,My experience was totally superb. Highly recommended!,Positive
7105,"The service seems regular. Not bad, not great.",Neutral
7106,I think the packaging seems amazing. Best purchase ever.,Positive
7107,Customer support is absolutely awesome. I love it.,Positive
7108,I think customer support is disappointing. Total waste of money.,Negative
7109,I think the packaging looks useless. I hate it.,Negative
7110,I think customer support feels okay. It does the job.,Neutral
7111,"I think the quality looks standard. Not bad, not great.",Neutral
7112,I think customer support feels horrible. Very frustrated.,Negative
7113,I think the packaging proved to be great. Exceeded expectations.,Positive
7114,The price is very dreadful. Save your money.,Negative
7115,The packaging was mediocre. Might buy again.,Neutral
7116,The packaging looks extremely poor. Save your money.,Negative
7117,Customer support feels really fine. Nothing special.,Neutral
7118,The service looks superb. Very satisfied.,Positive
7119,The packaging was really perfect. Exceeded expectations.,Positive
7120,The packaging feels disappointing. I hate it.,Negative
7121,The packaging proved to be truly perfect. Will buy again.,Positive
7122,I think customer support proved to be average. It does the job.,Neutral
7123,The product feels absolutely normal. Might buy again.,Neutral
7124,The price is mediocre. Nothing special.,Neutral
7125,I think the packaging seems dreadful. Save your money.,Negative
7126,The design seems perfect. I love it.,Positive
7127,The product proved to be mediocre. It does the job.,Neutral
7128,The product looks totally awesome. Very satisfied.,Positive
7129,I think my experience seems useless. I hate it.,Negative
7130,This item is totally brilliant. Will buy again.,Positive
7131,The service seems poor. Will return it.,Negative
7132,My experience feels completely bad. Very frustrated.,Negative
7133,My experience was excellent. Exceeded expectations.,Negative
7134,The price was fairly amazing. Exceeded expectations.,Positive
7135,I think the price looks awesome. Will buy again.,Positive
7136,The quality proved to be quite fine. It does the job.,Neutral
7137,I think customer support looks great. Best purchase ever.,Positive
7138,The design looks worst. I hate it.,Negative
7139,The quality looks fairly horrible. I hate it.,Negative
7140,The service proved to be somewhat stellar. Exceeded expectations.,Positive
7141,I think the product looks fantastic. Very satisfied.,Positive
7142,Delivery seems typical. Nothing special.,Neutral
7143,The price proved to be great. Exceeded expectations.,Positive
7144,The quality looks mediocre. Might buy again.,Neutral
7145,I think the quality looks poor. I hate it.,Negative
7146,The packaging proved to be completely perfect. I love it.,Positive
7147,I think the product proved to be bad. Very frustrated.,Negative
7148,The price is totally acceptable. Nothing special.,Positive
7149,The service feels amazing. Best purchase ever.,Positive
7150,The design seems disappointing. Save your money.,Negative
7151,I think customer support proved to be useless. Do not buy.,Negative
7152,I think this item looks worst. Very frustrated.,Negative
7153,I think this item was terrible. I hate it.,Negative
7154,Delivery proved to be fairly superb. I love it.,Negative
7155,I think customer support looks stellar. Highly recommended!,Positive
7156,Customer support seems totally terrible. I hate it.,Negative
7157,The price proved to be truly disappointing. Save your money.,Negative
7158,I think the quality looks great. Best purchase ever.,Positive
7159,The quality was stellar. Exceeded expectations.,Positive
7160,The price is brilliant. Will buy again.,Positive
7161,The service looks totally disappointing. I hate it.,Negative
7162,Delivery was quite bad. Very frustrated.,Negative
7163,The service was really terrible. Very frustrated.,Negative
7164,I think the quality was perfect. Will buy again.,Positive
7165,I think customer support is brilliant. Will buy again.,Positive
7166,I think the product was fantastic. Very satisfied.,Positive
7167,This item was useless. I hate it.,Negative
7168,Delivery seems regular. It does the job.,Neutral
7169,The service looks bad. Do not buy.,Negative
7170,I think the product proved to be superb. Best purchase ever.,Positive
7171,Delivery was disappointing. Do not buy.,Negative
7172,The design looks worst. Save your money.,Negative
7173,I think delivery looks bad. Do not buy.,Negative
7174,I think customer support looks amazing. Will buy again.,Positive
7175,The quality is truly great. Highly recommended!,Positive
7176,The design seems useless. Very frustrated.,Negative
7177,I think my experience was mediocre. Might buy again.,Neutral
7178,The price was wonderful. I love it.,Positive
7179,The packaging was absolutely wonderful. I love it.,Positive
7180,I think the packaging is wonderful. Exceeded expectations.,Positive
7181,I think the service is wonderful. I love it.,Positive
7182,The product looks subpar. Will return it.,Negative
7183,This item is standard. As expected.,Neutral
7184,I think my experience seems terrible. I hate it.,Negative
7185,The design feels fairly wonderful. Very satisfied.,Positive
7186,The packaging is absolutely disappointing. I hate it.,Negative
7187,"The price was regular. Not bad, not great.",Neutral
7188,I think the design looks horrible. Total waste of money.,Negative
7189,I think delivery is worst. Save your money.,Negative
7190,I think delivery looks wonderful. Best purchase ever.,Neutral
7191,I think the price feels useless. Save your money.,Negative
7192,The product is fairly subpar. Save your money.,Negative
7193,I think my experience was terrible. Do not buy.,Negative
7194,Delivery looks awful. I hate it.,Negative
7195,I think the product proved to be worst. Will return it.,Negative
7196,I think delivery looks great. Highly recommended!,Positive
7197,I think the design is average. It does the job.,Neutral
7198,I think the packaging seems superb. Will buy again.,Positive
7199,"The quality feels fair. Not bad, not great.",Neutral
7200,The price seems completely bad. Will return it.,Negative
7201,Customer support seems very terrible. Very frustrated.,Negative
7202,I think my experience feels terrible. Total waste of money.,Negative
7203,My experience looks terrible. I hate it.,Negative
7204,I think the service is great. Best purchase ever.,Positive
7205,I think this item looks dreadful. Very frustrated.,Negative
7206,My experience proved to be okay. Might buy again.,Neutral
7207,The design looks wonderful. Highly recommended!,Positive
7208,The service was extremely regular. Might buy again.,Neutral
7209,Delivery was somewhat dreadful. Very frustrated.,Negative
7210,The design looks superb. Best purchase ever.,Positive
7211,This item looks very amazing. Highly recommended!,Positive
7212,Customer support seems very disappointing. Very frustrated.,Negative
7213,The quality looks fairly poor. Will return it.,Negative
7214,My experience looks truly horrible. Save your money.,Negative
7215,Delivery looks completely excellent. Exceeded expectations.,Neutral
7216,The price feels mediocre. Serves its purpose.,Neutral
7217,"The design is truly fair. Not bad, not great.",Neutral
7218,The quality proved to be brilliant. Highly recommended!,Positive
7219,My experience proved to be truly awful. Total waste of money.,Negative
7220,The product seems fairly regular. Might buy again.,Neutral
7221,The design is very terrible. Do not buy.,Negative
7222,The price feels fairly horrible. Do not buy.,Negative
7223,Delivery seems extremely fantastic. Best purchase ever.,Positive
7224,"I think my experience was average. Not bad, not great.",Neutral
7225,"The packaging seems completely okay. Not bad, not great.",Positive
7226,I think the product feels worst. I hate it.,Negative
7227,The packaging feels fairly bad. Will return it.,Negative
7228,The packaging is somewhat worst. Do not buy.,Negative
7229,The quality proved to be totally mediocre. Nothing special.,Neutral
7230,Customer support seems subpar. I hate it.,Negative
7231,I think my experience looks dreadful. Total waste of money.,Negative
7232,Delivery is truly superb. I love it.,Positive
7233,Delivery was dreadful. Will return it.,Negative
7234,I think the product proved to be amazing. Very satisfied.,Positive
7235,I think the quality is fine. Might buy again.,Neutral
7236,Delivery is completely fantastic. I love it.,Positive
7237,I think delivery feels useless. Will return it.,Negative
7238,The price is dreadful. Will return it.,Negative
7239,This item proved to be average. As expected.,Neutral
7240,I think the quality seems great. Exceeded expectations.,Positive
7241,Delivery is okay. Nothing special.,Neutral
7242,I think the design proved to be typical. Might buy again.,Neutral
7243,"This item feels acceptable. Not bad, not great.",Neutral
7244,Customer support proved to be absolutely stellar. Highly recommended!,Positive
7245,Customer support looks amazing. I love it.,Positive
7246,The product is regular. Might buy again.,Neutral
7247,I think delivery seems brilliant. Highly recommended!,Positive
7248,I think the price proved to be awful. Very frustrated.,Negative
7249,I think the design was wonderful. Best purchase ever.,Positive
7250,This item proved to be very acceptable. As expected.,Neutral
7251,My experience looks quite poor. I hate it.,Negative
7252,I think the product looks dreadful. Very frustrated.,Negative
7253,My experience was bad. Will return it.,Negative
7254,I think the quality seems excellent. I love it.,Positive
7255,The packaging is worst. Total waste of money.,Neutral
7256,"The price seems fine. Not bad, not great.",Neutral
7257,The quality feels extremely fantastic. Will buy again.,Positive
7258,The product seems wonderful. Will buy again.,Positive
7259,The quality is great. Best purchase ever.,Positive
7260,The service looks completely stellar. Highly recommended!,Positive
7261,The price feels great. Exceeded expectations.,Positive
7262,I think the design looks fantastic. Best purchase ever.,Positive
7263,I think the service proved to be terrible. Do not buy.,Negative
7264,I think the product seems awful. Total waste of money.,Positive
7265,The packaging seems extremely brilliant. I love it.,Positive
7266,The quality feels somewhat awesome. Will buy again.,Positive
7267,The design proved to be dreadful. Will return it.,Negative
7268,The design seems somewhat awful. Total waste of money.,Negative
7269,The quality feels somewhat awful. Will return it.,Negative
7270,The packaging seems amazing. Best purchase ever.,Positive
7271,My experience feels completely superb. Will buy again.,Positive
7272,The service feels dreadful. Will return it.,Negative
7273,I think my experience seems great. Very satisfied.,Positive
7274,The quality feels typical. Might buy again.,Neutral
7275,I think the packaging feels awesome. Highly recommended!,Positive
7276,I think customer support was brilliant. Exceeded expectations.,Positive
7277,I think the design is useless. I hate it.,Negative
7278,This item looks completely terrible. Do not buy.,Negative
7279,I think delivery seems excellent. Exceeded expectations.,Positive
7280,I think customer support is poor. Save your money.,Negative
7281,This item looks perfect. Exceeded expectations.,Positive
7282,The design is terrible. Will return it.,Negative
7283,The price was fantastic. Highly recommended!,Positive
7284,Delivery seems stellar. Exceeded expectations.,Positive
7285,This item proved to be extremely excellent. Highly recommended!,Positive
7286,The quality seems dreadful. Do not buy.,Negative
7287,The packaging is stellar. Will buy again.,Positive
7288,I think the design looks wonderful. Very satisfied.,Positive
7289,The service looks truly awesome. Highly recommended!,Positive
7290,I think delivery proved to be awful. I hate it.,Negative
7291,The quality seems somewhat amazing. Very satisfied.,Positive
7292,The design looks really awful. Total waste of money.,Negative
7293,"The quality was truly fine. Not bad, not great.",Neutral
7294,The packaging was brilliant. Exceeded expectations.,Positive
7295,My experience is completely worst. I hate it.,Negative
7296,The price is superb. I love it.,Positive
7297,I think the product looks worst. Save your money.,Negative
7298,I think the design proved to be stellar. Very satisfied.,Positive
7299,I think the price is awful. Very frustrated.,Negative
7300,This item is amazing. Very satisfied.,Positive
7301,I think this item feels fantastic. Will buy again.,Positive
7302,The design proved to be standard. Might buy again.,Neutral
7303,The design is extremely dreadful. Very frustrated.,Negative
7304,The packaging looks very poor. I hate it.,Negative
7305,I think the design is poor. I hate it.,Neutral
7306,I think my experience looks useless. I hate it.,Negative
7307,Delivery looks absolutely superb. Very satisfied.,Positive
7308,The quality proved to be superb. I love it.,Positive
7309,The packaging feels wonderful. I love it.,Positive
7310,I think customer support proved to be bad. Total waste of money.,Negative
7311,The design seems very fair. Nothing special.,Neutral
7312,The service proved to be subpar. Very frustrated.,Negative
7313,Customer support seems useless. Save your money.,Negative
7314,The price is bad. Very frustrated.,Negative
7315,I think this item looks disappointing. Will return it.,Neutral
7316,I think the quality seems fantastic. I love it.,Positive
7317,I think the product was horrible. Will return it.,Negative
7318,I think customer support proved to be brilliant. Will buy again.,Positive
7319,The packaging was extremely fantastic. Exceeded expectations.,Positive
7320,Delivery seems terrible. Total waste of money.,Negative
7321,The packaging feels very fair. It does the job.,Neutral
7322,I think the packaging was worst. Total waste of money.,Positive
7323,I think the packaging seems bad. Will return it.,Negative
7324,I think the packaging looks fantastic. Highly recommended!,Positive
7325,I think the product feels amazing. I love it.,Positive
7326,Customer support was very stellar. Will buy again.,Positive
7327,Customer support proved to be subpar. Very frustrated.,Negative
7328,The price proved to be somewhat terrible. Do not buy.,Negative
7329,I think the price feels fantastic. Exceeded expectations.,Positive
7330,I think my experience was worst. Save your money.,Negative
7331,Customer support was quite awful. Very frustrated.,Negative
7332,The product looks dreadful. Total waste of money.,Negative
7333,The packaging looks absolutely normal. Nothing special.,Neutral
7334,Customer support seems wonderful. I love it.,Positive
7335,The design seems totally dreadful. Save your money.,Negative
7336,The packaging was fantastic. Exceeded expectations.,Positive
7337,I think customer support proved to be wonderful. Highly recommended!,Positive
7338,The service proved to be completely great. Best purchase ever.,Positive
7339,Customer support looks really fantastic. Best purchase ever.,Positive
7340,I think the design looks useless. Do not buy.,Negative
7341,The packaging proved to be amazing. Highly recommended!,Positive
7342,Customer support looks fairly great. I love it.,Positive
7343,Customer support is extremely brilliant. Best purchase ever.,Positive
7344,I think the price proved to be acceptable. As expected.,Neutral
7345,I think the design is bad. Do not buy.,Negative
7346,I think this item looks awesome. Best purchase ever.,Positive
7347,The service proved to be useless. Save your money.,Negative
7348,Customer support proved to be terrible. Save your money.,Negative
7349,My experience proved to be extremely terrible. Do not buy.,Negative
7350,The packaging is typical. Might buy again.,Neutral
7351,The service proved to be subpar. Do not buy.,Negative
7352,The price looks quite perfect. Will buy again.,Positive
7353,The price is completely fantastic. I love it.,Positive
7354,I think delivery looks fantastic. I love it.,Positive
7355,My experience looks extremely disappointing. Total waste of money.,Negative
7356,The design looks somewhat amazing. Highly recommended!,Positive
7357,I think the price looks horrible. Very frustrated.,Negative
7358,I think my experience was poor. Total waste of money.,Negative
7359,I think this item looks worst. I hate it.,Negative
7360,This item seems extremely useless. Total waste of money.,Positive
7361,This item was amazing. Will buy again.,Positive
7362,I think this item proved to be awesome. Highly recommended!,Positive
7363,The service feels totally disappointing. I hate it.,Neutral
7364,My experience looks extremely terrible. Very frustrated.,Negative
7365,The service is useless. Will return it.,Negative
7366,The product feels quite great. Will buy again.,Positive
7367,Delivery feels very subpar. Do not buy.,Negative
7368,I think the service seems excellent. Highly recommended!,Positive
7369,The packaging is amazing. Highly recommended!,Positive
7370,The design is fairly awesome. Exceeded expectations.,Negative
7371,I think the service proved to be horrible. Total waste of money.,Negative
7372,I think the quality proved to be disappointing. I hate it.,Negative
7373,The price is terrible. Do not buy.,Negative
7374,Customer support was very fair. Nothing special.,Neutral
7375,I think the quality feels poor. Save your money.,Negative
7376,The product looks completely wonderful. I love it.,Positive
7377,I think the price seems dreadful. Total waste of money.,Negative
7378,The product seems worst. I hate it.,Negative
7379,The product is extremely poor. Will return it.,Positive
7380,The quality was disappointing. Save your money.,Negative
7381,The packaging was completely brilliant. Exceeded expectations.,Positive
7382,The packaging feels okay. As expected.,Neutral
7383,I think this item was horrible. Do not buy.,Negative
7384,Customer support is totally worst. I hate it.,Negative
7385,I think my experience looks regular. It does the job.,Neutral
7386,Customer support feels useless. Will return it.,Negative
7387,My experience looks fair. Serves its purpose.,Neutral
7388,I think the quality is disappointing. Very frustrated.,Negative
7389,The price was completely mediocre. It does the job.,Negative
7390,The quality looks totally terrible. Will return it.,Negative
7391,The quality seems perfect. Exceeded expectations.,Positive
7392,I think the service was useless. Will return it.,Negative
7393,I think the service proved to be useless. Very frustrated.,Negative
7394,The design feels stellar. Very satisfied.,Positive
7395,I think this item feels worst. Very frustrated.,Negative
7396,The packaging seems stellar. I love it.,Positive
7397,The product seems very awesome. Highly recommended!,Positive
7398,The quality looks somewhat stellar. I love it.,Positive
7399,I think the design seems worst. Save your money.,Negative
7400,The price proved to be dreadful. Very frustrated.,Negative
7401,The service seems somewhat worst. Will return it.,Negative
7402,The design seems quite awful. Very frustrated.,Negative
7403,My experience seems extremely terrible. I hate it.,Negative
7404,The packaging feels bad. Will return it.,Negative
7405,The service proved to be somewhat disappointing. I hate it.,Negative
7406,I think the service was worst. I hate it.,Negative
7407,This item was very regular. It does the job.,Neutral
7408,The price proved to be useless. Do not buy.,Negative
7409,This item looks superb. Best purchase ever.,Positive
7410,The product is horrible. Very frustrated.,Negative
7411,The service looks really worst. Very frustrated.,Negative
7412,The service proved to be disappointing. Will return it.,Negative
7413,I think the packaging is great. Very satisfied.,Positive
7414,The service is awesome. I love it.,Positive
7415,My experience proved to be extremely typical. As expected.,Neutral
7416,The quality feels wonderful. Best purchase ever.,Positive
7417,The service feels absolutely subpar. Save your money.,Positive
7418,The price feels horrible. Very frustrated.,Negative
7419,The design proved to be quite normal. Might buy again.,Neutral
7420,I think customer support feels superb. I love it.,Positive
7421,I think the design proved to be disappointing. Total waste of money.,Negative
7422,I think the quality proved to be bad. I hate it.,Negative
7423,I think delivery looks awesome. Will buy again.,Positive
7424,This item seems somewhat dreadful. Do not buy.,Negative
7425,Delivery proved to be subpar. Total waste of money.,Negative
7426,My experience looks fairly stellar. Will buy again.,Positive
7427,Delivery seems excellent. Best purchase ever.,Positive
7428,The packaging feels really subpar. Save your money.,Negative
7429,Customer support looks quite standard. Nothing special.,Neutral
7430,I think the service is perfect. Will buy again.,Positive
7431,The packaging looks totally mediocre. Serves its purpose.,Neutral
7432,The product was totally worst. Save your money.,Negative
7433,The product seems very fantastic. Will buy again.,Positive
7434,The service was acceptable. Might buy again.,Neutral
7435,I think the design seems perfect. Exceeded expectations.,Positive
7436,The service proved to be completely brilliant. Exceeded expectations.,Positive
7437,I think delivery looks awesome. Exceeded expectations.,Positive
7438,I think this item is disappointing. Save your money.,Negative
7439,The design proved to be dreadful. Will return it.,Negative
7440,This item seems quite useless. Total waste of money.,Negative
7441,The quality is worst. Total waste of money.,Negative
7442,The design looks bad. Will return it.,Negative
7443,I think customer support seems subpar. Very frustrated.,Negative
7444,I think the service was disappointing. Save your money.,Negative
7445,I think the design was perfect. Highly recommended!,Positive
7446,Delivery proved to be superb. Will buy again.,Negative
7447,This item feels fantastic. Very satisfied.,Negative
7448,The price proved to be absolutely terrible. Total waste of money.,Negative
7449,The price feels brilliant. Very satisfied.,Positive
7450,Customer support is dreadful. Will return it.,Positive
7451,My experience seems very subpar. Will return it.,Negative
7452,I think the quality is typical. Serves its purpose.,Neutral
7453,Delivery was fairly regular. It does the job.,Neutral
7454,I think the service proved to be wonderful. Very satisfied.,Positive
7455,I think customer support was amazing. Will buy again.,Positive
7456,The price looks brilliant. I love it.,Neutral
7457,The service feels poor. Save your money.,Negative
7458,The price was totally fair. Serves its purpose.,Neutral
7459,I think the quality looks average. Might buy again.,Neutral
7460,Customer support is terrible. Save your money.,Negative
7461,I think the product feels poor. Total waste of money.,Negative
7462,I think the product is superb. Exceeded expectations.,Positive
7463,The quality seems perfect. Highly recommended!,Positive
7464,I think delivery proved to be fantastic. Will buy again.,Positive
7465,I think the price feels awful. Will return it.,Negative
7466,I think the quality was perfect. Very satisfied.,Positive
7467,The quality feels bad. Very frustrated.,Negative
7468,I think the service feels stellar. Exceeded expectations.,Positive
7469,My experience seems really bad. Very frustrated.,Negative
7470,The price was perfect. Best purchase ever.,Positive
7471,I think my experience feels great. Will buy again.,Positive
7472,I think the service seems amazing. Exceeded expectations.,Positive
7473,The product is disappointing. Will return it.,Negative
7474,I think the packaging feels poor. Save your money.,Negative
7475,The product looks completely disappointing. Very frustrated.,Negative
7476,Delivery feels awful. Will return it.,Negative
7477,The packaging is totally horrible. Will return it.,Negative
7478,Delivery looks fairly horrible. Very frustrated.,Negative
7479,I think the service looks bad. Total waste of money.,Negative
7480,The quality was extremely useless. Will return it.,Negative
7481,The quality feels somewhat regular. Might buy again.,Neutral
7482,I think the product seems brilliant. Very satisfied.,Positive
7483,The product is subpar. Will return it.,Negative
7484,Customer support feels bad. Do not buy.,Negative
7485,I think delivery feels wonderful. Very satisfied.,Positive
7486,This item proved to be great. Best purchase ever.,Positive
7487,I think my experience looks fine. Serves its purpose.,Neutral
7488,The price is truly disappointing. Save your money.,Negative
7489,I think my experience seems fantastic. Will buy again.,Positive
7490,The service proved to be somewhat average. Nothing special.,Neutral
7491,The packaging looks absolutely awesome. I love it.,Positive
7492,My experience was awful. Do not buy.,Negative
7493,I think the price is perfect. Will buy again.,Neutral
7494,The quality proved to be wonderful. Best purchase ever.,Positive
7495,I think delivery is poor. Very frustrated.,Neutral
7496,Customer support is totally amazing. Very satisfied.,Positive
7497,Delivery proved to be absolutely bad. Will return it.,Negative
7498,The service is fairly bad. I hate it.,Negative
7499,This item seems stellar. Very satisfied.,Positive
7500,I think the quality looks wonderful. Will buy again.,Positive
7501,My experience feels extremely horrible. Will return it.,Negative
7502,Customer support was very regular. It does the job.,Neutral
7503,The price looks truly dreadful. Save your money.,Negative
7504,I think the product is typical. As expected.,Neutral
7505,The product was standard. Nothing special.,Neutral
7506,I think delivery feels subpar. Total waste of money.,Negative
7507,Delivery feels regular. Nothing special.,Neutral
7508,My experience feels quite horrible. Will return it.,Neutral
7509,I think the packaging is normal. Nothing special.,Neutral
7510,I think my experience feels average. Serves its purpose.,Positive
7511,My experience feels bad. Will return it.,Negative
7512,Customer support was absolutely fine. Serves its purpose.,Neutral
7513,The product seems amazing. Will buy again.,Positive
7514,The price proved to be excellent. Exceeded expectations.,Positive
7515,I think the design feels amazing. Highly recommended!,Positive
7516,I think delivery is awful. Do not buy.,Negative
7517,The design proved to be subpar. Will return it.,Neutral
7518,Customer support was brilliant. Will buy again.,Positive
7519,The service is very disappointing. Very frustrated.,Negative
7520,My experience was really brilliant. Best purchase ever.,Positive
7521,I think the design feels brilliant. I love it.,Positive
7522,The design is awful. Will return it.,Negative
7523,My experience was regular. Might buy again.,Neutral
7524,"The product seems absolutely typical. Not bad, not great.",Neutral
7525,The price seems brilliant. Very satisfied.,Positive
7526,The packaging looks dreadful. Do not buy.,Negative
7527,This item looks fair. As expected.,Neutral
7528,"I think the service is standard. Not bad, not great.",Neutral
7529,The quality proved to be subpar. I hate it.,Negative
7530,My experience is perfect. I love it.,Positive
7531,The price proved to be somewhat excellent. I love it.,Positive
7532,I think the price looks fantastic. Exceeded expectations.,Positive
7533,Customer support looks fairly brilliant. Will buy again.,Negative
7534,Customer support was amazing. Exceeded expectations.,Positive
7535,"The price was totally acceptable. Not bad, not great.",Neutral
7536,I think the quality seems bad. I hate it.,Negative
7537,This item seems awful. Do not buy.,Negative
7538,"I think the quality seems regular. Not bad, not great.",Negative
7539,I think the price looks worst. Total waste of money.,Negative
7540,The design is disappointing. Total waste of money.,Negative
7541,I think delivery seems poor. Very frustrated.,Negative
7542,I think customer support is acceptable. Nothing special.,Negative
7543,I think delivery was typical. Serves its purpose.,Neutral
7544,Customer support looks wonderful. Exceeded expectations.,Positive
7545,Delivery feels completely stellar. Best purchase ever.,Positive
7546,The price feels great. Will buy again.,Positive
7547,The product is totally brilliant. Best purchase ever.,Positive
7548,I think delivery feels awful. I hate it.,Negative
7549,The product seems excellent. I love it.,Positive
7550,The quality proved to be brilliant. Highly recommended!,Negative
7551,"The packaging is quite fine. Not bad, not great.",Neutral
7552,I think the design was subpar. Save your money.,Negative
7553,Customer support seems fairly subpar. I hate it.,Negative
7554,I think the product proved to be worst. Will return it.,Negative
7555,My experience feels regular. Serves its purpose.,Neutral
7556,Customer support looks completely excellent. Exceeded expectations.,Positive
7557,This item was fine. Serves its purpose.,Neutral
7558,The design looks subpar. Very frustrated.,Negative
7559,I think the service seems awesome. Will buy again.,Positive
7560,Customer support was very subpar. Do not buy.,Negative
7561,I think customer support seems okay. Serves its purpose.,Neutral
7562,I think the quality is fantastic. I love it.,Positive
7563,The packaging looks quite amazing. Best purchase ever.,Positive
7564,I think the service seems stellar. Best purchase ever.,Positive
7565,The price is useless. Do not buy.,Negative
7566,I think the packaging was stellar. Very satisfied.,Positive
7567,The price proved to be bad. I hate it.,Positive
7568,The packaging is bad. Very frustrated.,Negative
7569,I think customer support feels poor. I hate it.,Negative
7570,My experience is somewhat brilliant. Highly recommended!,Positive
7571,My experience was fair. Might buy again.,Neutral
7572,I think the price was poor. I hate it.,Negative
7573,The price seems somewhat useless. Save your money.,Negative
7574,The design is fantastic. Will buy again.,Neutral
7575,I think the packaging seems fine. It does the job.,Neutral
7576,The design was really regular. As expected.,Neutral
7577,"The design is completely typical. Not bad, not great.",Neutral
7578,Customer support proved to be poor. Total waste of money.,Negative
7579,I think customer support seems brilliant. I love it.,Positive
7580,The price is mediocre. As expected.,Neutral
7581,I think the price proved to be fantastic. Exceeded expectations.,Positive
7582,My experience feels wonderful. Highly recommended!,Positive
7583,The design is somewhat stellar. Exceeded expectations.,Positive
7584,Customer support feels really fantastic. I love it.,Positive
7585,The product seems typical. As expected.,Neutral
7586,The price proved to be excellent. I love it.,Positive
7587,I think the packaging was disappointing. Save your money.,Negative
7588,I think the service looks average. Nothing special.,Neutral
7589,The price proved to be subpar. Total waste of money.,Negative
7590,The design is very fantastic. Will buy again.,Positive
7591,This item proved to be terrible. Do not buy.,Negative
7592,I think the quality looks disappointing. Do not buy.,Negative
7593,The price seems poor. I hate it.,Negative
7594,I think the product is average. Might buy again.,Neutral
7595,Customer support was really worst. Do not buy.,Negative
7596,Customer support seems truly awful. I hate it.,Negative
7597,I think the service was acceptable. It does the job.,Neutral
7598,I think customer support seems brilliant. Will buy again.,Positive
7599,Customer support seems wonderful. Exceeded expectations.,Positive
7600,The service proved to be extremely subpar. Will return it.,Negative
7601,Delivery proved to be totally okay. Serves its purpose.,Neutral
7602,The design was fantastic. Very satisfied.,Positive
7603,I think delivery proved to be amazing. Best purchase ever.,Positive
7604,I think customer support looks brilliant. I love it.,Positive
7605,The quality is quite dreadful. Do not buy.,Negative
7606,I think the product is stellar. Very satisfied.,Positive
7607,I think delivery is stellar. Best purchase ever.,Positive
7608,The product was poor. I hate it.,Negative
7609,I think customer support proved to be superb. Highly recommended!,Positive
7610,I think my experience looks great. I love it.,Positive
7611,I think delivery proved to be fantastic. Very satisfied.,Positive
7612,This item looks typical. Nothing special.,Neutral
7613,This item seems horrible. Do not buy.,Negative
7614,I think my experience seems disappointing. Do not buy.,Negative
7615,I think my experience was brilliant. Very satisfied.,Positive
7616,I think my experience feels fantastic. Very satisfied.,Positive
7617,I think the design is normal. It does the job.,Neutral
7618,The price is really stellar. Very satisfied.,Positive
7619,The price feels superb. Highly recommended!,Positive
7620,The service was somewhat poor. Do not buy.,Negative
7621,I think delivery looks superb. Exceeded expectations.,Positive
7622,The price seems amazing. Exceeded expectations.,Positive
7623,Delivery is very dreadful. Save your money.,Negative
7624,Delivery was terrible. Do not buy.,Positive
7625,I think the packaging feels poor. I hate it.,Negative
7626,The product looks very normal. It does the job.,Neutral
7627,Customer support was fairly superb. Best purchase ever.,Positive
7628,The product feels fantastic. Will buy again.,Positive
7629,Customer support is very excellent. Will buy again.,Positive
7630,This item feels quite awesome. Very satisfied.,Positive
7631,I think this item seems stellar. Will buy again.,Positive
7632,Customer support is totally stellar. Highly recommended!,Positive
7633,I think delivery is perfect. Highly recommended!,Positive
7634,I think this item was awful. I hate it.,Negative
7635,I think the service proved to be poor. Very frustrated.,Negative
7636,"My experience was somewhat acceptable. Not bad, not great.",Neutral
7637,The price is average. Might buy again.,Neutral
7638,I think the service looks wonderful. Will buy again.,Positive
7639,The design is extremely wonderful. Will buy again.,Positive
7640,I think the product was fantastic. Best purchase ever.,Positive
7641,My experience looks wonderful. Will buy again.,Positive
7642,I think the service is awful. Very frustrated.,Negative
7643,This item looks totally fantastic. Very satisfied.,Positive
7644,I think this item proved to be awesome. Exceeded expectations.,Positive
7645,I think the packaging proved to be regular. As expected.,Neutral
7646,The packaging feels perfect. Will buy again.,Positive
7647,The design looks acceptable. Serves its purpose.,Neutral
7648,I think the product was brilliant. I love it.,Positive
7649,Delivery proved to be worst. Will return it.,Negative
7650,Customer support seems really bad. Save your money.,Negative
7651,I think the service feels horrible. Total waste of money.,Negative
7652,This item feels superb. Highly recommended!,Positive
7653,I think the packaging looks standard. Serves its purpose.,Neutral
7654,Delivery proved to be amazing. Best purchase ever.,Positive
7655,Delivery looks somewhat wonderful. I love it.,Positive
7656,I think the product was regular. It does the job.,Neutral
7657,I think the packaging is fantastic. Very satisfied.,Positive
7658,I think the quality looks stellar. Very satisfied.,Positive
7659,This item was truly fantastic. Very satisfied.,Positive
7660,I think the price feels disappointing. I hate it.,Negative
7661,I think customer support looks mediocre. Serves its purpose.,Neutral
7662,My experience seems really worst. I hate it.,Negative
7663,The quality looks disappointing. Save your money.,Negative
7664,Delivery is superb. Exceeded expectations.,Positive
7665,I think delivery looks fantastic. Best purchase ever.,Positive
7666,I think this item proved to be acceptable. Nothing special.,Neutral
7667,This item proved to be quite worst. Very frustrated.,Neutral
7668,The design was truly terrible. Do not buy.,Negative
7669,The packaging seems awesome. Very satisfied.,Positive
7670,The service is awesome. I love it.,Positive
7671,This item was quite useless. Will return it.,Negative
7672,The product was superb. Best purchase ever.,Positive
7673,Customer support is fairly wonderful. I love it.,Positive
7674,The quality seems subpar. Save your money.,Negative
7675,The design is truly awful. Very frustrated.,Negative
7676,Customer support was somewhat superb. Will buy again.,Positive
7677,This item feels truly excellent. Highly recommended!,Positive
7678,I think delivery feels terrible. Total waste of money.,Negative
7679,The packaging feels absolutely worst. Will return it.,Negative
7680,The packaging seems somewhat regular. Might buy again.,Neutral
7681,I think the price is typical. Nothing special.,Neutral
7682,The packaging is completely disappointing. Will return it.,Negative
7683,I think my experience seems disappointing. Very frustrated.,Negative
7684,"I think this item looks acceptable. Not bad, not great.",Neutral
7685,I think the service proved to be standard. Nothing special.,Neutral
7686,The price proved to be superb. I love it.,Positive
7687,Delivery feels absolutely subpar. Save your money.,Neutral
7688,The quality feels very typical. Serves its purpose.,Neutral
7689,My experience is quite excellent. Will buy again.,Positive
7690,I think the packaging looks horrible. Do not buy.,Negative
7691,My experience is awesome. Very satisfied.,Positive
7692,The price was brilliant. Will buy again.,Positive
7693,I think the quality looks awesome. Highly recommended!,Positive
7694,The design was very fantastic. Exceeded expectations.,Positive
7695,I think delivery is amazing. Exceeded expectations.,Positive
7696,I think customer support looks disappointing. Very frustrated.,Negative
7697,The design looks wonderful. Best purchase ever.,Negative
7698,My experience looks somewhat poor. Total waste of money.,Negative
7699,I think delivery is dreadful. Will return it.,Negative
7700,Delivery seems normal. Might buy again.,Neutral
7701,The product seems awful. Total waste of money.,Negative
7702,I think customer support is bad. I hate it.,Negative
7703,I think the quality was normal. Might buy again.,Neutral
7704,I think the service feels brilliant. Best purchase ever.,Positive
7705,Customer support is fairly bad. Will return it.,Negative
7706,My experience seems poor. Very frustrated.,Negative
7707,I think the quality is standard. It does the job.,Neutral
7708,I think my experience looks amazing. Highly recommended!,Negative
7709,The service looks truly subpar. I hate it.,Negative
7710,I think the product is great. Will buy again.,Positive
7711,I think the quality looks excellent. Very satisfied.,Positive
7712,I think the service feels bad. Total waste of money.,Positive
7713,The design seems worst. Total waste of money.,Negative
7714,The price feels perfect. I love it.,Positive
7715,I think this item looks normal. Serves its purpose.,Neutral
7716,The product looks absolutely fantastic. Highly recommended!,Negative
7717,I think this item proved to be excellent. Exceeded expectations.,Positive
7718,I think delivery looks terrible. Total waste of money.,Negative
7719,The design was poor. Will return it.,Negative
7720,Customer support is truly average. It does the job.,Neutral
7721,The quality proved to be stellar. Very satisfied.,Positive
7722,I think delivery seems fantastic. Very satisfied.,Positive
7723,"I think the service seems mediocre. Not bad, not great.",Neutral
7724,I think the service looks fantastic. Exceeded expectations.,Positive
7725,I think the packaging seems okay. Might buy again.,Neutral
7726,The quality proved to be brilliant. Exceeded expectations.,Positive
7727,Delivery proved to be absolutely horrible. Very frustrated.,Negative
7728,I think the packaging is excellent. Best purchase ever.,Positive
7729,Customer support looks truly amazing. Exceeded expectations.,Positive
7730,I think the design is fair. It does the job.,Neutral
7731,I think the quality is subpar. I hate it.,Negative
7732,The packaging was totally awesome. Will buy again.,Positive
7733,The price feels completely terrible. Do not buy.,Negative
7734,I think customer support is awful. I hate it.,Negative
7735,The design proved to be completely fantastic. Exceeded expectations.,Positive
7736,This item was completely disappointing. I hate it.,Negative
7737,I think the design was acceptable. Serves its purpose.,Neutral
7738,Delivery was truly horrible. I hate it.,Negative
7739,The service looks fairly great. Very satisfied.,Positive
7740,The quality seems quite awful. I hate it.,Negative
7741,The packaging was fair. It does the job.,Neutral
7742,The product looks awful. Total waste of money.,Negative
7743,The design is dreadful. Very frustrated.,Negative
7744,I think the quality looks excellent. Exceeded expectations.,Positive
7745,The service is somewhat fine. Might buy again.,Neutral
7746,The price seems truly useless. Do not buy.,Negative
7747,This item looks awesome. Exceeded expectations.,Positive
7748,The product feels somewhat poor. Total waste of money.,Negative
7749,I think customer support proved to be typical. Nothing special.,Neutral
7750,I think the packaging looks okay. It does the job.,Neutral
7751,I think my experience seems perfect. Very satisfied.,Positive
7752,I think my experience proved to be amazing. Exceeded expectations.,Positive
7753,Delivery proved to be acceptable. Might buy again.,Neutral
7754,I think customer support proved to be awesome. Very satisfied.,Negative
7755,I think the quality was fantastic. Very satisfied.,Positive
7756,Customer support proved to be really terrible. Total waste of money.,Negative
7757,Delivery proved to be absolutely bad. I hate it.,Negative
7758,I think the packaging seems fair. Might buy again.,Neutral
7759,I think this item is disappointing. Do not buy.,Negative
7760,This item was brilliant. Highly recommended!,Positive
7761,The product is fairly great. Highly recommended!,Positive
7762,Customer support is extremely amazing. I love it.,Positive
7763,The service was somewhat perfect. Highly recommended!,Positive
7764,The design feels absolutely worst. Very frustrated.,Negative
7765,"The quality feels standard. Not bad, not great.",Neutral
7766,My experience proved to be subpar. Do not buy.,Negative
7767,I think delivery proved to be fantastic. Highly recommended!,Positive
7768,The service is very bad. I hate it.,Negative
7769,This item feels brilliant. Exceeded expectations.,Positive
7770,This item proved to be standard. It does the job.,Neutral
7771,Customer support was typical. Nothing special.,Neutral
7772,The packaging seems fairly poor. Save your money.,Negative
7773,This item seems fairly perfect. Exceeded expectations.,Positive
7774,The product is completely brilliant. Will buy again.,Negative
7775,I think the quality proved to be awesome. Will buy again.,Positive
7776,The packaging is useless. Will return it.,Negative
7777,My experience looks totally disappointing. Very frustrated.,Negative
7778,The price feels normal. Nothing special.,Neutral
7779,My experience feels fair. It does the job.,Neutral
7780,I think the quality proved to be acceptable. As expected.,Neutral
7781,The service proved to be stellar. Best purchase ever.,Positive
7782,This item was extremely average. As expected.,Neutral
7783,The product seems extremely awesome. Highly recommended!,Positive
7784,Delivery was completely typical. Serves its purpose.,Neutral
7785,I think the service seems superb. Very satisfied.,Positive
7786,The price was quite superb. Exceeded expectations.,Positive
7787,The design seems extremely fair. Nothing special.,Neutral
7788,I think delivery looks okay. Nothing special.,Neutral
7789,The packaging proved to be subpar. Do not buy.,Neutral
7790,The packaging was truly great. Exceeded expectations.,Positive
7791,I think my experience is poor. Will return it.,Negative
7792,"My experience looks somewhat acceptable. Not bad, not great.",Neutral
7793,The service seems normal. Serves its purpose.,Neutral
7794,The price was very wonderful. Very satisfied.,Positive
7795,I think the quality feels dreadful. Will return it.,Negative
7796,This item was disappointing. Will return it.,Negative
7797,Customer support was horrible. Save your money.,Negative
7798,I think the price feels amazing. Very satisfied.,Positive
7799,I think the packaging was disappointing. Do not buy.,Negative
7800,The quality seems totally worst. Save your money.,Negative
7801,Delivery feels great. Will buy again.,Positive
7802,I think the price feels brilliant. Exceeded expectations.,Negative
7803,I think customer support is worst. Very frustrated.,Negative
7804,I think delivery seems useless. I hate it.,Negative
7805,Customer support proved to be extremely great. Exceeded expectations.,Positive
7806,I think the service was excellent. Best purchase ever.,Positive
7807,I think the product feels wonderful. Highly recommended!,Positive
7808,The quality seems really terrible. Will return it.,Negative
7809,I think customer support is subpar. Save your money.,Negative
7810,Delivery seems fairly horrible. Do not buy.,Negative
7811,Customer support seems useless. Will return it.,Negative
7812,Customer support proved to be completely awful. Very frustrated.,Negative
7813,Customer support looks absolutely perfect. Best purchase ever.,Positive
7814,The service was completely poor. Do not buy.,Negative
7815,This item is completely awesome. I love it.,Positive
7816,I think the product looks fantastic. Exceeded expectations.,Neutral
7817,The design proved to be fairly horrible. Will return it.,Negative
7818,I think the quality is useless. Save your money.,Negative
7819,I think the design is awesome. I love it.,Positive
7820,My experience is great. I love it.,Positive
7821,I think the service seems disappointing. Do not buy.,Negative
7822,The packaging feels excellent. Best purchase ever.,Positive
7823,"The price is standard. Not bad, not great.",Neutral
7824,I think the product was perfect. I love it.,Positive
7825,The design proved to be totally superb. Very satisfied.,Positive
7826,My experience looks okay. Nothing special.,Neutral
7827,Delivery proved to be poor. Do not buy.,Negative
7828,The quality feels typical. As expected.,Neutral
7829,I think the quality feels regular. Might buy again.,Neutral
7830,This item is disappointing. Do not buy.,Negative
7831,Delivery feels fairly disappointing. Save your money.,Negative
7832,The design seems really fine. As expected.,Positive
7833,The design was truly terrible. Total waste of money.,Negative
7834,I think the product seems amazing. Highly recommended!,Positive
7835,The product looks extremely worst. Very frustrated.,Negative
7836,The product feels completely awesome. Will buy again.,Positive
7837,The design proved to be awesome. Highly recommended!,Positive
7838,The product was totally amazing. I love it.,Positive
7839,The service was somewhat perfect. I love it.,Positive
7840,My experience is really awful. I hate it.,Negative
7841,The product seems totally superb. Exceeded expectations.,Positive
7842,The service proved to be standard. As expected.,Neutral
7843,I think the price is dreadful. Will return it.,Negative
7844,This item is awful. Total waste of money.,Negative
7845,The service proved to be disappointing. I hate it.,Negative
7846,I think the packaging feels terrible. Very frustrated.,Positive
7847,The quality was horrible. Will return it.,Negative
7848,Customer support proved to be totally subpar. Very frustrated.,Negative
7849,Delivery proved to be horrible. Save your money.,Negative
7850,The quality proved to be truly standard. Nothing special.,Neutral
7851,The service is brilliant. Will buy again.,Positive
7852,I think the quality seems wonderful. Exceeded expectations.,Positive
7853,The quality seems brilliant. Highly recommended!,Positive
7854,The quality was subpar. Do not buy.,Negative
7855,I think the quality is worst. Total waste of money.,Negative
7856,I think customer support looks amazing. Very satisfied.,Positive
7857,The design looks very useless. Will return it.,Negative
7858,The design looks regular. Might buy again.,Neutral
7859,I think the service proved to be wonderful. Very satisfied.,Positive
7860,The packaging looks amazing. Will buy again.,Positive
7861,Customer support feels somewhat normal. Might buy again.,Neutral
7862,The packaging was average. As expected.,Neutral
7863,The design looks extremely acceptable. As expected.,Neutral
7864,The price seems completely typical. Might buy again.,Neutral
7865,The price was bad. Will return it.,Negative
7866,The packaging feels terrible. Save your money.,Negative
7867,I think customer support proved to be great. Exceeded expectations.,Positive
7868,"The product was quite okay. Not bad, not great.",Neutral
7869,I think customer support proved to be bad. I hate it.,Negative
7870,The design is subpar. Do not buy.,Negative
7871,Customer support was quite subpar. Save your money.,Negative
7872,This item proved to be extremely superb. Will buy again.,Positive
7873,The product feels standard. Serves its purpose.,Neutral
7874,I think the design was amazing. Exceeded expectations.,Positive
7875,The quality feels bad. I hate it.,Negative
7876,I think customer support is terrible. I hate it.,Negative
7877,"I think the design was regular. Not bad, not great.",Neutral
7878,I think the service was useless. Do not buy.,Negative
7879,The service was fairly fantastic. Exceeded expectations.,Positive
7880,The price is somewhat horrible. Total waste of money.,Negative
7881,I think the price seems stellar. Best purchase ever.,Positive
7882,The price looks normal. It does the job.,Neutral
7883,I think the quality proved to be dreadful. Save your money.,Negative
7884,"The service feels totally okay. Not bad, not great.",Neutral
7885,Customer support feels very terrible. Very frustrated.,Positive
7886,I think the design feels fantastic. Best purchase ever.,Positive
7887,The quality proved to be awesome. Best purchase ever.,Positive
7888,I think my experience seems horrible. Do not buy.,Negative
7889,I think the service was terrible. I hate it.,Negative
7890,My experience looks poor. Very frustrated.,Negative
7891,I think the packaging proved to be wonderful. Very satisfied.,Positive
7892,This item seems worst. Do not buy.,Negative
7893,The service seems great. Very satisfied.,Positive
7894,This item is typical. Might buy again.,Neutral
7895,The service feels disappointing. Very frustrated.,Negative
7896,Customer support seems fairly typical. As expected.,Neutral
7897,The price seems quite fantastic. Will buy again.,Positive
7898,My experience feels disappointing. Total waste of money.,Negative
7899,The service seems fairly mediocre. Might buy again.,Neutral
7900,My experience was dreadful. Total waste of money.,Negative
7901,The price seems excellent. Will buy again.,Neutral
7902,Delivery is completely wonderful. Highly recommended!,Positive
7903,This item feels truly horrible. Do not buy.,Negative
7904,The design looks quite amazing. Will buy again.,Positive
7905,The price proved to be brilliant. I love it.,Positive
7906,The design looks great. Best purchase ever.,Neutral
7907,My experience feels absolutely stellar. Best purchase ever.,Positive
7908,The packaging is quite disappointing. I hate it.,Negative
7909,I think the price is great. Best purchase ever.,Positive
7910,I think the packaging feels bad. Save your money.,Negative
7911,Customer support proved to be excellent. Very satisfied.,Positive
7912,The packaging feels totally perfect. Best purchase ever.,Positive
7913,The packaging looks absolutely average. Nothing special.,Neutral
7914,I think the packaging feels perfect. Will buy again.,Neutral
7915,This item was fantastic. I love it.,Positive
7916,I think delivery feels awful. I hate it.,Negative
7917,The design proved to be terrible. I hate it.,Negative
7918,My experience looks subpar. Very frustrated.,Negative
7919,Customer support is quite perfect. Highly recommended!,Positive
7920,I think the price feels horrible. I hate it.,Negative
7921,The packaging looks totally stellar. Very satisfied.,Positive
7922,I think the quality feels terrible. Do not buy.,Negative
7923,Customer support is stellar. Exceeded expectations.,Positive
7924,The price feels absolutely average. Nothing special.,Neutral
7925,The price seems fantastic. I love it.,Positive
7926,Customer support proved to be great. Exceeded expectations.,Positive
7927,The quality proved to be fairly excellent. I love it.,Positive
7928,This item looks quite excellent. Will buy again.,Positive
7929,Customer support looks useless. I hate it.,Neutral
7930,The packaging is worst. I hate it.,Negative
7931,The quality was completely horrible. Very frustrated.,Negative
7932,I think the service is dreadful. Do not buy.,Negative
7933,I think the service looks worst. Will return it.,Negative
7934,The service feels perfect. Best purchase ever.,Positive
7935,The service feels mediocre. Might buy again.,Neutral
7936,The service was completely dreadful. Do not buy.,Negative
7937,Delivery was very excellent. Very satisfied.,Neutral
7938,The service is really okay. As expected.,Neutral
7939,My experience is excellent. Very satisfied.,Positive
7940,Delivery was okay. Serves its purpose.,Neutral
7941,My experience was bad. Save your money.,Negative
7942,I think customer support seems subpar. Will return it.,Negative
7943,The service feels extremely worst. Do not buy.,Negative
7944,I think the design feels okay. Serves its purpose.,Negative
7945,The product was dreadful. Will return it.,Negative
7946,My experience feels totally useless. Do not buy.,Negative
7947,"The packaging was fine. Not bad, not great.",Neutral
7948,The price is truly regular. Nothing special.,Neutral
7949,The price seems somewhat terrible. Do not buy.,Negative
7950,The price proved to be absolutely dreadful. Do not buy.,Negative
7951,The design feels completely perfect. Very satisfied.,Positive
7952,Customer support seems totally subpar. I hate it.,Negative
7953,I think the product feels average. Nothing special.,Neutral
7954,My experience proved to be worst. Do not buy.,Negative
7955,The quality was standard. It does the job.,Neutral
7956,I think the product looks standard. As expected.,Neutral
7957,This item looks very okay. As expected.,Neutral
7958,The product seems awful. Do not buy.,Negative
7959,The product proved to be regular. As expected.,Neutral
7960,I think delivery proved to be great. Exceeded expectations.,Positive
7961,Delivery seems totally great. Exceeded expectations.,Positive
7962,I think delivery proved to be superb. Exceeded expectations.,Positive
7963,Delivery seems totally useless. Do not buy.,Negative
7964,"This item was fair. Not bad, not great.",Neutral
7965,Customer support is truly poor. Will return it.,Negative
7966,I think delivery proved to be acceptable. It does the job.,Neutral
7967,The price seems brilliant. I love it.,Positive
7968,I think my experience feels subpar. Do not buy.,Negative
7969,I think this item feels perfect. I love it.,Positive
7970,"I think the quality feels typical. Not bad, not great.",Neutral
7971,Customer support is truly amazing. Highly recommended!,Positive
7972,Delivery proved to be truly horrible. I hate it.,Negative
7973,I think the service looks terrible. Total waste of money.,Negative
7974,I think delivery proved to be mediocre. Might buy again.,Neutral
7975,I think my experience looks wonderful. Highly recommended!,Positive
7976,"I think this item proved to be okay. Not bad, not great.",Neutral
7977,The quality proved to be completely wonderful. Exceeded expectations.,Positive
7978,The product proved to be extremely brilliant. Exceeded expectations.,Positive
7979,This item looks completely dreadful. Do not buy.,Negative
7980,I think this item feels fantastic. Best purchase ever.,Positive
7981,I think delivery was terrible. Total waste of money.,Negative
7982,Delivery looks very excellent. Exceeded expectations.,Positive
7983,Delivery proved to be truly superb. I love it.,Positive
7984,My experience seems horrible. Will return it.,Negative
7985,The design is absolutely wonderful. Highly recommended!,Positive
7986,My experience proved to be fairly awesome. Highly recommended!,Positive
7987,I think delivery was regular. Nothing special.,Neutral
7988,Customer support is completely amazing. Will buy again.,Positive
7989,I think the price seems dreadful. Total waste of money.,Negative
7990,I think customer support is superb. Best purchase ever.,Positive
7991,I think the service looks brilliant. Very satisfied.,Positive
7992,The quality proved to be great. I love it.,Positive
7993,I think the product is awful. Will return it.,Negative
7994,I think the design proved to be useless. I hate it.,Negative
7995,I think the service proved to be excellent. Exceeded expectations.,Positive
7996,The design feels completely horrible. Save your money.,Negative
7997,I think the price looks brilliant. Exceeded expectations.,Positive
7998,"I think this item feels okay. Not bad, not great.",Neutral
7999,I think the product proved to be acceptable. It does the job.,Neutral
8000,I think the product is perfect. Highly recommended!,Positive
8001,I think the product proved to be fantastic. I love it.,Positive
8002,I think customer support seems subpar. Total waste of money.,Negative
8003,"The price was average. Not bad, not great.",Neutral
8004,I think this item looks wonderful. Very satisfied.,Positive
8005,The quality feels useless. Save your money.,Negative
8006,The packaging feels absolutely superb. Will buy again.,Positive
8007,This item feels great. Will buy again.,Positive
8008,The design feels somewhat wonderful. Will buy again.,Positive
8009,I think the product proved to be wonderful. Highly recommended!,Positive
8010,I think the product is brilliant. Very satisfied.,Positive
8011,The product feels quite standard. Nothing special.,Neutral
8012,I think this item feels fair. As expected.,Neutral
8013,The design feels really standard. As expected.,Neutral
8014,The packaging feels really wonderful. Highly recommended!,Positive
8015,My experience looks very poor. Very frustrated.,Negative
8016,I think my experience proved to be awesome. Exceeded expectations.,Positive
8017,I think delivery looks wonderful. Very satisfied.,Positive
8018,The design seems somewhat typical. Nothing special.,Neutral
8019,I think customer support feels disappointing. Total waste of money.,Neutral
8020,Delivery looks quite regular. It does the job.,Neutral
8021,I think the design feels fantastic. Will buy again.,Positive
8022,The packaging was very fantastic. Very satisfied.,Positive
8023,The product was brilliant. Very satisfied.,Positive
8024,I think the service proved to be awesome. I love it.,Positive
8025,I think the price was excellent. Highly recommended!,Positive
8026,Delivery feels horrible. I hate it.,Negative
8027,The service looks perfect. Best purchase ever.,Neutral
8028,The product seems quite great. I love it.,Positive
8029,The quality feels subpar. Do not buy.,Negative
8030,Customer support is absolutely perfect. Very satisfied.,Positive
8031,The product proved to be fair. Serves its purpose.,Neutral
8032,The packaging is awful. Will return it.,Negative
8033,My experience proved to be somewhat fantastic. Exceeded expectations.,Positive
8034,The service proved to be stellar. Best purchase ever.,Negative
8035,The packaging proved to be quite wonderful. Will buy again.,Positive
8036,The packaging feels brilliant. Best purchase ever.,Positive
8037,Customer support feels totally dreadful. Save your money.,Negative
8038,I think this item was subpar. Save your money.,Negative
8039,The design was very great. Very satisfied.,Positive
8040,Customer support is really superb. Will buy again.,Positive
8041,The quality is extremely disappointing. Very frustrated.,Negative
8042,The product feels useless. I hate it.,Negative
8043,I think the design seems awful. Save your money.,Negative
8044,I think the design was great. Highly recommended!,Positive
8045,Customer support was worst. I hate it.,Negative
8046,I think the price seems regular. Nothing special.,Neutral
8047,The quality feels quite awful. Do not buy.,Negative
8048,I think the product is wonderful. Will buy again.,Positive
8049,This item was somewhat brilliant. Best purchase ever.,Positive
8050,I think this item proved to be perfect. I love it.,Positive
8051,Delivery proved to be totally worst. Do not buy.,Negative
8052,The quality seems absolutely worst. Very frustrated.,Negative
8053,"I think customer support looks average. Not bad, not great.",Neutral
8054,This item proved to be fine. Nothing special.,Neutral
8055,The price proved to be really fair. Might buy again.,Neutral
8056,I think my experience was subpar. Do not buy.,Negative
8057,I think delivery was mediocre. Nothing special.,Neutral
8058,The price was absolutely fair. Nothing special.,Neutral
8059,The packaging was really stellar. Will buy again.,Positive
8060,The quality feels subpar. Will return it.,Negative
8061,Delivery was great. Exceeded expectations.,Positive
8062,The quality is somewhat perfect. Will buy again.,Negative
8063,"I think the packaging feels normal. Not bad, not great.",Neutral
8064,I think the packaging was fantastic. Exceeded expectations.,Negative
8065,I think this item seems terrible. Do not buy.,Negative
8066,The quality feels wonderful. Exceeded expectations.,Positive
8067,The price feels subpar. Save your money.,Negative
8068,The service looks truly subpar. Very frustrated.,Negative
8069,I think the packaging seems average. Serves its purpose.,Neutral
8070,Customer support feels awful. Do not buy.,Negative
8071,I think customer support looks perfect. I love it.,Positive
8072,I think the packaging proved to be okay. Nothing special.,Neutral
8073,The price feels extremely disappointing. Total waste of money.,Negative
8074,The product was really poor. Save your money.,Negative
8075,The product is totally awesome. Exceeded expectations.,Positive
8076,I think my experience looks horrible. Do not buy.,Negative
8077,The product seems really awful. Will return it.,Negative
8078,I think this item proved to be terrible. Very frustrated.,Negative
8079,The quality proved to be really perfect. Very satisfied.,Positive
8080,I think the service feels subpar. Do not buy.,Negative
8081,This item feels really awful. Very frustrated.,Negative
8082,The service is really awful. Save your money.,Negative
8083,The price looks fairly stellar. Highly recommended!,Positive
8084,Customer support looks extremely terrible. Will return it.,Negative
8085,My experience was useless. Very frustrated.,Negative
8086,My experience looks brilliant. Very satisfied.,Positive
8087,The packaging looks poor. Save your money.,Negative
8088,This item looks superb. Exceeded expectations.,Positive
8089,Delivery seems really dreadful. Will return it.,Negative
8090,The quality seems somewhat wonderful. Highly recommended!,Positive
8091,I think customer support looks acceptable. Might buy again.,Neutral
8092,The packaging proved to be poor. Will return it.,Negative
8093,I think this item was awful. Do not buy.,Negative
8094,"The product feels okay. Not bad, not great.",Neutral
8095,I think the quality feels average. Might buy again.,Neutral
8096,The service seems terrible. Total waste of money.,Negative
8097,The quality seems regular. Nothing special.,Neutral
8098,"My experience feels fair. Not bad, not great.",Neutral
8099,I think the price looks subpar. I hate it.,Negative
8100,The price looks very standard. As expected.,Neutral
8101,I think the design seems perfect. Will buy again.,Positive
8102,The design was absolutely standard. As expected.,Neutral
8103,Delivery proved to be average. Serves its purpose.,Positive
8104,Delivery proved to be standard. It does the job.,Neutral
8105,The quality looks bad. I hate it.,Negative
8106,Delivery was somewhat horrible. I hate it.,Negative
8107,I think the packaging is fair. As expected.,Neutral
8108,I think this item proved to be worst. Save your money.,Negative
8109,The price proved to be truly regular. Serves its purpose.,Neutral
8110,The service was extremely horrible. I hate it.,Negative
8111,The service seems awesome. I love it.,Positive
8112,I think the price looks typical. As expected.,Neutral
8113,I think the quality proved to be fair. It does the job.,Neutral
8114,I think the design proved to be acceptable. Nothing special.,Positive
8115,The packaging is absolutely mediocre. Might buy again.,Neutral
8116,Delivery looks fantastic. Best purchase ever.,Positive
8117,Delivery proved to be completely superb. Exceeded expectations.,Positive
8118,Customer support seems fairly awesome. Highly recommended!,Positive
8119,I think customer support feels great. Very satisfied.,Positive
8120,The quality was really perfect. Best purchase ever.,Positive
8121,Delivery seems truly awesome. Exceeded expectations.,Positive
8122,The service looks totally brilliant. Best purchase ever.,Positive
8123,Delivery was fairly subpar. Save your money.,Positive
8124,The price proved to be quite superb. Best purchase ever.,Positive
8125,I think the packaging is awesome. Will buy again.,Positive
8126,"I think my experience looks fine. Not bad, not great.",Neutral
8127,I think the product seems great. Will buy again.,Positive
8128,I think the packaging looks perfect. Highly recommended!,Positive
8129,Customer support feels extremely excellent. Highly recommended!,Positive
8130,I think the quality looks awful. Total waste of money.,Negative
8131,I think the price proved to be dreadful. Will return it.,Negative
8132,"My experience seems totally fair. Not bad, not great.",Positive
8133,I think the product is dreadful. Do not buy.,Negative
8134,The product feels wonderful. Highly recommended!,Positive
8135,The packaging looks totally subpar. I hate it.,Negative
8136,The price was fairly awful. Total waste of money.,Negative
8137,I think customer support proved to be fair. Might buy again.,Neutral
8138,My experience was terrible. Do not buy.,Negative
8139,The service seems average. It does the job.,Neutral
8140,The design feels really terrible. Total waste of money.,Neutral
8141,Delivery was horrible. Will return it.,Negative
8142,The quality was dreadful. Will return it.,Negative
8143,I think my experience proved to be brilliant. Very satisfied.,Positive
8144,Delivery is completely terrible. Save your money.,Negative
8145,I think the packaging seems average. As expected.,Neutral
8146,I think this item looks amazing. I love it.,Positive
8147,I think the service looks bad. I hate it.,Positive
8148,The product seems somewhat great. I love it.,Positive
8149,The service was extremely perfect. I love it.,Positive
8150,The quality looks amazing. Will buy again.,Positive
8151,I think the product seems okay. Serves its purpose.,Neutral
8152,I think the design looks stellar. I love it.,Positive
8153,I think the service seems terrible. Will return it.,Positive
8154,The quality feels stellar. I love it.,Positive
8155,The packaging is somewhat perfect. Highly recommended!,Positive
8156,My experience proved to be absolutely subpar. Save your money.,Negative
8157,I think delivery feels perfect. I love it.,Positive
8158,Customer support is regular. Might buy again.,Neutral
8159,I think the product seems stellar. Very satisfied.,Positive
8160,The service was somewhat perfect. Exceeded expectations.,Positive
8161,The service proved to be quite useless. Do not buy.,Negative
8162,The design looks perfect. Best purchase ever.,Positive
8163,My experience feels completely regular. Nothing special.,Neutral
8164,The product seems worst. Save your money.,Negative
8165,The product is somewhat stellar. Best purchase ever.,Positive
8166,I think the quality feels great. I love it.,Positive
8167,The quality seems typical. Nothing special.,Neutral
8168,The design feels really awesome. Will buy again.,Positive
8169,Customer support feels absolutely awful. Very frustrated.,Negative
8170,The quality seems absolutely awful. Will return it.,Negative
8171,The price looks excellent. Will buy again.,Positive
8172,The quality feels fairly dreadful. Do not buy.,Negative
8173,The product is poor. I hate it.,Negative
8174,I think the service seems great. Exceeded expectations.,Positive
8175,The packaging was fairly useless. I hate it.,Negative
8176,I think customer support was dreadful. Total waste of money.,Negative
8177,I think delivery is dreadful. Will return it.,Negative
8178,This item seems fairly wonderful. Will buy again.,Positive
8179,Customer support was absolutely brilliant. I love it.,Positive
8180,The packaging was mediocre. Serves its purpose.,Neutral
8181,I think this item proved to be subpar. I hate it.,Negative
8182,The price seems very awesome. Best purchase ever.,Positive
8183,This item was useless. Will return it.,Negative
8184,Delivery seems very awful. Do not buy.,Negative
8185,The price proved to be truly awesome. Will buy again.,Positive
8186,Delivery was truly amazing. Highly recommended!,Positive
8187,I think customer support looks excellent. Will buy again.,Positive
8188,The product seems absolutely bad. I hate it.,Negative
8189,I think the design seems disappointing. Very frustrated.,Negative
8190,My experience feels poor. Total waste of money.,Negative
8191,The quality proved to be fantastic. Exceeded expectations.,Positive
8192,The packaging feels terrible. Very frustrated.,Negative
8193,My experience proved to be extremely perfect. I love it.,Positive
8194,The packaging proved to be quite horrible. Total waste of money.,Negative
8195,The packaging was completely bad. Save your money.,Negative
8196,I think the quality is awesome. Very satisfied.,Positive
8197,I think delivery proved to be subpar. Will return it.,Negative
8198,I think the design feels stellar. Best purchase ever.,Positive
8199,The product feels extremely wonderful. Exceeded expectations.,Positive
8200,I think customer support was awful. I hate it.,Negative
8201,This item seems perfect. Best purchase ever.,Positive
8202,The design proved to be truly stellar. Very satisfied.,Positive
8203,Delivery looks useless. Very frustrated.,Negative
8204,Customer support is truly perfect. Will buy again.,Positive
8205,The service was totally awesome. Best purchase ever.,Positive
8206,I think the design looks awful. Will return it.,Negative
8207,I think the design looks wonderful. Very satisfied.,Positive
8208,The packaging is completely amazing. Highly recommended!,Positive
8209,I think the design looks average. Might buy again.,Neutral
8210,I think the product was brilliant. Highly recommended!,Positive
8211,The product was somewhat wonderful. Best purchase ever.,Positive
8212,Customer support was superb. Best purchase ever.,Positive
8213,I think this item seems perfect. Exceeded expectations.,Positive
8214,I think the quality feels great. I love it.,Positive
8215,The quality proved to be horrible. Will return it.,Negative
8216,The packaging proved to be awful. Total waste of money.,Negative
8217,I think the service is amazing. Exceeded expectations.,Positive
8218,I think the design was superb. Exceeded expectations.,Positive
8219,The quality looks extremely bad. Save your money.,Negative
8220,The product was extremely superb. Will buy again.,Positive
8221,This item proved to be subpar. Total waste of money.,Negative
8222,"The service is typical. Not bad, not great.",Neutral
8223,The design feels completely worst. Save your money.,Negative
8224,The price looks bad. Do not buy.,Negative
8225,"Delivery is truly mediocre. Not bad, not great.",Neutral
8226,I think this item feels superb. Very satisfied.,Negative
8227,The quality feels very wonderful. Exceeded expectations.,Positive
8228,My experience seems awful. Total waste of money.,Negative
8229,The price feels perfect. Exceeded expectations.,Positive
8230,I think the quality feels awesome. I love it.,Positive
8231,Customer support looks superb. I love it.,Positive
8232,The product proved to be great. Very satisfied.,Positive
8233,The service looks great. Highly recommended!,Positive
8234,The design feels great. Highly recommended!,Positive
8235,I think delivery feels fantastic. I love it.,Positive
8236,Delivery proved to be very excellent. Exceeded expectations.,Positive
8237,Delivery was horrible. Will return it.,Negative
8238,The service looks superb. Best purchase ever.,Positive
8239,The quality feels fine. As expected.,Neutral
8240,Delivery is really horrible. I hate it.,Negative
8241,The packaging is absolutely normal. As expected.,Neutral
8242,Delivery was really acceptable. It does the job.,Neutral
8243,I think customer support proved to be bad. Do not buy.,Negative
8244,I think customer support feels wonderful. Highly recommended!,Positive
8245,I think customer support was stellar. I love it.,Positive
8246,I think the price looks brilliant. Very satisfied.,Positive
8247,I think the service feels superb. Highly recommended!,Positive
8248,The packaging feels fairly bad. Very frustrated.,Negative
8249,The product feels useless. I hate it.,Negative
8250,I think the packaging was excellent. Highly recommended!,Neutral
8251,The packaging is very perfect. Very satisfied.,Negative
8252,My experience was somewhat mediocre. Might buy again.,Neutral
8253,This item seems wonderful. Highly recommended!,Positive
8254,I think the quality feels brilliant. Best purchase ever.,Positive
8255,This item looks amazing. I love it.,Positive
8256,The design is fine. It does the job.,Neutral
8257,The price looks awful. Save your money.,Negative
8258,The quality is disappointing. I hate it.,Negative
8259,The packaging seems truly wonderful. Best purchase ever.,Positive
8260,The packaging feels fantastic. Best purchase ever.,Positive
8261,The service proved to be worst. Do not buy.,Negative
8262,The design was extremely fantastic. Will buy again.,Positive
8263,I think this item seems awful. Save your money.,Negative
8264,Delivery was poor. Do not buy.,Negative
8265,The packaging feels brilliant. I love it.,Positive
8266,I think delivery was great. Exceeded expectations.,Positive
8267,This item proved to be worst. Do not buy.,Negative
8268,Customer support was acceptable. Nothing special.,Neutral
8269,This item seems absolutely awesome. I love it.,Positive
8270,I think the service feels fine. Nothing special.,Neutral
8271,I think this item feels average. As expected.,Neutral
8272,I think the service looks wonderful. Will buy again.,Positive
8273,My experience feels really subpar. Very frustrated.,Negative
8274,I think the service seems regular. Nothing special.,Neutral
8275,Customer support looks very awesome. Highly recommended!,Negative
8276,The quality looks horrible. Will return it.,Negative
8277,The design looks amazing. Very satisfied.,Positive
8278,The quality looks extremely dreadful. Total waste of money.,Neutral
8279,I think delivery proved to be acceptable. Serves its purpose.,Neutral
8280,"I think the design was typical. Not bad, not great.",Neutral
8281,I think my experience is fantastic. Best purchase ever.,Positive
8282,My experience is stellar. Highly recommended!,Positive
8283,The design looks superb. I love it.,Positive
8284,The packaging seems awful. Do not buy.,Negative
8285,I think delivery looks great. Best purchase ever.,Positive
8286,The product seems disappointing. Do not buy.,Negative
8287,Delivery feels brilliant. Highly recommended!,Positive
8288,Delivery looks awful. Do not buy.,Negative
8289,The product feels totally average. Nothing special.,Neutral
8290,The product is awesome. Highly recommended!,Positive
8291,I think this item proved to be useless. Will return it.,Negative
8292,I think the design is awesome. Very satisfied.,Positive
8293,The design looks dreadful. I hate it.,Negative
8294,The quality seems fair. Nothing special.,Neutral
8295,I think my experience was perfect. Best purchase ever.,Positive
8296,This item is completely bad. Do not buy.,Negative
8297,The service looks mediocre. Serves its purpose.,Neutral
8298,The price feels absolutely fantastic. Best purchase ever.,Positive
8299,The price seems horrible. I hate it.,Negative
8300,I think the design proved to be perfect. Will buy again.,Positive
8301,I think customer support proved to be typical. Nothing special.,Neutral
8302,My experience proved to be fairly fair. Might buy again.,Neutral
8303,This item looks quite dreadful. I hate it.,Negative
8304,The design was truly fine. Nothing special.,Neutral
8305,My experience proved to be excellent. Highly recommended!,Positive
8306,The design was fantastic. I love it.,Positive
8307,My experience feels awesome. Very satisfied.,Positive
8308,I think customer support was normal. Serves its purpose.,Negative
8309,The service was very terrible. Save your money.,Negative
8310,I think this item is stellar. Highly recommended!,Positive
8311,The packaging is quite useless. I hate it.,Negative
8312,"Customer support feels standard. Not bad, not great.",Neutral
8313,I think delivery proved to be subpar. Total waste of money.,Negative
8314,The design feels quite standard. As expected.,Neutral
8315,The service looks extremely typical. As expected.,Neutral
8316,The design proved to be extremely bad. Save your money.,Negative
8317,The design proved to be truly wonderful. Will buy again.,Positive
8318,The design seems stellar. Best purchase ever.,Positive
8319,Delivery feels superb. Highly recommended!,Positive
8320,Customer support looks great. Exceeded expectations.,Positive
8321,The service was absolutely amazing. Very satisfied.,Positive
8322,Delivery feels really fantastic. I love it.,Positive
8323,I think the design seems amazing. Very satisfied.,Positive
8324,The product proved to be fairly excellent. Very satisfied.,Positive
8325,I think this item feels fantastic. Best purchase ever.,Positive
8326,The packaging seems fairly superb. Will buy again.,Positive
8327,The quality feels average. Serves its purpose.,Positive
8328,I think the service proved to be awful. Very frustrated.,Negative
8329,I think the price feels perfect. Highly recommended!,Positive
8330,Delivery seems normal. It does the job.,Neutral
8331,The product was totally horrible. I hate it.,Negative
8332,This item is dreadful. Do not buy.,Negative
8333,The packaging looks somewhat fantastic. Exceeded expectations.,Positive
8334,The service was totally typical. It does the job.,Neutral
8335,Delivery looks totally brilliant. Highly recommended!,Positive
8336,This item is awesome. Exceeded expectations.,Positive
8337,I think the service is subpar. Very frustrated.,Negative
8338,The product feels quite worst. Total waste of money.,Negative
8339,I think customer support proved to be disappointing. Save your money.,Negative
8340,This item proved to be quite useless. Do not buy.,Negative
8341,The price looks completely great. Best purchase ever.,Positive
8342,I think the packaging proved to be horrible. Save your money.,Negative
8343,The packaging feels very perfect. Will buy again.,Positive
8344,The packaging seems bad. Save your money.,Negative
8345,The price feels great. Highly recommended!,Positive
8346,I think delivery seems excellent. Highly recommended!,Positive
8347,Delivery feels extremely bad. Do not buy.,Negative
8348,The product seems very brilliant. I love it.,Positive
8349,The price was fine. As expected.,Neutral
8350,This item feels average. Serves its purpose.,Neutral
8351,I think this item feels great. Best purchase ever.,Positive
8352,The design looks quite stellar. Very satisfied.,Positive
8353,The design seems normal. Serves its purpose.,Neutral
8354,The product proved to be bad. Will return it.,Negative
8355,This item seems truly subpar. Save your money.,Negative
8356,I think the service looks average. Serves its purpose.,Neutral
8357,This item was fantastic. Highly recommended!,Positive
8358,I think this item seems bad. Very frustrated.,Negative
8359,Delivery seems standard. It does the job.,Neutral
8360,I think delivery looks brilliant. Highly recommended!,Positive
8361,My experience looks dreadful. I hate it.,Negative
8362,I think the quality proved to be excellent. I love it.,Positive
8363,The packaging is very mediocre. As expected.,Neutral
8364,My experience looks bad. Total waste of money.,Negative
8365,I think the product seems terrible. Very frustrated.,Negative
8366,Customer support proved to be excellent. Will buy again.,Positive
8367,My experience is quite subpar. Will return it.,Negative
8368,I think my experience proved to be awesome. Exceeded expectations.,Positive
8369,I think the design proved to be subpar. Very frustrated.,Negative
8370,The design seems bad. Total waste of money.,Negative
8371,I think delivery seems useless. Do not buy.,Negative
8372,I think the packaging feels awful. I hate it.,Negative
8373,My experience seems completely subpar. Do not buy.,Negative
8374,I think delivery feels great. Best purchase ever.,Positive
8375,Customer support proved to be totally fantastic. Best purchase ever.,Positive
8376,The quality looks absolutely perfect. Highly recommended!,Positive
8377,This item feels subpar. Save your money.,Negative
8378,The design looks extremely amazing. Exceeded expectations.,Neutral
8379,The packaging is great. I love it.,Positive
8380,"My experience seems average. Not bad, not great.",Neutral
8381,The packaging proved to be truly dreadful. Save your money.,Negative
8382,Customer support was truly horrible. Do not buy.,Negative
8383,Delivery was quite wonderful. Very satisfied.,Positive
8384,The product feels awful. Do not buy.,Negative
8385,My experience looks extremely stellar. Best purchase ever.,Positive
8386,I think the quality looks excellent. Best purchase ever.,Positive
8387,I think the service was horrible. Will return it.,Negative
8388,Delivery was worst. I hate it.,Negative
8389,The service is worst. I hate it.,Negative
8390,The design feels standard. As expected.,Neutral
8391,Delivery is totally fantastic. Very satisfied.,Positive
8392,Customer support feels really great. Highly recommended!,Positive
8393,I think delivery proved to be perfect. I love it.,Positive
8394,My experience seems stellar. Best purchase ever.,Positive
8395,The service proved to be truly mediocre. Serves its purpose.,Neutral
8396,The price feels awesome. Very satisfied.,Positive
8397,I think delivery proved to be stellar. Highly recommended!,Positive
8398,The quality is horrible. Do not buy.,Negative
8399,I think the product looks worst. Will return it.,Negative
8400,I think delivery looks fine. As expected.,Neutral
8401,The quality feels really great. Highly recommended!,Positive
8402,I think the product was worst. Very frustrated.,Negative
8403,The service is disappointing. I hate it.,Negative
8404,The product looks quite okay. Might buy again.,Neutral
8405,Customer support proved to be terrible. Total waste of money.,Negative
8406,I think this item proved to be regular. It does the job.,Neutral
8407,I think the service seems wonderful. Best purchase ever.,Positive
8408,The price is horrible. Save your money.,Negative
8409,The design proved to be acceptable. Serves its purpose.,Neutral
8410,The packaging proved to be quite average. Nothing special.,Neutral
8411,The product was absolutely awful. Total waste of money.,Negative
8412,I think this item looks poor. Save your money.,Negative
8413,I think delivery feels amazing. Best purchase ever.,Positive
8414,The packaging looks completely amazing. Best purchase ever.,Positive
8415,Delivery is amazing. Best purchase ever.,Positive
8416,I think the design looks brilliant. Will buy again.,Positive
8417,I think my experience is awful. Do not buy.,Negative
8418,The design is quite dreadful. Very frustrated.,Positive
8419,The price feels fantastic. Very satisfied.,Positive
8420,The price feels completely useless. I hate it.,Negative
8421,"This item is completely regular. Not bad, not great.",Neutral
8422,The packaging feels somewhat fair. Serves its purpose.,Neutral
8423,The quality proved to be extremely dreadful. Total waste of money.,Negative
8424,The packaging is extremely awesome. Very satisfied.,Positive
8425,My experience seems somewhat disappointing. Total waste of money.,Negative
8426,I think the design feels horrible. I hate it.,Negative
8427,I think my experience seems wonderful. I love it.,Positive
8428,The design is absolutely awesome. I love it.,Positive
8429,I think the packaging feels awful. Will return it.,Negative
8430,I think my experience looks subpar. Save your money.,Negative
8431,The design proved to be fairly fantastic. Will buy again.,Positive
8432,The service is awful. Do not buy.,Negative
8433,I think the service feels horrible. Will return it.,Negative
8434,The price seems bad. Very frustrated.,Negative
8435,I think the packaging seems worst. Do not buy.,Negative
8436,The price proved to be fairly poor. Save your money.,Negative
8437,My experience proved to be useless. Do not buy.,Negative
8438,I think the packaging was wonderful. Highly recommended!,Positive
8439,I think customer support looks subpar. Will return it.,Positive
8440,The service is disappointing. Total waste of money.,Negative
8441,Delivery seems totally regular. Serves its purpose.,Neutral
8442,My experience looks awful. Save your money.,Negative
8443,I think the quality feels worst. Very frustrated.,Negative
8444,The product was superb. I love it.,Positive
8445,The packaging feels very horrible. Will return it.,Negative
8446,Delivery feels totally dreadful. Do not buy.,Negative
8447,The product was very dreadful. Total waste of money.,Negative
8448,The quality seems somewhat superb. Highly recommended!,Positive
8449,This item feels quite horrible. Save your money.,Negative
8450,Delivery seems disappointing. Total waste of money.,Negative
8451,This item is dreadful. Total waste of money.,Negative
8452,I think the service was amazing. Best purchase ever.,Positive
8453,Customer support is quite poor. Will return it.,Negative
8454,I think my experience was useless. Save your money.,Negative
8455,I think this item looks awful. Save your money.,Negative
8456,The packaging seems completely fair. Nothing special.,Neutral
8457,The price proved to be fantastic. Exceeded expectations.,Positive
8458,The packaging feels quite bad. Total waste of money.,Neutral
8459,"I think the packaging was normal. Not bad, not great.",Neutral
8460,This item looks awful. Save your money.,Negative
8461,The design seems truly worst. Very frustrated.,Negative
8462,This item proved to be completely poor. I hate it.,Positive
8463,The product looks terrible. Do not buy.,Negative
8464,The service was awful. Total waste of money.,Negative
8465,This item seems excellent. Best purchase ever.,Positive
8466,The product was stellar. Exceeded expectations.,Positive
8467,This item seems extremely subpar. Total waste of money.,Negative
8468,I think the product proved to be fantastic. Highly recommended!,Positive
8469,Delivery seems excellent. Highly recommended!,Positive
8470,The service looks awesome. Very satisfied.,Positive
8471,The design feels excellent. Very satisfied.,Positive
8472,"I think this item was average. Not bad, not great.",Neutral
8473,I think my experience looks disappointing. Will return it.,Negative
8474,The design looks wonderful. Highly recommended!,Positive
8475,Delivery is stellar. Very satisfied.,Positive
8476,"My experience was acceptable. Not bad, not great.",Neutral
8477,The quality is totally fine. Might buy again.,Neutral
8478,The quality proved to be extremely great. Highly recommended!,Neutral
8479,This item feels great. I love it.,Positive
8480,Customer support is excellent. Highly recommended!,Positive
8481,The price looks totally terrible. Save your money.,Negative
8482,The service was excellent. I love it.,Neutral
8483,The service feels worst. Will return it.,Negative
8484,The design is really amazing. Very satisfied.,Positive
8485,I think the service looks terrible. Very frustrated.,Negative
8486,This item seems perfect. Highly recommended!,Positive
8487,The packaging seems normal. As expected.,Neutral
8488,I think the price feels okay. Nothing special.,Negative
8489,The design feels bad. Will return it.,Negative
8490,I think customer support feels worst. Total waste of money.,Negative
8491,The design is somewhat subpar. Save your money.,Negative
8492,My experience is completely dreadful. I hate it.,Negative
8493,I think the design seems perfect. I love it.,Positive
8494,I think customer support proved to be standard. Nothing special.,Neutral
8495,The design looks standard. Might buy again.,Neutral
8496,I think my experience seems worst. I hate it.,Negative
8497,I think the product looks disappointing. Will return it.,Negative
8498,I think the design seems dreadful. Very frustrated.,Negative
8499,The design proved to be quite disappointing. Total waste of money.,Negative
8500,The packaging proved to be completely perfect. Very satisfied.,Positive
8501,The packaging was truly great. I love it.,Positive
8502,The quality was truly useless. I hate it.,Negative
8503,My experience looks fairly awesome. Will buy again.,Positive
8504,I think the packaging was dreadful. Save your money.,Negative
8505,The price was fair. Serves its purpose.,Neutral
8506,The quality is quite useless. Save your money.,Negative
8507,The quality is awful. Very frustrated.,Negative
8508,The product seems extremely disappointing. Do not buy.,Negative
8509,I think customer support looks stellar. Exceeded expectations.,Positive
8510,The service feels extremely amazing. Exceeded expectations.,Positive
8511,The packaging seems useless. Save your money.,Negative
8512,The packaging was disappointing. I hate it.,Negative
8513,The packaging seems completely horrible. Very frustrated.,Negative
8514,The quality was excellent. Very satisfied.,Positive
8515,The service seems mediocre. Might buy again.,Neutral
8516,This item proved to be absolutely terrible. Will return it.,Negative
8517,Delivery looks poor. Will return it.,Negative
8518,This item looks completely perfect. Highly recommended!,Positive
8519,This item was fantastic. I love it.,Positive
8520,The quality is really mediocre. Nothing special.,Neutral
8521,I think delivery was wonderful. Very satisfied.,Positive
8522,I think delivery feels fantastic. I love it.,Positive
8523,I think the price looks amazing. I love it.,Positive
8524,This item seems subpar. Do not buy.,Negative
8525,This item was quite awesome. I love it.,Neutral
8526,The quality looks really disappointing. I hate it.,Negative
8527,"I think my experience was typical. Not bad, not great.",Neutral
8528,The design feels truly poor. Save your money.,Negative
8529,The product seems absolutely terrible. Total waste of money.,Negative
8530,I think the service was poor. Do not buy.,Negative
8531,The quality is perfect. Best purchase ever.,Positive
8532,The quality seems standard. Might buy again.,Neutral
8533,The price proved to be totally disappointing. Total waste of money.,Negative
8534,I think my experience was awesome. Will buy again.,Positive
8535,This item was completely standard. Nothing special.,Neutral
8536,I think the service feels great. Very satisfied.,Positive
8537,The product proved to be absolutely brilliant. I love it.,Positive
8538,The quality proved to be stellar. Best purchase ever.,Positive
8539,The quality proved to be awesome. Highly recommended!,Positive
8540,My experience looks really mediocre. Might buy again.,Neutral
8541,I think the packaging seems mediocre. Might buy again.,Neutral
8542,I think delivery was excellent. Will buy again.,Positive
8543,I think the packaging looks okay. Might buy again.,Neutral
8544,The packaging was quite worst. Total waste of money.,Negative
8545,Customer support was stellar. Highly recommended!,Positive
8546,The service proved to be acceptable. Might buy again.,Neutral
8547,I think the service feels stellar. Will buy again.,Positive
8548,I think the packaging looks perfect. Exceeded expectations.,Positive
8549,Customer support seems truly okay. Might buy again.,Neutral
8550,I think my experience seems great. Exceeded expectations.,Positive
8551,I think my experience is disappointing. Save your money.,Negative
8552,"The quality was okay. Not bad, not great.",Neutral
8553,The packaging feels excellent. I love it.,Positive
8554,The packaging proved to be excellent. Best purchase ever.,Positive
8555,The quality seems absolutely fair. Nothing special.,Neutral
8556,Delivery was standard. Might buy again.,Neutral
8557,My experience seems brilliant. I love it.,Positive
8558,The service proved to be extremely bad. Total waste of money.,Negative
8559,This item was really poor. Total waste of money.,Negative
8560,I think the price looks poor. Do not buy.,Negative
8561,Customer support feels superb. Very satisfied.,Positive
8562,I think this item is fine. As expected.,Neutral
8563,Customer support seems quite superb. Highly recommended!,Positive
8564,I think customer support was typical. It does the job.,Neutral
8565,The product proved to be worst. Do not buy.,Negative
8566,This item feels quite wonderful. Very satisfied.,Positive
8567,I think the packaging was great. I love it.,Positive
8568,Delivery was useless. Save your money.,Negative
8569,The design was absolutely bad. Save your money.,Negative
8570,I think the price proved to be superb. Highly recommended!,Positive
8571,I think my experience looks average. It does the job.,Neutral
8572,I think the quality seems amazing. Highly recommended!,Positive
8573,I think customer support was wonderful. Highly recommended!,Positive
8574,The service is completely wonderful. I love it.,Positive
8575,My experience proved to be worst. Will return it.,Negative
8576,The service feels perfect. Will buy again.,Positive
8577,I think customer support was dreadful. Very frustrated.,Negative
8578,I think the product proved to be average. It does the job.,Neutral
8579,The quality is completely disappointing. Total waste of money.,Negative
8580,I think my experience proved to be mediocre. As expected.,Neutral
8581,The service looks somewhat awesome. Best purchase ever.,Positive
8582,Delivery is quite awful. I hate it.,Negative
8583,I think the quality looks fair. Serves its purpose.,Positive
8584,Customer support proved to be very terrible. Total waste of money.,Negative
8585,The service proved to be quite bad. Do not buy.,Negative
8586,My experience seems absolutely great. Best purchase ever.,Positive
8587,I think the packaging proved to be standard. Serves its purpose.,Neutral
8588,The price seems extremely excellent. Exceeded expectations.,Positive
8589,I think this item looks poor. Do not buy.,Negative
8590,I think the product is awful. Save your money.,Negative
8591,My experience proved to be wonderful. Very satisfied.,Positive
8592,Customer support seems disappointing. Total waste of money.,Negative
8593,Delivery seems bad. Save your money.,Negative
8594,The packaging is perfect. Will buy again.,Positive
8595,This item seems useless. Save your money.,Negative
8596,I think this item seems disappointing. Do not buy.,Negative
8597,The quality was horrible. Total waste of money.,Negative
8598,This item is somewhat worst. I hate it.,Negative
8599,I think customer support proved to be dreadful. I hate it.,Negative
8600,The quality is absolutely worst. Very frustrated.,Negative
8601,The price is perfect. Highly recommended!,Positive
8602,The service seems fairly stellar. Very satisfied.,Positive
8603,My experience seems wonderful. Best purchase ever.,Positive
8604,I think the service feels worst. Save your money.,Negative
8605,The price feels really subpar. I hate it.,Negative
8606,The quality feels totally disappointing. Very frustrated.,Negative
8607,I think my experience was excellent. Very satisfied.,Positive
8608,This item was okay. Might buy again.,Neutral
8609,This item looks absolutely awful. Very frustrated.,Negative
8610,I think the price looks great. I love it.,Neutral
8611,I think the design was poor. Total waste of money.,Negative
8612,The quality is totally worst. Will return it.,Negative
8613,I think this item was terrible. Very frustrated.,Negative
8614,The quality was useless. Very frustrated.,Negative
8615,The quality proved to be somewhat perfect. Exceeded expectations.,Positive
8616,This item was completely disappointing. Do not buy.,Negative
8617,The service feels fantastic. Best purchase ever.,Positive
8618,The design is very okay. As expected.,Neutral
8619,I think the design seems terrible. I hate it.,Negative
8620,The quality seems quite normal. Might buy again.,Neutral
8621,I think delivery feels disappointing. I hate it.,Negative
8622,The packaging was worst. Total waste of money.,Negative
8623,I think the packaging proved to be brilliant. Exceeded expectations.,Positive
8624,My experience proved to be poor. Very frustrated.,Negative
8625,The packaging proved to be bad. Do not buy.,Negative
8626,I think this item feels awful. Save your money.,Neutral
8627,I think the design looks okay. Serves its purpose.,Neutral
8628,Customer support proved to be really typical. It does the job.,Neutral
8629,The quality feels excellent. I love it.,Positive
8630,I think my experience feels poor. Save your money.,Negative
8631,I think my experience is disappointing. Total waste of money.,Negative
8632,I think this item is superb. Exceeded expectations.,Positive
8633,Delivery is awful. Total waste of money.,Negative
8634,The service feels horrible. Save your money.,Negative
8635,Delivery is truly disappointing. I hate it.,Negative
8636,The service proved to be truly brilliant. Exceeded expectations.,Positive
8637,I think the service was brilliant. I love it.,Positive
8638,My experience is fair. Serves its purpose.,Neutral
8639,The design seems wonderful. Best purchase ever.,Positive
8640,I think customer support seems awful. I hate it.,Negative
8641,I think the packaging was mediocre. As expected.,Neutral
8642,The product seems absolutely useless. Total waste of money.,Negative
8643,I think the quality looks mediocre. Might buy again.,Neutral
8644,The service looks somewhat awful. Save your money.,Negative
8645,Customer support seems standard. Might buy again.,Neutral
8646,I think the price feels superb. Highly recommended!,Positive
8647,I think the packaging was brilliant. Exceeded expectations.,Positive
8648,I think the packaging is poor. Save your money.,Negative
8649,This item feels great. Very satisfied.,Positive
8650,Customer support seems truly useless. Do not buy.,Negative
8651,Delivery seems truly normal. Serves its purpose.,Neutral
8652,The price is somewhat subpar. Save your money.,Negative
8653,I think customer support proved to be perfect. Highly recommended!,Positive
8654,I think the product proved to be brilliant. Exceeded expectations.,Positive
8655,My experience feels poor. Do not buy.,Negative
8656,I think customer support proved to be superb. Very satisfied.,Positive
8657,The quality proved to be terrible. Total waste of money.,Negative
8658,I think the product feels fantastic. Exceeded expectations.,Positive
8659,The packaging seems extremely amazing. Very satisfied.,Positive
8660,The service is extremely terrible. Do not buy.,Negative
8661,The packaging proved to be fair. Serves its purpose.,Neutral
8662,I think customer support is terrible. I hate it.,Negative
8663,I think the price proved to be dreadful. Very frustrated.,Negative
8664,I think the packaging seems stellar. Will buy again.,Positive
8665,I think this item proved to be excellent. Highly recommended!,Positive
8666,The service is really excellent. Will buy again.,Positive
8667,The price looks terrible. Total waste of money.,Negative
8668,The design seems fairly awful. Do not buy.,Negative
8669,The quality seems awesome. Very satisfied.,Positive
8670,The product feels subpar. Very frustrated.,Negative
8671,Customer support feels absolutely awful. Very frustrated.,Negative
8672,The price proved to be somewhat terrible. Save your money.,Negative
8673,Customer support feels awful. Will return it.,Negative
8674,The packaging was dreadful. Save your money.,Negative
8675,The packaging seems totally superb. Will buy again.,Positive
8676,I think my experience is poor. I hate it.,Negative
8677,"Delivery was mediocre. Not bad, not great.",Neutral
8678,The price looks really disappointing. Very frustrated.,Negative
8679,The design was perfect. Best purchase ever.,Positive
8680,The product was useless. Save your money.,Negative
8681,I think the product looks fantastic. Will buy again.,Positive
8682,Delivery is fairly terrible. Save your money.,Negative
8683,The packaging seems truly horrible. I hate it.,Negative
8684,The design proved to be really horrible. Save your money.,Negative
8685,I think customer support seems subpar. Save your money.,Negative
8686,The service looks subpar. Save your money.,Negative
8687,I think the product was terrible. Save your money.,Negative
8688,Customer support looks great. Exceeded expectations.,Positive
8689,I think the design was subpar. Will return it.,Negative
8690,The service seems subpar. Save your money.,Negative
8691,I think this item feels useless. Very frustrated.,Negative
8692,The packaging was extremely dreadful. I hate it.,Negative
8693,I think the product feels disappointing. Will return it.,Negative
8694,I think the packaging seems standard. It does the job.,Neutral
8695,I think the design feels awful. Will return it.,Negative
8696,The price was quite perfect. Exceeded expectations.,Positive
8697,The quality was truly poor. Save your money.,Negative
8698,I think the packaging feels regular. As expected.,Neutral
8699,My experience seems really awful. Total waste of money.,Neutral
8700,The design feels awesome. Best purchase ever.,Positive
8701,The price looks disappointing. Will return it.,Negative
8702,I think delivery looks great. Very satisfied.,Positive
8703,I think the quality seems awesome. I love it.,Positive
8704,Customer support looks extremely worst. I hate it.,Negative
8705,I think the product is subpar. Very frustrated.,Negative
8706,The design proved to be totally fantastic. Will buy again.,Positive
8707,I think the product proved to be excellent. Exceeded expectations.,Negative
8708,I think the packaging proved to be amazing. Very satisfied.,Positive
8709,Delivery was somewhat horrible. Total waste of money.,Negative
8710,I think this item proved to be fantastic. Very satisfied.,Positive
8711,The quality was quite terrible. Will return it.,Negative
8712,The quality feels absolutely perfect. Will buy again.,Positive
8713,I think the packaging seems disappointing. Save your money.,Negative
8714,I think the price seems amazing. Best purchase ever.,Positive
8715,My experience seems wonderful. Highly recommended!,Positive
8716,This item looks mediocre. It does the job.,Neutral
8717,The price was extremely dreadful. Total waste of money.,Negative
8718,I think customer support seems terrible. Do not buy.,Negative
8719,The price is fairly terrible. I hate it.,Negative
8720,The design seems subpar. Very frustrated.,Negative
8721,The product seems typical. It does the job.,Neutral
8722,Delivery feels absolutely fine. Nothing special.,Neutral
8723,The design proved to be somewhat superb. Will buy again.,Positive
8724,The product is horrible. Do not buy.,Negative
8725,My experience was regular. Might buy again.,Neutral
8726,The design was useless. Will return it.,Positive
8727,I think the service feels excellent. Highly recommended!,Positive
8728,The price seems extremely superb. Will buy again.,Positive
8729,The design is completely great. Best purchase ever.,Positive
8730,Customer support feels extremely stellar. Exceeded expectations.,Positive
8731,I think delivery was stellar. Will buy again.,Positive
8732,The price was fairly worst. Save your money.,Negative
8733,The price was fair. Might buy again.,Neutral
8734,The design feels bad. Very frustrated.,Negative
8735,I think my experience proved to be disappointing. Very frustrated.,Negative
8736,This item seems superb. Exceeded expectations.,Positive
8737,I think the product was fine. It does the job.,Neutral
8738,The price looks truly stellar. Will buy again.,Neutral
8739,The price proved to be horrible. Will return it.,Negative
8740,Delivery feels disappointing. Save your money.,Negative
8741,The product is absolutely awful. Do not buy.,Neutral
8742,The packaging proved to be truly wonderful. I love it.,Positive
8743,My experience looks extremely dreadful. Save your money.,Positive
8744,I think the price proved to be bad. Total waste of money.,Negative
8745,The product looks extremely subpar. Very frustrated.,Negative
8746,My experience proved to be really poor. Very frustrated.,Negative
8747,My experience was stellar. Will buy again.,Positive
8748,Customer support is superb. Very satisfied.,Positive
8749,The packaging seems dreadful. Will return it.,Negative
8750,The design proved to be brilliant. I love it.,Positive
8751,I think customer support is worst. Total waste of money.,Negative
8752,The product feels subpar. Do not buy.,Negative
8753,The price looks completely awesome. Will buy again.,Positive
8754,I think the quality looks useless. Will return it.,Negative
8755,Delivery was absolutely wonderful. Highly recommended!,Positive
8756,I think the price seems terrible. I hate it.,Negative
8757,Delivery is subpar. Very frustrated.,Negative
8758,I think my experience seems disappointing. Will return it.,Positive
8759,I think the quality feels awful. Will return it.,Negative
8760,The price feels really great. I love it.,Positive
8761,Delivery is disappointing. Total waste of money.,Negative
8762,The design looks completely amazing. I love it.,Positive
8763,"I think delivery is mediocre. Not bad, not great.",Neutral
8764,I think the design feels awesome. Best purchase ever.,Positive
8765,Delivery seems completely fantastic. Exceeded expectations.,Positive
8766,The quality seems superb. Highly recommended!,Positive
8767,The packaging feels completely poor. Will return it.,Negative
8768,Delivery proved to be poor. Do not buy.,Negative
8769,My experience seems stellar. Best purchase ever.,Positive
8770,I think delivery was horrible. Very frustrated.,Negative
8771,The design feels fairly awful. Do not buy.,Negative
8772,I think delivery is subpar. Very frustrated.,Negative
8773,I think the design seems superb. I love it.,Neutral
8774,This item is totally subpar. Will return it.,Negative
8775,I think the quality is subpar. Total waste of money.,Negative
8776,I think customer support was great. Exceeded expectations.,Positive
8777,The product was completely disappointing. Save your money.,Negative
8778,I think my experience looks excellent. Very satisfied.,Positive
8779,This item was fair. It does the job.,Neutral
8780,The design was quite mediocre. Serves its purpose.,Neutral
8781,I think the product proved to be bad. I hate it.,Positive
8782,I think the quality was awful. Very frustrated.,Negative
8783,The packaging feels standard. Might buy again.,Neutral
8784,The design looks totally superb. Exceeded expectations.,Positive
8785,I think the product seems bad. I hate it.,Negative
8786,I think customer support feels normal. As expected.,Neutral
8787,I think this item is poor. Save your money.,Negative
8788,I think the packaging was wonderful. I love it.,Positive
8789,I think the service seems poor. I hate it.,Negative
8790,The design feels terrible. Do not buy.,Negative
8791,The quality proved to be truly awesome. Highly recommended!,Positive
8792,The quality seems awesome. Highly recommended!,Positive
8793,The price was mediocre. Nothing special.,Neutral
8794,I think this item is okay. Might buy again.,Neutral
8795,I think the product seems acceptable. Might buy again.,Neutral
8796,I think the product proved to be fine. Nothing special.,Neutral
8797,Delivery was awesome. I love it.,Positive
8798,I think the product proved to be fair. As expected.,Neutral
8799,My experience seems extremely awesome. Highly recommended!,Positive
8800,I think customer support was disappointing. Save your money.,Negative
8801,The product looks awesome. Highly recommended!,Positive
8802,I think customer support seems stellar. Very satisfied.,Positive
8803,I think the design feels worst. Total waste of money.,Negative
8804,Customer support seems extremely excellent. Very satisfied.,Positive
8805,The packaging proved to be average. Serves its purpose.,Neutral
8806,The quality proved to be truly wonderful. Very satisfied.,Positive
8807,The packaging proved to be bad. Very frustrated.,Negative
8808,The price feels completely superb. Will buy again.,Positive
8809,The packaging proved to be fine. Nothing special.,Neutral
8810,Delivery was totally awful. I hate it.,Negative
8811,The packaging is awesome. Will buy again.,Negative
8812,My experience looks extremely superb. Highly recommended!,Positive
8813,I think my experience looks excellent. Will buy again.,Positive
8814,The product feels completely average. Might buy again.,Neutral
8815,Customer support proved to be fairly amazing. Very satisfied.,Positive
8816,The price proved to be absolutely amazing. Very satisfied.,Positive
8817,The packaging was fair. Serves its purpose.,Neutral
8818,"The design seems quite standard. Not bad, not great.",Neutral
8819,The quality looks poor. Save your money.,Negative
8820,I think this item is great. Very satisfied.,Positive
8821,I think the price proved to be mediocre. As expected.,Neutral
8822,I think this item was acceptable. Serves its purpose.,Neutral
8823,The price looks okay. Might buy again.,Neutral
8824,The quality was great. Exceeded expectations.,Positive
8825,The product feels quite useless. Very frustrated.,Negative
8826,I think customer support looks poor. Will return it.,Negative
8827,Customer support is truly useless. I hate it.,Neutral
8828,I think the quality was fine. Might buy again.,Neutral
8829,My experience looks fairly great. Exceeded expectations.,Positive
8830,I think the packaging is fantastic. Best purchase ever.,Positive
8831,I think the packaging feels bad. Total waste of money.,Negative
8832,I think this item looks wonderful. Best purchase ever.,Positive
8833,The product seems wonderful. Best purchase ever.,Positive
8834,I think my experience looks awful. Save your money.,Positive
8835,Customer support looks awful. I hate it.,Negative
8836,I think this item is horrible. Do not buy.,Positive
8837,The packaging proved to be fairly perfect. Best purchase ever.,Positive
8838,The price feels somewhat poor. Save your money.,Negative
8839,The quality proved to be useless. Save your money.,Negative
8840,I think the product proved to be excellent. Very satisfied.,Positive
8841,"The service was truly mediocre. Not bad, not great.",Neutral
8842,The price proved to be really excellent. Exceeded expectations.,Positive
8843,The design was awesome. Best purchase ever.,Positive
8844,This item proved to be extremely amazing. Very satisfied.,Positive
8845,The price proved to be subpar. Do not buy.,Negative
8846,The price was worst. Save your money.,Negative
8847,The service looks disappointing. I hate it.,Negative
8848,I think this item looks terrible. Total waste of money.,Negative
8849,The design is useless. Total waste of money.,Negative
8850,This item seems wonderful. Very satisfied.,Positive
8851,I think delivery is okay. It does the job.,Negative
8852,I think the service proved to be brilliant. I love it.,Neutral
8853,I think the price looks acceptable. As expected.,Neutral
8854,Delivery feels fairly superb. Will buy again.,Positive
8855,I think delivery seems bad. I hate it.,Negative
8856,"This item proved to be quite typical. Not bad, not great.",Neutral
8857,Customer support seems worst. Save your money.,Negative
8858,My experience seems excellent. Will buy again.,Positive
8859,My experience proved to be extremely terrible. Will return it.,Negative
8860,Customer support was very perfect. Exceeded expectations.,Positive
8861,The quality seems truly disappointing. Will return it.,Negative
8862,I think the product seems awful. Total waste of money.,Negative
8863,I think the packaging was mediocre. Serves its purpose.,Neutral
8864,I think my experience proved to be terrible. I hate it.,Negative
8865,"This item feels okay. Not bad, not great.",Neutral
8866,I think delivery looks amazing. Will buy again.,Positive
8867,The quality proved to be stellar. Exceeded expectations.,Positive
8868,I think the quality was disappointing. Very frustrated.,Negative
8869,The product was stellar. Exceeded expectations.,Positive
8870,The packaging looks okay. Might buy again.,Neutral
8871,The product is absolutely terrible. Total waste of money.,Negative
8872,I think my experience is wonderful. Highly recommended!,Positive
8873,I think the price seems perfect. Very satisfied.,Positive
8874,The design was extremely wonderful. Highly recommended!,Positive
8875,I think my experience was bad. Do not buy.,Negative
8876,I think the service was perfect. Will buy again.,Negative
8877,The service feels completely superb. Will buy again.,Negative
8878,The price is bad. I hate it.,Negative
8879,Customer support was fairly perfect. Very satisfied.,Positive
8880,The quality looks fantastic. Exceeded expectations.,Positive
8881,The price proved to be extremely useless. Very frustrated.,Negative
8882,The service proved to be terrible. I hate it.,Negative
8883,I think customer support proved to be terrible. Do not buy.,Negative
8884,The service looks perfect. Best purchase ever.,Positive
8885,I think the product is brilliant. Will buy again.,Positive
8886,My experience looks absolutely bad. Total waste of money.,Negative
8887,The service was somewhat awful. Total waste of money.,Negative
8888,Customer support feels awesome. Exceeded expectations.,Neutral
8889,My experience is absolutely poor. I hate it.,Negative
8890,The quality is awesome. Exceeded expectations.,Positive
8891,This item looks truly acceptable. Nothing special.,Neutral
8892,My experience is extremely amazing. Very satisfied.,Positive
8893,The price looks completely fine. As expected.,Neutral
8894,The product was dreadful. Total waste of money.,Negative
8895,I think the service is fantastic. Best purchase ever.,Positive
8896,This item was awful. Very frustrated.,Negative
8897,I think this item was subpar. Will return it.,Negative
8898,I think customer support looks awful. Will return it.,Negative
8899,The product looks awful. Total waste of money.,Negative
8900,The service seems perfect. Best purchase ever.,Positive
8901,My experience proved to be mediocre. Nothing special.,Neutral
8902,The packaging is really worst. Do not buy.,Negative
8903,Customer support seems really fantastic. Best purchase ever.,Positive
8904,I think the design feels poor. Save your money.,Negative
8905,I think the service feels disappointing. I hate it.,Negative
8906,The service feels quite horrible. Very frustrated.,Negative
8907,I think the price was awesome. Exceeded expectations.,Positive
8908,The price feels absolutely horrible. Save your money.,Negative
8909,The product proved to be fantastic. Exceeded expectations.,Positive
8910,The product proved to be brilliant. Very satisfied.,Positive
8911,The packaging feels average. Might buy again.,Neutral
8912,The quality was useless. Very frustrated.,Negative
8913,I think the quality was excellent. Highly recommended!,Positive
8914,The quality seems very bad. I hate it.,Negative
8915,Customer support looks quite stellar. Will buy again.,Positive
8916,My experience proved to be completely fine. Nothing special.,Neutral
8917,I think the design proved to be okay. As expected.,Neutral
8918,The packaging looks completely stellar. Highly recommended!,Positive
8919,The price proved to be superb. Highly recommended!,Positive
8920,I think customer support looks poor. Save your money.,Negative
8921,Delivery is truly perfect. Very satisfied.,Positive
8922,I think the design feels typical. It does the job.,Neutral
8923,I think the packaging is wonderful. Best purchase ever.,Positive
8924,The price is poor. Total waste of money.,Negative
8925,I think the price is fantastic. Very satisfied.,Positive
8926,I think my experience looks worst. Total waste of money.,Negative
8927,This item is disappointing. Very frustrated.,Negative
8928,The quality is somewhat great. Will buy again.,Positive
8929,The service looks completely awful. I hate it.,Negative
8930,The service was truly regular. As expected.,Neutral
8931,The quality seems completely amazing. Will buy again.,Positive
8932,I think the product seems worst. Save your money.,Negative
8933,The packaging seems very worst. Very frustrated.,Negative
8934,I think this item seems excellent. Will buy again.,Positive
8935,Customer support is awful. Very frustrated.,Negative
8936,The packaging was brilliant. Exceeded expectations.,Positive
8937,Delivery was quite brilliant. Highly recommended!,Positive
8938,The service looks really awesome. Highly recommended!,Positive
8939,My experience feels terrible. Save your money.,Negative
8940,The product feels absolutely great. Best purchase ever.,Positive
8941,This item feels awesome. I love it.,Positive
8942,I think the design feels wonderful. Highly recommended!,Negative
8943,This item looks awesome. Highly recommended!,Positive
8944,The design was totally brilliant. Exceeded expectations.,Positive
8945,The quality looks truly worst. Will return it.,Negative
8946,The packaging proved to be disappointing. Total waste of money.,Negative
8947,The price looks stellar. Will buy again.,Positive
8948,Delivery is stellar. I love it.,Positive
8949,I think the packaging feels useless. Save your money.,Negative
8950,I think the quality was superb. Will buy again.,Positive
8951,The price was poor. Total waste of money.,Negative
8952,My experience feels okay. Serves its purpose.,Neutral
8953,The price seems regular. Serves its purpose.,Neutral
8954,The service seems very useless. Do not buy.,Negative
8955,Customer support looks okay. Might buy again.,Neutral
8956,I think the product feels worst. Do not buy.,Neutral
8957,I think the packaging was dreadful. Total waste of money.,Negative
8958,The product was terrible. I hate it.,Positive
8959,The product was stellar. Will buy again.,Positive
8960,"I think the packaging was standard. Not bad, not great.",Negative
8961,This item was subpar. Do not buy.,Negative
8962,This item looks really perfect. Best purchase ever.,Positive
8963,The quality is absolutely superb. Exceeded expectations.,Positive
8964,The price was wonderful. I love it.,Positive
8965,I think the price is awful. Do not buy.,Negative
8966,I think the service proved to be okay. Might buy again.,Neutral
8967,I think the quality was wonderful. Exceeded expectations.,Positive
8968,"I think the service was fair. Not bad, not great.",Neutral
8969,The product is fairly amazing. I love it.,Positive
8970,I think this item seems brilliant. Highly recommended!,Positive
8971,The price looks absolutely fair. Serves its purpose.,Neutral
8972,I think my experience proved to be great. Best purchase ever.,Positive
8973,I think the design was great. Will buy again.,Positive
8974,I think customer support proved to be disappointing. I hate it.,Negative
8975,The price was truly poor. Total waste of money.,Negative
8976,The product was brilliant. Exceeded expectations.,Positive
8977,I think the service seems subpar. Total waste of money.,Negative
8978,I think the design is dreadful. I hate it.,Negative
8979,The service is quite average. Serves its purpose.,Neutral
8980,The design looks awesome. Best purchase ever.,Positive
8981,The packaging looks dreadful. I hate it.,Negative
8982,I think the price seems useless. Do not buy.,Negative
8983,Delivery feels wonderful. Very satisfied.,Positive
8984,I think the price feels fine. It does the job.,Positive
8985,The packaging is fine. It does the job.,Neutral
8986,I think the quality seems disappointing. Total waste of money.,Positive
8987,The product is really worst. Total waste of money.,Negative
8988,The quality feels truly awesome. Highly recommended!,Positive
8989,The service looks very great. Very satisfied.,Positive
8990,I think this item feels useless. Total waste of money.,Negative
8991,My experience proved to be great. Very satisfied.,Positive
8992,The product was completely superb. Will buy again.,Positive
8993,The packaging looks very terrible. I hate it.,Negative
8994,The product seems completely worst. I hate it.,Negative
8995,I think the quality was great. Exceeded expectations.,Positive
8996,This item feels poor. Save your money.,Positive
8997,My experience was great. Very satisfied.,Positive
8998,I think the price feels horrible. Very frustrated.,Negative
8999,The packaging seems stellar. Will buy again.,Positive
9000,"I think this item is average. Not bad, not great.",Neutral
9001,The product was very fantastic. I love it.,Positive
9002,The quality looks acceptable. It does the job.,Neutral
9003,The packaging was fairly average. Nothing special.,Neutral
9004,I think the design is amazing. Highly recommended!,Positive
9005,Customer support seems extremely mediocre. It does the job.,Negative
9006,I think the quality was awesome. Highly recommended!,Positive
9007,Customer support is somewhat wonderful. Highly recommended!,Positive
9008,The product seems superb. Best purchase ever.,Positive
9009,The product looks very excellent. Best purchase ever.,Positive
9010,My experience is extremely bad. Will return it.,Negative
9011,The design feels truly fair. It does the job.,Neutral
9012,I think customer support looks stellar. Best purchase ever.,Positive
9013,I think this item was fantastic. Very satisfied.,Positive
9014,Customer support feels really subpar. I hate it.,Negative
9015,I think my experience is terrible. Save your money.,Negative
9016,I think the price looks normal. Might buy again.,Negative
9017,The price seems really great. Will buy again.,Negative
9018,Delivery proved to be absolutely useless. Will return it.,Positive
9019,The price seems completely brilliant. I love it.,Positive
9020,I think the design feels brilliant. Best purchase ever.,Positive
9021,Customer support was normal. As expected.,Neutral
9022,The product proved to be really worst. Do not buy.,Negative
9023,My experience looks extremely wonderful. Best purchase ever.,Positive
9024,The service is truly poor. I hate it.,Negative
9025,Customer support looks totally awesome. Highly recommended!,Positive
9026,Delivery is awful. Very frustrated.,Negative
9027,The product is excellent. Highly recommended!,Positive
9028,I think delivery looks excellent. Exceeded expectations.,Positive
9029,Customer support was awesome. Highly recommended!,Positive
9030,I think this item looks terrible. Will return it.,Negative
9031,I think the quality was amazing. Very satisfied.,Positive
9032,I think customer support looks superb. Highly recommended!,Positive
9033,The design seems average. Might buy again.,Positive
9034,My experience seems completely wonderful. I love it.,Positive
9035,"I think the design feels fine. Not bad, not great.",Neutral
9036,This item seems somewhat worst. Will return it.,Negative
9037,This item feels very awesome. Highly recommended!,Positive
9038,My experience feels perfect. Exceeded expectations.,Positive
9039,"I think this item feels fine. Not bad, not great.",Positive
9040,Delivery is somewhat amazing. Very satisfied.,Positive
9041,The product is awful. Very frustrated.,Negative
9042,Delivery proved to be totally terrible. I hate it.,Negative
9043,I think the design looks fair. As expected.,Neutral
9044,I think my experience was excellent. Will buy again.,Positive
9045,I think delivery seems stellar. I love it.,Positive
9046,This item was perfect. Best purchase ever.,Positive
9047,The design was completely excellent. I love it.,Positive
9048,This item was amazing. I love it.,Positive
9049,The price looks dreadful. Do not buy.,Negative
9050,The quality feels quite awesome. I love it.,Positive
9051,The design feels absolutely stellar. I love it.,Positive
9052,I think the price looks bad. Save your money.,Negative
9053,The quality was mediocre. It does the job.,Neutral
9054,I think the design feels poor. Save your money.,Negative
9055,Customer support is poor. Total waste of money.,Negative
9056,The packaging was very disappointing. I hate it.,Negative
9057,"Delivery proved to be quite mediocre. Not bad, not great.",Neutral
9058,I think the quality was poor. I hate it.,Negative
9059,I think the service is worst. Save your money.,Negative
9060,The price seems fine. Serves its purpose.,Neutral
9061,The design feels average. Might buy again.,Neutral
9062,Delivery looks really useless. Will return it.,Negative
9063,I think this item looks wonderful. Very satisfied.,Positive
9064,The price seems totally terrible. Very frustrated.,Negative
9065,Delivery looks fairly awesome. Exceeded expectations.,Positive
9066,The product was really dreadful. Very frustrated.,Negative
9067,The product proved to be truly useless. Do not buy.,Negative
9068,I think the product looks average. Serves its purpose.,Neutral
9069,My experience feels awful. Save your money.,Negative
9070,Delivery proved to be superb. Will buy again.,Positive
9071,The quality proved to be really horrible. Do not buy.,Negative
9072,The quality looks awful. Do not buy.,Negative
9073,Delivery feels excellent. Very satisfied.,Negative
9074,I think the price is fantastic. Best purchase ever.,Positive
9075,I think the quality seems disappointing. Save your money.,Negative
9076,The price is quite fantastic. Best purchase ever.,Positive
9077,The packaging feels amazing. Very satisfied.,Positive
9078,The quality was amazing. Exceeded expectations.,Positive
9079,I think the service proved to be poor. Will return it.,Negative
9080,My experience feels standard. It does the job.,Neutral
9081,Customer support proved to be very fantastic. I love it.,Positive
9082,Delivery was somewhat great. Best purchase ever.,Positive
9083,I think my experience was bad. I hate it.,Negative
9084,The quality was very disappointing. Do not buy.,Negative
9085,Delivery seems acceptable. It does the job.,Neutral
9086,Delivery looks absolutely worst. I hate it.,Negative
9087,The price proved to be very perfect. Highly recommended!,Positive
9088,I think customer support feels dreadful. Total waste of money.,Negative
9089,This item proved to be truly worst. Very frustrated.,Negative
9090,The design proved to be truly superb. Best purchase ever.,Positive
9091,My experience looks normal. It does the job.,Neutral
9092,I think the packaging proved to be typical. Might buy again.,Neutral
9093,This item is stellar. Very satisfied.,Positive
9094,The product is perfect. Highly recommended!,Positive
9095,Customer support proved to be fairly stellar. Will buy again.,Positive
9096,The price seems superb. Highly recommended!,Positive
9097,I think the price feels excellent. Best purchase ever.,Positive
9098,The product feels quite worst. Total waste of money.,Negative
9099,The product seems excellent. Very satisfied.,Positive
9100,My experience feels terrible. Total waste of money.,Negative
9101,The service feels very standard. Nothing special.,Neutral
9102,I think the quality is stellar. Exceeded expectations.,Positive
9103,The packaging seems horrible. Save your money.,Negative
9104,The product is extremely disappointing. Will return it.,Negative
9105,I think the price was horrible. Very frustrated.,Negative
9106,I think customer support feels okay. Serves its purpose.,Neutral
9107,Customer support was amazing. Highly recommended!,Positive
9108,The design is fantastic. I love it.,Positive
9109,The quality feels really amazing. Highly recommended!,Positive
9110,Customer support proved to be somewhat terrible. Save your money.,Negative
9111,Delivery is extremely superb. I love it.,Positive
9112,The price feels very amazing. I love it.,Positive
9113,This item seems absolutely fantastic. Exceeded expectations.,Positive
9114,My experience is bad. Total waste of money.,Negative
9115,The packaging feels totally acceptable. It does the job.,Neutral
9116,Customer support looks normal. Might buy again.,Neutral
9117,The price proved to be extremely brilliant. Highly recommended!,Positive
9118,Delivery is truly subpar. Will return it.,Negative
9119,The price was totally stellar. Highly recommended!,Positive
9120,This item looks subpar. Save your money.,Negative
9121,"The design looks completely okay. Not bad, not great.",Neutral
9122,The design seems fairly fantastic. Exceeded expectations.,Positive
9123,The design seems fairly mediocre. Nothing special.,Neutral
9124,I think the design was amazing. Highly recommended!,Positive
9125,The service feels somewhat fantastic. Highly recommended!,Positive
9126,I think the design seems stellar. Best purchase ever.,Positive
9127,I think customer support feels worst. Total waste of money.,Negative
9128,The quality seems dreadful. Very frustrated.,Positive
9129,I think customer support proved to be horrible. Do not buy.,Negative
9130,I think the quality looks useless. Total waste of money.,Negative
9131,The design seems awful. Do not buy.,Negative
9132,The packaging feels dreadful. Save your money.,Negative
9133,I think the quality seems worst. Total waste of money.,Negative
9134,I think customer support was awesome. Very satisfied.,Positive
9135,The price seems poor. Total waste of money.,Negative
9136,This item was excellent. I love it.,Positive
9137,My experience seems great. Highly recommended!,Positive
9138,I think this item feels perfect. Highly recommended!,Positive
9139,I think customer support is average. Serves its purpose.,Neutral
9140,The quality feels very mediocre. As expected.,Neutral
9141,Customer support was completely dreadful. I hate it.,Negative
9142,Delivery was absolutely average. Nothing special.,Neutral
9143,The packaging feels very regular. Nothing special.,Neutral
9144,I think the product seems acceptable. Nothing special.,Neutral
9145,I think the service is horrible. Do not buy.,Negative
9146,I think delivery feels worst. Save your money.,Negative
9147,The price is excellent. Will buy again.,Positive
9148,The price was useless. Total waste of money.,Negative
9149,Customer support seems bad. Very frustrated.,Negative
9150,I think customer support looks mediocre. Nothing special.,Neutral
9151,I think the packaging was regular. It does the job.,Neutral
9152,My experience proved to be fair. Serves its purpose.,Neutral
9153,I think the quality was subpar. I hate it.,Negative
9154,The design looks fantastic. I love it.,Positive
9155,Delivery looks truly perfect. Best purchase ever.,Positive
9156,Customer support proved to be dreadful. Very frustrated.,Negative
9157,The product looks really excellent. Exceeded expectations.,Neutral
9158,I think this item was wonderful. Best purchase ever.,Positive
9159,Delivery was completely standard. It does the job.,Neutral
9160,I think customer support feels bad. Do not buy.,Negative
9161,Delivery looks somewhat dreadful. Save your money.,Negative
9162,I think delivery is poor. Save your money.,Negative
9163,The service feels excellent. Highly recommended!,Positive
9164,The product feels bad. Will return it.,Positive
9165,This item seems amazing. Best purchase ever.,Positive
9166,My experience feels extremely subpar. Do not buy.,Negative
9167,I think the service feels stellar. Highly recommended!,Positive
9168,The packaging seems excellent. Best purchase ever.,Positive
9169,I think the quality proved to be subpar. I hate it.,Negative
9170,The quality feels fine. Might buy again.,Neutral
9171,This item looks great. Exceeded expectations.,Positive
9172,"I think my experience looks okay. Not bad, not great.",Neutral
9173,The product seems subpar. Very frustrated.,Negative
9174,Customer support is fantastic. Exceeded expectations.,Positive
9175,I think the design feels bad. Very frustrated.,Neutral
9176,The service looks poor. Save your money.,Negative
9177,I think the quality looks amazing. Exceeded expectations.,Positive
9178,The service is somewhat worst. Total waste of money.,Negative
9179,This item is terrible. Do not buy.,Negative
9180,I think delivery is brilliant. I love it.,Positive
9181,This item proved to be extremely typical. Nothing special.,Neutral
9182,Delivery is totally bad. Save your money.,Negative
9183,The service feels fairly great. Exceeded expectations.,Positive
9184,The service was extremely disappointing. Total waste of money.,Negative
9185,Customer support seems great. Will buy again.,Positive
9186,I think the quality was poor. Very frustrated.,Negative
9187,"I think the price looks okay. Not bad, not great.",Neutral
9188,I think the quality looks awesome. Exceeded expectations.,Positive
9189,The quality is really standard. Serves its purpose.,Neutral
9190,The quality looks extremely disappointing. Will return it.,Negative
9191,The packaging is terrible. Very frustrated.,Negative
9192,The packaging is absolutely superb. Highly recommended!,Positive
9193,"I think my experience looks normal. Not bad, not great.",Neutral
9194,The product seems somewhat fantastic. Very satisfied.,Positive
9195,I think delivery proved to be dreadful. Save your money.,Negative
9196,I think the product looks excellent. I love it.,Positive
9197,Delivery proved to be fantastic. Will buy again.,Positive
9198,The product was wonderful. Best purchase ever.,Positive
9199,I think delivery looks dreadful. Very frustrated.,Negative
9200,I think the quality proved to be mediocre. Serves its purpose.,Positive
9201,The service proved to be terrible. I hate it.,Negative
9202,I think the quality seems horrible. Save your money.,Negative
9203,This item seems fairly normal. Nothing special.,Neutral
9204,The price seems dreadful. Total waste of money.,Negative
9205,The quality proved to be mediocre. It does the job.,Neutral
9206,I think this item feels awesome. Best purchase ever.,Positive
9207,The design seems really acceptable. Might buy again.,Neutral
9208,Delivery feels fair. As expected.,Neutral
9209,I think delivery was worst. I hate it.,Negative
9210,The product feels terrible. Total waste of money.,Negative
9211,The price feels subpar. Do not buy.,Negative
9212,This item feels totally fine. It does the job.,Neutral
9213,The design proved to be very awesome. Highly recommended!,Positive
9214,The product seems excellent. Highly recommended!,Positive
9215,I think the price looks okay. Nothing special.,Neutral
9216,I think the packaging was awesome. I love it.,Positive
9217,Customer support feels somewhat wonderful. Best purchase ever.,Positive
9218,The design was awesome. Will buy again.,Positive
9219,The quality proved to be quite typical. It does the job.,Neutral
9220,The design proved to be quite terrible. Do not buy.,Negative
9221,I think the product is horrible. Total waste of money.,Negative
9222,I think the price is bad. I hate it.,Negative
9223,The product looks poor. Will return it.,Negative
9224,I think this item seems useless. Do not buy.,Positive
9225,The product is awesome. I love it.,Positive
9226,I think the packaging was subpar. I hate it.,Neutral
9227,My experience looks completely fantastic. Will buy again.,Positive
9228,The quality looks typical. Nothing special.,Neutral
9229,The service seems completely awesome. Best purchase ever.,Positive
9230,I think the packaging feels amazing. Exceeded expectations.,Positive
9231,The price looks absolutely bad. Very frustrated.,Negative
9232,The packaging feels regular. As expected.,Neutral
9233,Delivery feels terrible. I hate it.,Negative
9234,The packaging looks quite useless. Total waste of money.,Negative
9235,The packaging seems brilliant. Exceeded expectations.,Positive
9236,I think this item looks great. Will buy again.,Positive
9237,I think the product is awful. Will return it.,Negative
9238,Delivery is excellent. Highly recommended!,Positive
9239,Customer support seems truly superb. I love it.,Positive
9240,The design is quite worst. Will return it.,Negative
9241,I think the product feels okay. Serves its purpose.,Negative
9242,The packaging proved to be worst. Do not buy.,Negative
9243,This item looks totally stellar. Exceeded expectations.,Positive
9244,The service feels horrible. Save your money.,Negative
9245,I think the design is fair. It does the job.,Neutral
9246,The quality was totally acceptable. It does the job.,Neutral
9247,My experience was totally amazing. I love it.,Positive
9248,I think the design is subpar. Will return it.,Negative
9249,Customer support is very superb. Best purchase ever.,Positive
9250,The packaging was superb. I love it.,Positive
9251,I think the design proved to be stellar. I love it.,Positive
9252,Delivery is bad. Do not buy.,Negative
9253,The quality was completely okay. Serves its purpose.,Neutral
9254,The packaging seems very worst. Do not buy.,Negative
9255,The packaging is absolutely dreadful. I hate it.,Negative
9256,Delivery proved to be extremely poor. Save your money.,Negative
9257,The price proved to be quite disappointing. Total waste of money.,Negative
9258,I think the service looks wonderful. I love it.,Positive
9259,Delivery seems useless. Will return it.,Negative
9260,I think my experience was awful. Total waste of money.,Negative
9261,The quality feels superb. Will buy again.,Positive
9262,This item seems brilliant. Will buy again.,Positive
9263,Delivery proved to be truly standard. Nothing special.,Neutral
9264,I think the price proved to be fantastic. Best purchase ever.,Positive
9265,I think the product feels great. I love it.,Positive
9266,The design was dreadful. Total waste of money.,Negative
9267,I think this item seems excellent. I love it.,Positive
9268,My experience was completely subpar. Save your money.,Negative
9269,The quality was truly awful. I hate it.,Negative
9270,I think the quality feels terrible. Total waste of money.,Negative
9271,Customer support was truly terrible. I hate it.,Negative
9272,My experience seems really bad. Total waste of money.,Negative
9273,I think the design seems stellar. Best purchase ever.,Positive
9274,The design was fantastic. Best purchase ever.,Positive
9275,The price proved to be extremely fantastic. Very satisfied.,Positive
9276,I think this item feels terrible. I hate it.,Negative
9277,The design feels awesome. Will buy again.,Positive
9278,The service seems awesome. Best purchase ever.,Positive
9279,I think this item seems awesome. Will buy again.,Positive
9280,The product proved to be poor. I hate it.,Negative
9281,The product was absolutely dreadful. Very frustrated.,Negative
9282,The design seems really okay. Nothing special.,Neutral
9283,My experience is amazing. Best purchase ever.,Positive
9284,I think the service is poor. Total waste of money.,Negative
9285,The quality seems very useless. Do not buy.,Negative
9286,I think delivery was wonderful. Will buy again.,Positive
9287,I think customer support is fair. It does the job.,Neutral
9288,I think the packaging proved to be superb. Exceeded expectations.,Positive
9289,I think my experience was stellar. Will buy again.,Positive
9290,"I think delivery was fine. Not bad, not great.",Neutral
9291,The service proved to be standard. As expected.,Neutral
9292,"The price looks fair. Not bad, not great.",Neutral
9293,The product was fine. Nothing special.,Neutral
9294,I think my experience was fine. Nothing special.,Neutral
9295,The design feels fairly typical. As expected.,Positive
9296,The service was somewhat awesome. Will buy again.,Positive
9297,I think my experience seems great. Highly recommended!,Positive
9298,I think the product looks subpar. Will return it.,Negative
9299,The price looks bad. Save your money.,Negative
9300,The price proved to be quite fair. Serves its purpose.,Neutral
9301,I think the packaging proved to be average. As expected.,Neutral
9302,I think the price is dreadful. Very frustrated.,Negative
9303,I think the packaging feels superb. Exceeded expectations.,Positive
9304,This item feels very great. Will buy again.,Positive
9305,The product looks disappointing. Save your money.,Negative
9306,My experience proved to be somewhat worst. Will return it.,Negative
9307,I think my experience proved to be disappointing. Will return it.,Negative
9308,I think this item looks poor. Do not buy.,Negative
9309,I think the product seems fantastic. Will buy again.,Positive
9310,My experience looks standard. Nothing special.,Neutral
9311,I think customer support is bad. Total waste of money.,Negative
9312,The packaging is useless. I hate it.,Negative
9313,The design feels very bad. Save your money.,Negative
9314,I think the packaging looks average. Might buy again.,Neutral
9315,The product is terrible. I hate it.,Negative
9316,Delivery is completely brilliant. Exceeded expectations.,Positive
9317,Delivery was completely excellent. Highly recommended!,Positive
9318,I think the packaging feels bad. I hate it.,Negative
9319,Customer support was fairly awful. Total waste of money.,Negative
9320,My experience is somewhat awful. Do not buy.,Negative
9321,"I think my experience was fair. Not bad, not great.",Neutral
9322,The price was totally worst. Do not buy.,Negative
9323,The packaging feels disappointing. Do not buy.,Negative
9324,I think the service was worst. Very frustrated.,Negative
9325,I think the quality looks excellent. Highly recommended!,Positive
9326,I think the quality seems typical. Nothing special.,Neutral
9327,Customer support was fairly horrible. Will return it.,Negative
9328,I think the quality is excellent. Exceeded expectations.,Positive
9329,I think the product is normal. It does the job.,Neutral
9330,The design is completely useless. Very frustrated.,Negative
9331,Delivery seems absolutely horrible. Save your money.,Negative
9332,The service proved to be great. Very satisfied.,Positive
9333,The product looks absolutely disappointing. Will return it.,Negative
9334,I think the quality is fantastic. Highly recommended!,Positive
9335,My experience is fair. Nothing special.,Neutral
9336,The product is fairly fantastic. Best purchase ever.,Positive
9337,I think this item is amazing. Exceeded expectations.,Positive
9338,I think the design seems terrible. I hate it.,Negative
9339,The product feels horrible. Total waste of money.,Negative
9340,Delivery seems quite disappointing. I hate it.,Negative
9341,The design proved to be very dreadful. Save your money.,Negative
9342,The quality proved to be absolutely useless. Do not buy.,Negative
9343,This item looks absolutely bad. I hate it.,Negative
9344,The service was fantastic. Highly recommended!,Positive
9345,I think customer support is dreadful. Very frustrated.,Negative
9346,The product is worst. Save your money.,Negative
9347,The service proved to be fine. Might buy again.,Neutral
9348,The design seems somewhat superb. Best purchase ever.,Positive
9349,The quality feels really subpar. Total waste of money.,Negative
9350,The price proved to be fantastic. Will buy again.,Positive
9351,I think the service seems awesome. Very satisfied.,Positive
9352,The product is useless. Very frustrated.,Negative
9353,Customer support was standard. Nothing special.,Neutral
9354,I think this item was bad. Total waste of money.,Negative
9355,The packaging feels bad. Save your money.,Negative
9356,The price is superb. Will buy again.,Positive
9357,The quality looks really excellent. Very satisfied.,Positive
9358,The product seems perfect. Very satisfied.,Positive
9359,The packaging was fairly superb. Exceeded expectations.,Positive
9360,I think my experience feels terrible. Will return it.,Negative
9361,The product is stellar. I love it.,Positive
9362,I think the service feels worst. Save your money.,Negative
9363,The service was wonderful. Highly recommended!,Positive
9364,The design looks somewhat dreadful. I hate it.,Negative
9365,I think the price is awesome. Highly recommended!,Positive
9366,The service is horrible. I hate it.,Negative
9367,I think the quality is bad. Will return it.,Negative
9368,I think the price feels superb. Will buy again.,Positive
9369,"The product looks regular. Not bad, not great.",Neutral
9370,The design feels disappointing. I hate it.,Negative
9371,I think the design feels subpar. Total waste of money.,Negative
9372,My experience seems quite excellent. Highly recommended!,Positive
9373,The product was bad. Total waste of money.,Negative
9374,I think the design looks acceptable. Might buy again.,Neutral
9375,Delivery seems really awful. I hate it.,Negative
9376,I think this item seems superb. I love it.,Positive
9377,The service is somewhat great. Very satisfied.,Positive
9378,The quality looks truly useless. Very frustrated.,Negative
9379,The price is awful. Total waste of money.,Negative
9380,The product feels totally awesome. I love it.,Positive
9381,My experience feels great. Best purchase ever.,Positive
9382,Customer support proved to be stellar. I love it.,Positive
9383,The product was acceptable. Might buy again.,Neutral
9384,I think delivery is great. I love it.,Positive
9385,The quality feels terrible. Will return it.,Negative
9386,Delivery proved to be wonderful. Highly recommended!,Positive
9387,The design seems terrible. Will return it.,Negative
9388,Delivery looks worst. Will return it.,Negative
9389,The design feels somewhat disappointing. Very frustrated.,Negative
9390,The price feels useless. Save your money.,Negative
9391,I think my experience seems terrible. Very frustrated.,Negative
9392,The packaging looks great. Best purchase ever.,Positive
9393,The service proved to be very subpar. Save your money.,Negative
9394,The quality is really acceptable. Might buy again.,Neutral
9395,The product feels great. Best purchase ever.,Positive
9396,The price was brilliant. Best purchase ever.,Positive
9397,The quality was quite subpar. Do not buy.,Negative
9398,The design seems quite stellar. Very satisfied.,Positive
9399,I think delivery seems average. It does the job.,Neutral
9400,The packaging feels normal. Serves its purpose.,Neutral
9401,The service seems typical. Serves its purpose.,Neutral
9402,The service is okay. Might buy again.,Neutral
9403,The quality seems really poor. Total waste of money.,Negative
9404,I think customer support looks regular. Nothing special.,Neutral
9405,I think the service seems amazing. I love it.,Positive
9406,I think the price seems horrible. I hate it.,Negative
9407,Customer support looks very poor. Very frustrated.,Negative
9408,I think the packaging is regular. Might buy again.,Neutral
9409,The product looks extremely terrible. Total waste of money.,Negative
9410,I think the product proved to be amazing. Highly recommended!,Positive
9411,The quality proved to be terrible. I hate it.,Negative
9412,Customer support is subpar. I hate it.,Negative
9413,I think the packaging looks useless. I hate it.,Negative
9414,The design was fantastic. Exceeded expectations.,Positive
9415,The quality feels absolutely brilliant. Very satisfied.,Positive
9416,The packaging was really subpar. Total waste of money.,Negative
9417,Customer support seems totally dreadful. Save your money.,Negative
9418,Delivery feels fairly acceptable. Serves its purpose.,Neutral
9419,I think the service was awful. I hate it.,Negative
9420,The product looks superb. Very satisfied.,Positive
9421,The quality is worst. Save your money.,Negative
9422,Customer support seems dreadful. Will return it.,Negative
9423,The service is wonderful. I love it.,Positive
9424,I think this item proved to be wonderful. Highly recommended!,Positive
9425,The design looks really mediocre. Might buy again.,Neutral
9426,My experience proved to be bad. Do not buy.,Negative
9427,The design feels somewhat excellent. Will buy again.,Positive
9428,I think customer support was subpar. Will return it.,Negative
9429,I think customer support seems bad. Total waste of money.,Negative
9430,Customer support was awful. Will return it.,Neutral
9431,The packaging looks very stellar. Best purchase ever.,Positive
9432,The product proved to be truly perfect. Best purchase ever.,Positive
9433,Delivery was extremely poor. Save your money.,Negative
9434,I think the design looks awesome. Exceeded expectations.,Positive
9435,The packaging looks somewhat subpar. I hate it.,Negative
9436,I think the price looks bad. Do not buy.,Negative
9437,The product feels completely dreadful. I hate it.,Negative
9438,Delivery looks fairly excellent. Will buy again.,Positive
9439,The quality proved to be fairly bad. Do not buy.,Negative
9440,The service is typical. As expected.,Neutral
9441,I think the product looks wonderful. Will buy again.,Positive
9442,The service looks mediocre. Nothing special.,Neutral
9443,The product proved to be truly great. Exceeded expectations.,Positive
9444,I think the product was poor. Very frustrated.,Negative
9445,The price is wonderful. Very satisfied.,Positive
9446,I think my experience feels dreadful. Will return it.,Negative
9447,I think the product is superb. Highly recommended!,Positive
9448,Customer support feels very fine. Nothing special.,Neutral
9449,Customer support was superb. Very satisfied.,Positive
9450,I think delivery proved to be brilliant. Will buy again.,Positive
9451,Delivery feels completely fantastic. Very satisfied.,Positive
9452,The service proved to be truly awful. Total waste of money.,Negative
9453,I think the packaging proved to be great. I love it.,Neutral
9454,I think this item proved to be poor. Total waste of money.,Negative
9455,The product looks totally useless. Will return it.,Negative
9456,The product feels truly great. I love it.,Positive
9457,I think the design proved to be perfect. I love it.,Positive
9458,I think customer support looks perfect. I love it.,Positive
9459,I think this item feels worst. Very frustrated.,Negative
9460,I think this item seems excellent. Exceeded expectations.,Positive
9461,The packaging feels very horrible. Will return it.,Negative
9462,My experience feels fairly awesome. Best purchase ever.,Positive
9463,This item is absolutely amazing. I love it.,Neutral
9464,The price is fair. Might buy again.,Neutral
9465,This item feels quite amazing. Highly recommended!,Positive
9466,The service is very fantastic. Very satisfied.,Positive
9467,The packaging looks totally superb. Will buy again.,Positive
9468,The service proved to be really stellar. Best purchase ever.,Positive
9469,I think this item proved to be worst. Do not buy.,Negative
9470,I think delivery is dreadful. Very frustrated.,Negative
9471,The design feels useless. Do not buy.,Negative
9472,My experience feels quite amazing. Best purchase ever.,Positive
9473,I think the service seems stellar. Best purchase ever.,Positive
9474,This item feels truly superb. Exceeded expectations.,Positive
9475,Delivery proved to be great. Very satisfied.,Positive
9476,I think my experience is disappointing. Save your money.,Negative
9477,The product feels completely awesome. Exceeded expectations.,Positive
9478,This item looks awful. Save your money.,Negative
9479,I think customer support was wonderful. Very satisfied.,Positive
9480,The design looks somewhat subpar. Total waste of money.,Negative
9481,The quality is standard. As expected.,Neutral
9482,This item is great. Will buy again.,Negative
9483,The price looks bad. Save your money.,Negative
9484,The quality feels awful. Very frustrated.,Negative
9485,The service is useless. Will return it.,Negative
9486,Delivery is mediocre. As expected.,Neutral
9487,I think the quality was worst. Save your money.,Negative
9488,My experience looks totally dreadful. Save your money.,Negative
9489,The packaging proved to be truly superb. Exceeded expectations.,Positive
9490,My experience proved to be completely bad. Save your money.,Negative
9491,The price was extremely bad. Very frustrated.,Negative
9492,This item feels quite terrible. Save your money.,Negative
9493,The service feels extremely excellent. Best purchase ever.,Positive
9494,I think customer support proved to be wonderful. Highly recommended!,Positive
9495,I think the design looks horrible. Total waste of money.,Negative
9496,Customer support proved to be quite awesome. Best purchase ever.,Positive
9497,I think the service seems terrible. Total waste of money.,Negative
9498,The product seems stellar. Best purchase ever.,Positive
9499,I think my experience is acceptable. Serves its purpose.,Neutral
9500,I think this item looks horrible. Very frustrated.,Negative
9501,I think this item feels dreadful. Do not buy.,Negative
9502,I think the service looks typical. Nothing special.,Neutral
9503,The quality seems truly terrible. Very frustrated.,Negative
9504,I think my experience proved to be horrible. Do not buy.,Negative
9505,This item feels bad. Will return it.,Negative
9506,The quality seems awful. Do not buy.,Negative
9507,I think delivery proved to be fantastic. Best purchase ever.,Negative
9508,The design looks bad. Will return it.,Negative
9509,The price feels regular. Nothing special.,Neutral
9510,I think the quality looks disappointing. I hate it.,Negative
9511,The product feels stellar. I love it.,Positive
9512,The design was fine. As expected.,Neutral
9513,I think my experience feels dreadful. Very frustrated.,Negative
9514,I think the price proved to be awful. Will return it.,Negative
9515,"I think the design is average. Not bad, not great.",Neutral
9516,I think the packaging looks brilliant. Best purchase ever.,Positive
9517,The product proved to be fine. It does the job.,Neutral
9518,I think customer support proved to be disappointing. Save your money.,Negative
9519,The product was extremely brilliant. I love it.,Positive
9520,This item is terrible. Total waste of money.,Neutral
9521,I think delivery is worst. Will return it.,Negative
9522,The service was regular. As expected.,Neutral
9523,The design was absolutely worst. Do not buy.,Negative
9524,I think delivery was standard. As expected.,Neutral
9525,I think this item feels perfect. Highly recommended!,Positive
9526,I think the packaging proved to be superb. I love it.,Positive
9527,The quality seems really perfect. I love it.,Positive
9528,I think this item looks average. It does the job.,Neutral
9529,I think the product feels poor. I hate it.,Negative
9530,This item proved to be terrible. Do not buy.,Negative
9531,The price proved to be truly wonderful. I love it.,Positive
9532,The price looks quite normal. Might buy again.,Neutral
9533,I think the quality looks fair. As expected.,Neutral
9534,The design feels completely subpar. I hate it.,Negative
9535,The packaging feels absolutely useless. Very frustrated.,Negative
9536,The packaging was very poor. I hate it.,Negative
9537,I think the service seems brilliant. Exceeded expectations.,Positive
9538,The price feels bad. Will return it.,Negative
9539,My experience was really disappointing. Do not buy.,Negative
9540,The price is very perfect. Very satisfied.,Positive
9541,This item looks stellar. Very satisfied.,Positive
9542,I think this item was superb. Very satisfied.,Positive
9543,The design seems perfect. Best purchase ever.,Positive
9544,I think the product was regular. As expected.,Neutral
9545,The quality proved to be totally great. Very satisfied.,Positive
9546,Customer support feels amazing. Very satisfied.,Positive
9547,My experience seems subpar. Very frustrated.,Negative
9548,The packaging is poor. Will return it.,Negative
9549,I think this item feels horrible. I hate it.,Negative
9550,I think my experience seems average. As expected.,Neutral
9551,The product was fairly terrible. Do not buy.,Negative
9552,Delivery proved to be really perfect. Exceeded expectations.,Positive
9553,I think this item was mediocre. Might buy again.,Neutral
9554,Customer support was mediocre. Might buy again.,Neutral
9555,Delivery looks extremely wonderful. I love it.,Positive
9556,The quality is bad. Total waste of money.,Negative
9557,This item was great. I love it.,Positive
9558,I think the service proved to be dreadful. Will return it.,Negative
9559,The product feels truly excellent. Very satisfied.,Positive
9560,I think the price proved to be stellar. I love it.,Positive
9561,I think the price looks amazing. Very satisfied.,Negative
9562,The packaging is extremely worst. Very frustrated.,Negative
9563,The quality looks fairly useless. Save your money.,Negative
9564,The quality is fair. Nothing special.,Neutral
9565,The design was perfect. Best purchase ever.,Neutral
9566,The packaging was awful. Do not buy.,Negative
9567,The packaging feels superb. Exceeded expectations.,Positive
9568,My experience seems completely useless. Save your money.,Negative
9569,I think the price proved to be perfect. I love it.,Positive
9570,Customer support is somewhat awesome. Exceeded expectations.,Positive
9571,My experience was fairly fantastic. I love it.,Positive
9572,The design was quite brilliant. Best purchase ever.,Positive
9573,This item is subpar. Save your money.,Negative
9574,The packaging was fairly excellent. Exceeded expectations.,Positive
9575,The service seems horrible. Very frustrated.,Negative
9576,The service looks stellar. Best purchase ever.,Positive
9577,The service feels poor. Do not buy.,Negative
9578,The service feels subpar. Will return it.,Negative
9579,This item feels totally okay. As expected.,Neutral
9580,The price feels quite poor. Save your money.,Negative
9581,The service proved to be excellent. Best purchase ever.,Positive
9582,I think the quality feels perfect. Exceeded expectations.,Positive
9583,The quality is worst. Total waste of money.,Negative
9584,I think the packaging feels stellar. Will buy again.,Positive
9585,Delivery proved to be absolutely terrible. Total waste of money.,Negative
9586,The packaging proved to be useless. Save your money.,Negative
9587,I think the packaging proved to be wonderful. Very satisfied.,Positive
9588,The packaging is brilliant. Best purchase ever.,Positive
9589,The design looks fantastic. Highly recommended!,Positive
9590,I think delivery feels horrible. Total waste of money.,Negative
9591,The design was acceptable. Serves its purpose.,Neutral
9592,The design is horrible. Very frustrated.,Negative
9593,The design is quite bad. Save your money.,Negative
9594,Delivery is typical. As expected.,Neutral
9595,Delivery seems wonderful. I love it.,Positive
9596,My experience looks wonderful. Will buy again.,Positive
9597,"The design proved to be really standard. Not bad, not great.",Neutral
9598,Delivery seems absolutely awesome. Highly recommended!,Positive
9599,My experience looks absolutely perfect. I love it.,Positive
9600,The quality feels brilliant. Will buy again.,Positive
9601,The quality proved to be fairly fantastic. I love it.,Positive
9602,"This item seems acceptable. Not bad, not great.",Neutral
9603,This item is subpar. I hate it.,Negative
9604,I think the design is useless. Do not buy.,Negative
9605,The quality is poor. Will return it.,Negative
9606,The packaging seems fairly terrible. I hate it.,Negative
9607,The quality proved to be very perfect. Will buy again.,Positive
9608,I think delivery is great. Exceeded expectations.,Positive
9609,The price proved to be completely awful. I hate it.,Negative
9610,My experience proved to be totally amazing. Highly recommended!,Positive
9611,My experience proved to be truly acceptable. Serves its purpose.,Neutral
9612,I think the product seems okay. As expected.,Neutral
9613,I think my experience seems horrible. Very frustrated.,Negative
9614,The price is terrible. Do not buy.,Negative
9615,I think my experience looks awesome. Very satisfied.,Positive
9616,Customer support was bad. Save your money.,Negative
9617,"The design feels average. Not bad, not great.",Neutral
9618,The packaging is acceptable. As expected.,Neutral
9619,The product looks awful. Save your money.,Negative
9620,The design proved to be typical. As expected.,Neutral
9621,The quality seems okay. Nothing special.,Neutral
9622,I think my experience feels wonderful. Will buy again.,Positive
9623,The packaging looks very okay. It does the job.,Neutral
9624,I think delivery looks wonderful. Very satisfied.,Positive
9625,The service was awful. I hate it.,Negative
9626,The packaging seems amazing. Best purchase ever.,Positive
9627,The quality feels somewhat worst. I hate it.,Negative
9628,I think the quality looks amazing. Very satisfied.,Positive
9629,I think the service feels fine. It does the job.,Neutral
9630,I think the packaging seems disappointing. Do not buy.,Negative
9631,I think my experience is average. As expected.,Neutral
9632,The design feels dreadful. I hate it.,Negative
9633,I think the service is subpar. I hate it.,Negative
9634,The packaging feels amazing. I love it.,Positive
9635,The design feels quite horrible. Do not buy.,Negative
9636,The quality feels really great. I love it.,Positive
9637,The design looks dreadful. Total waste of money.,Positive
9638,The design feels truly typical. Might buy again.,Neutral
9639,The design proved to be excellent. I love it.,Positive
9640,I think the quality seems wonderful. Will buy again.,Positive
9641,The product was really terrible. Total waste of money.,Negative
9642,My experience looks worst. Very frustrated.,Negative
9643,The packaging was completely fine. It does the job.,Positive
9644,"The product looks typical. Not bad, not great.",Neutral
9645,The packaging is extremely standard. As expected.,Neutral
9646,I think the design seems poor. Total waste of money.,Negative
9647,I think customer support is fantastic. Will buy again.,Positive
9648,I think the quality proved to be terrible. Very frustrated.,Negative
9649,The quality is excellent. Highly recommended!,Positive
9650,The product proved to be awful. Do not buy.,Negative
9651,"My experience looks really regular. Not bad, not great.",Neutral
9652,I think the packaging feels excellent. Best purchase ever.,Positive
9653,I think the price proved to be awful. Will return it.,Negative
9654,The packaging feels extremely typical. Might buy again.,Neutral
9655,The packaging proved to be really awful. Will return it.,Negative
9656,The price was horrible. Total waste of money.,Negative
9657,Delivery proved to be quite brilliant. I love it.,Positive
9658,The quality seems wonderful. Very satisfied.,Positive
9659,The price looks fine. As expected.,Neutral
9660,Customer support is completely normal. Might buy again.,Neutral
9661,The quality looks disappointing. I hate it.,Negative
9662,The quality is totally subpar. Do not buy.,Negative
9663,I think the service is disappointing. Do not buy.,Negative
9664,I think my experience looks fantastic. Best purchase ever.,Positive
9665,The service proved to be dreadful. Total waste of money.,Negative
9666,I think the quality proved to be acceptable. It does the job.,Neutral
9667,The quality was useless. I hate it.,Negative
9668,Customer support feels terrible. Do not buy.,Negative
9669,The design was superb. Will buy again.,Negative
9670,I think delivery looks stellar. Very satisfied.,Positive
9671,This item was very wonderful. Exceeded expectations.,Positive
9672,My experience looks absolutely awesome. I love it.,Positive
9673,The product feels truly horrible. I hate it.,Negative
9674,My experience looks extremely excellent. Highly recommended!,Positive
9675,Delivery is awesome. Very satisfied.,Positive
9676,The quality is completely okay. Nothing special.,Neutral
9677,Customer support feels somewhat amazing. Highly recommended!,Positive
9678,I think this item looks great. I love it.,Negative
9679,The service was brilliant. Best purchase ever.,Positive
9680,I think this item is amazing. Exceeded expectations.,Positive
9681,I think the quality proved to be wonderful. Best purchase ever.,Positive
9682,Customer support was wonderful. Will buy again.,Positive
9683,I think customer support proved to be awful. Will return it.,Negative
9684,I think the price looks useless. Do not buy.,Negative
9685,The service is fantastic. Best purchase ever.,Positive
9686,I think the quality feels amazing. Best purchase ever.,Positive
9687,The quality was very awful. Total waste of money.,Negative
9688,I think this item was stellar. Highly recommended!,Positive
9689,I think the packaging feels dreadful. Will return it.,Negative
9690,This item seems bad. I hate it.,Negative
9691,Customer support is disappointing. Total waste of money.,Negative
9692,The quality seems superb. Very satisfied.,Positive
9693,The quality was horrible. I hate it.,Negative
9694,I think the design proved to be standard. Might buy again.,Neutral
9695,I think delivery seems superb. Best purchase ever.,Positive
9696,The product seems truly excellent. Highly recommended!,Positive
9697,Delivery proved to be amazing. I love it.,Positive
9698,The packaging was great. Highly recommended!,Positive
9699,I think the product proved to be excellent. Highly recommended!,Neutral
9700,This item is terrible. I hate it.,Negative
9701,The design looks poor. Will return it.,Negative
9702,"The quality looks okay. Not bad, not great.",Neutral
9703,My experience feels bad. Do not buy.,Negative
9704,I think customer support was poor. Save your money.,Negative
9705,I think the service was typical. Might buy again.,Neutral
9706,This item looks truly mediocre. Might buy again.,Neutral
9707,I think the packaging is terrible. Do not buy.,Negative
9708,The packaging looks great. I love it.,Positive
9709,The design looks really okay. Might buy again.,Negative
9710,I think this item proved to be okay. Might buy again.,Neutral
9711,The packaging was standard. Serves its purpose.,Neutral
9712,Customer support seems subpar. I hate it.,Negative
9713,The quality looks absolutely wonderful. Will buy again.,Positive
9714,I think the packaging looks amazing. Highly recommended!,Positive
9715,I think customer support seems okay. Nothing special.,Neutral
9716,I think customer support proved to be horrible. I hate it.,Negative
9717,My experience looks fine. As expected.,Neutral
9718,I think the price seems brilliant. Very satisfied.,Positive
9719,The packaging proved to be absolutely terrible. I hate it.,Negative
9720,I think the service feels poor. Total waste of money.,Negative
9721,The product feels standard. Might buy again.,Neutral
9722,The service was very superb. I love it.,Positive
9723,I think delivery seems horrible. Very frustrated.,Negative
9724,"The packaging was fairly fair. Not bad, not great.",Neutral
9725,Customer support proved to be totally superb. Will buy again.,Positive
9726,I think the service feels standard. Serves its purpose.,Neutral
9727,My experience seems quite useless. Save your money.,Negative
9728,The product looks somewhat brilliant. Will buy again.,Positive
9729,The product feels fantastic. Exceeded expectations.,Positive
9730,My experience was regular. It does the job.,Neutral
9731,I think my experience seems horrible. I hate it.,Negative
9732,The service is totally fantastic. Very satisfied.,Positive
9733,I think the design looks horrible. Save your money.,Negative
9734,This item proved to be bad. Will return it.,Negative
9735,Delivery looks terrible. Save your money.,Negative
9736,The service was perfect. Highly recommended!,Positive
9737,I think the product is perfect. Best purchase ever.,Positive
9738,I think my experience proved to be excellent. I love it.,Positive
9739,I think my experience looks wonderful. Will buy again.,Positive
9740,I think my experience seems typical. Might buy again.,Negative
9741,I think this item seems subpar. Will return it.,Negative
9742,The packaging is normal. As expected.,Negative
9743,I think the product looks brilliant. Highly recommended!,Positive
9744,The quality looks terrible. Save your money.,Negative
9745,My experience was disappointing. Very frustrated.,Negative
9746,Customer support seems truly acceptable. Nothing special.,Negative
9747,My experience looks completely brilliant. Best purchase ever.,Positive
9748,The product proved to be completely acceptable. It does the job.,Neutral
9749,My experience proved to be dreadful. Save your money.,Negative
9750,Customer support seems disappointing. Will return it.,Negative
9751,The price seems absolutely terrible. Very frustrated.,Negative
9752,Customer support is excellent. I love it.,Positive
9753,"Delivery seems absolutely typical. Not bad, not great.",Neutral
9754,This item seems okay. Nothing special.,Neutral
9755,Delivery looks fairly amazing. Will buy again.,Positive
9756,The product was absolutely regular. Nothing special.,Neutral
9757,"Delivery feels very fine. Not bad, not great.",Neutral
9758,My experience was truly disappointing. I hate it.,Negative
9759,I think my experience looks awesome. Very satisfied.,Positive
9760,My experience proved to be totally useless. Total waste of money.,Negative
9761,"The design feels okay. Not bad, not great.",Neutral
9762,This item was normal. As expected.,Neutral
9763,The packaging feels truly dreadful. Do not buy.,Negative
9764,The product feels great. Best purchase ever.,Positive
9765,"The quality feels fair. Not bad, not great.",Neutral
9766,The design looks totally terrible. I hate it.,Negative
9767,The product is somewhat awesome. Will buy again.,Positive
9768,The design is absolutely superb. Best purchase ever.,Positive
9769,The quality seems extremely amazing. Very satisfied.,Positive
9770,The design looks excellent. Exceeded expectations.,Positive
9771,I think the product was worst. Very frustrated.,Negative
9772,I think the price looks awesome. Highly recommended!,Positive
9773,The packaging proved to be really bad. Save your money.,Negative
9774,I think the packaging seems worst. Save your money.,Negative
9775,I think the design feels brilliant. I love it.,Positive
9776,I think the product was poor. Very frustrated.,Negative
9777,I think the service looks poor. I hate it.,Negative
9778,The price looks regular. It does the job.,Neutral
9779,The design proved to be subpar. Very frustrated.,Negative
9780,"I think customer support seems fair. Not bad, not great.",Neutral
9781,I think the packaging is subpar. Total waste of money.,Negative
9782,The quality is fantastic. Highly recommended!,Neutral
9783,Customer support feels extremely amazing. I love it.,Positive
9784,My experience seems really subpar. Very frustrated.,Negative
9785,My experience proved to be perfect. Highly recommended!,Positive
9786,I think the price is worst. Very frustrated.,Negative
9787,I think the packaging is awful. Save your money.,Negative
9788,The packaging seems extremely stellar. Highly recommended!,Positive
9789,I think the packaging proved to be horrible. Will return it.,Negative
9790,"Customer support proved to be standard. Not bad, not great.",Neutral
9791,I think the service looks stellar. Exceeded expectations.,Positive
9792,I think the packaging is subpar. I hate it.,Negative
9793,I think delivery feels regular. As expected.,Neutral
9794,I think customer support is stellar. Best purchase ever.,Positive
9795,The product is totally amazing. I love it.,Positive
9796,The service is totally horrible. Save your money.,Negative
9797,This item is average. Nothing special.,Neutral
9798,I think delivery looks acceptable. Serves its purpose.,Neutral
9799,I think the packaging looks horrible. Total waste of money.,Negative
9800,The product was extremely worst. Total waste of money.,Negative
9801,The service is somewhat wonderful. I love it.,Positive
9802,The product seems truly amazing. Very satisfied.,Positive
9803,"My experience seems very average. Not bad, not great.",Neutral
9804,Customer support seems terrible. Save your money.,Negative
9805,The packaging seems excellent. I love it.,Positive
9806,Customer support feels bad. I hate it.,Negative
9807,The packaging proved to be terrible. Do not buy.,Negative
9808,This item seems totally awful. Save your money.,Negative
9809,This item proved to be perfect. Exceeded expectations.,Positive
9810,The packaging feels brilliant. Highly recommended!,Positive
9811,I think the product seems dreadful. Total waste of money.,Negative
9812,The price looks completely okay. It does the job.,Neutral
9813,Customer support looks disappointing. Save your money.,Negative
9814,I think the design seems fantastic. Exceeded expectations.,Positive
9815,The packaging seems very superb. I love it.,Positive
9816,I think the quality proved to be regular. Serves its purpose.,Neutral
9817,Delivery was fine. Might buy again.,Neutral
9818,The design looks quite awful. Very frustrated.,Negative
9819,I think my experience feels typical. Might buy again.,Neutral
9820,The service was completely terrible. I hate it.,Negative
9821,The service seems absolutely fair. As expected.,Neutral
9822,I think the service feels perfect. I love it.,Positive
9823,The quality proved to be truly acceptable. Serves its purpose.,Neutral
9824,Delivery feels absolutely dreadful. Total waste of money.,Negative
9825,The design feels bad. Will return it.,Negative
9826,My experience is absolutely brilliant. Highly recommended!,Positive
9827,The price was absolutely superb. Exceeded expectations.,Positive
9828,I think the quality was terrible. Total waste of money.,Negative
9829,The packaging seems extremely subpar. Save your money.,Negative
9830,The packaging looks subpar. Do not buy.,Negative
9831,The packaging seems truly perfect. Best purchase ever.,Positive
9832,The product proved to be quite disappointing. I hate it.,Positive
9833,The product looks quite worst. Do not buy.,Negative
9834,This item is amazing. I love it.,Positive
9835,The quality is truly terrible. Total waste of money.,Negative
9836,The service looks worst. Will return it.,Negative
9837,The price seems wonderful. Will buy again.,Positive
9838,Customer support feels awful. Very frustrated.,Negative
9839,The product is stellar. Highly recommended!,Positive
9840,Delivery feels horrible. Do not buy.,Negative
9841,The product seems truly stellar. I love it.,Neutral
9842,The price looks extremely typical. Nothing special.,Neutral
9843,Customer support proved to be quite normal. As expected.,Neutral
9844,"The product is truly normal. Not bad, not great.",Neutral
9845,"Customer support proved to be very fine. Not bad, not great.",Neutral
9846,The price seems truly subpar. Very frustrated.,Negative
9847,I think the price was standard. Nothing special.,Neutral
9848,The price was truly worst. I hate it.,Negative
9849,The quality looks fairly worst. Very frustrated.,Negative
9850,I think delivery is horrible. Save your money.,Negative
9851,The product proved to be completely awesome. I love it.,Positive
9852,Customer support feels quite awful. Total waste of money.,Negative
9853,I think the product looks awful. I hate it.,Negative
9854,Delivery seems fairly acceptable. As expected.,Neutral
9855,The product was okay. It does the job.,Neutral
9856,I think delivery seems standard. It does the job.,Neutral
9857,This item looks amazing. Very satisfied.,Neutral
9858,I think the product proved to be great. I love it.,Positive
9859,I think the packaging looks awful. Do not buy.,Neutral
9860,The design proved to be fairly amazing. Will buy again.,Positive
9861,The service seems mediocre. Serves its purpose.,Neutral
9862,Customer support looks very great. Very satisfied.,Positive
9863,The product seems absolutely terrible. Very frustrated.,Negative
9864,I think the service is superb. I love it.,Positive
9865,The packaging feels amazing. Will buy again.,Negative
9866,The product proved to be typical. Serves its purpose.,Neutral
9867,I think customer support seems excellent. Best purchase ever.,Positive
9868,I think the quality seems bad. Very frustrated.,Negative
9869,My experience seems truly perfect. Will buy again.,Neutral
9870,I think the product is subpar. Save your money.,Negative
9871,The service proved to be really poor. Do not buy.,Negative
9872,The service looks terrible. Will return it.,Negative
9873,The design proved to be disappointing. Total waste of money.,Negative
9874,This item proved to be really excellent. Best purchase ever.,Positive
9875,The price was awful. Do not buy.,Negative
9876,The packaging proved to be fantastic. Highly recommended!,Positive
9877,"The quality seems somewhat acceptable. Not bad, not great.",Neutral
9878,I think the price seems poor. Save your money.,Negative
9879,I think the service looks bad. Total waste of money.,Negative
9880,I think the packaging feels mediocre. Might buy again.,Neutral
9881,I think the product proved to be subpar. Very frustrated.,Negative
9882,I think the price proved to be bad. Very frustrated.,Negative
9883,Customer support seems awful. Very frustrated.,Negative
9884,The packaging feels acceptable. Might buy again.,Neutral
9885,I think the packaging looks useless. I hate it.,Negative
9886,This item looks poor. I hate it.,Negative
9887,"I think the design seems fair. Not bad, not great.",Neutral
9888,The price is typical. It does the job.,Negative
9889,I think the packaging is horrible. Do not buy.,Negative
9890,This item feels dreadful. Will return it.,Negative
9891,The service looks acceptable. It does the job.,Neutral
9892,I think the quality seems typical. Might buy again.,Neutral
9893,I think delivery was disappointing. I hate it.,Negative
9894,I think my experience is wonderful. Highly recommended!,Positive
9895,"The quality is very mediocre. Not bad, not great.",Neutral
9896,My experience is somewhat okay. It does the job.,Neutral
9897,Delivery was totally awful. Total waste of money.,Negative
9898,The service feels worst. Very frustrated.,Neutral
9899,I think the service seems poor. Save your money.,Negative
9900,The quality is stellar. Will buy again.,Positive
9901,The product feels awful. Very frustrated.,Negative
9902,The packaging seems terrible. Total waste of money.,Negative
9903,The packaging proved to be stellar. Exceeded expectations.,Positive
9904,The packaging proved to be really standard. Serves its purpose.,Neutral
9905,I think delivery proved to be perfect. Best purchase ever.,Positive
9906,This item proved to be totally fair. Nothing special.,Neutral
9907,I think the design feels great. Will buy again.,Positive
9908,The packaging was absolutely great. Exceeded expectations.,Positive
9909,"My experience looks very regular. Not bad, not great.",Neutral
9910,Customer support was somewhat terrible. Total waste of money.,Negative
9911,I think the service seems bad. I hate it.,Negative
9912,My experience looks excellent. I love it.,Positive
9913,I think the product feels useless. Total waste of money.,Negative
9914,I think the packaging looks awful. Total waste of money.,Neutral
9915,The packaging proved to be really perfect. Exceeded expectations.,Positive
9916,I think the price seems amazing. I love it.,Positive
9917,I think the packaging proved to be disappointing. Very frustrated.,Negative
9918,The product seems standard. As expected.,Neutral
9919,I think the design was perfect. I love it.,Positive
9920,The quality was quite fair. As expected.,Neutral
9921,I think the quality seems fine. As expected.,Neutral
9922,"The service is absolutely fine. Not bad, not great.",Neutral
9923,I think my experience feels awesome. Will buy again.,Positive
9924,I think the quality feels bad. Save your money.,Negative
9925,Customer support proved to be truly terrible. Very frustrated.,Negative
9926,The price is amazing. Very satisfied.,Positive
9927,My experience was somewhat awesome. I love it.,Positive
9928,The service feels completely wonderful. Exceeded expectations.,Positive
9929,I think delivery was awful. Total waste of money.,Negative
9930,I think delivery feels stellar. Best purchase ever.,Positive
9931,The service proved to be mediocre. It does the job.,Neutral
9932,I think the price is wonderful. Best purchase ever.,Positive
9933,I think the product looks worst. Total waste of money.,Negative
9934,The quality feels perfect. Best purchase ever.,Positive
9935,"I think the quality seems typical. Not bad, not great.",Neutral
9936,I think the packaging was excellent. Exceeded expectations.,Positive
9937,Customer support proved to be completely terrible. Do not buy.,Negative
9938,The price was wonderful. Very satisfied.,Positive
9939,The service is brilliant. Exceeded expectations.,Negative
9940,The packaging was fantastic. I love it.,Positive
9941,Delivery proved to be very acceptable. Serves its purpose.,Neutral
9942,I think the design feels fine. As expected.,Neutral
9943,The packaging was truly awesome. Exceeded expectations.,Positive
9944,Customer support is awesome. Highly recommended!,Positive
9945,Customer support is quite terrible. Very frustrated.,Negative
9946,Customer support was somewhat subpar. Will return it.,Negative
9947,The packaging is fairly horrible. Very frustrated.,Negative
9948,I think the price is horrible. Total waste of money.,Positive
9949,Delivery was extremely terrible. Do not buy.,Negative
9950,The service seems extremely awesome. Will buy again.,Positive
9951,Delivery proved to be really great. Exceeded expectations.,Positive
9952,My experience is quite wonderful. Will buy again.,Positive
9953,"I think my experience feels regular. Not bad, not great.",Neutral
9954,Customer support looks quite great. Best purchase ever.,Neutral
9955,I think this item looks excellent. Will buy again.,Positive
9956,My experience is fairly wonderful. Highly recommended!,Positive
9957,I think my experience is wonderful. Highly recommended!,Positive
9958,The product is completely perfect. Highly recommended!,Positive
9959,The product feels poor. Total waste of money.,Negative
9960,Delivery feels fairly disappointing. Will return it.,Negative
9961,The packaging seems really fantastic. Best purchase ever.,Positive
9962,The quality proved to be fairly useless. Will return it.,Neutral
9963,This item seems wonderful. Exceeded expectations.,Positive
9964,Delivery proved to be quite amazing. Exceeded expectations.,Neutral
9965,My experience looks truly perfect. Best purchase ever.,Positive
9966,I think the product looks perfect. I love it.,Positive
9967,I think delivery feels fantastic. Highly recommended!,Positive
9968,I think the price seems horrible. Will return it.,Negative
9969,I think the price is fantastic. Best purchase ever.,Positive
9970,Customer support seems somewhat standard. Serves its purpose.,Neutral
9971,Customer support is truly average. It does the job.,Positive
9972,The product looks amazing. Very satisfied.,Positive
9973,The price proved to be wonderful. Will buy again.,Positive
9974,The service seems fine. As expected.,Neutral
9975,The design seems typical. It does the job.,Neutral
9976,The price looks poor. Very frustrated.,Negative
9977,Customer support looks fantastic. I love it.,Positive
9978,The quality is dreadful. Total waste of money.,Neutral
9979,I think the product feels acceptable. Might buy again.,Neutral
9980,This item is perfect. Best purchase ever.,Positive
9981,I think my experience was worst. I hate it.,Negative
9982,The product is stellar. Exceeded expectations.,Positive
9983,Delivery proved to be perfect. Best purchase ever.,Positive
9984,I think this item seems great. I love it.,Positive
9985,I think my experience proved to be okay. As expected.,Neutral
9986,The quality feels fairly standard. Nothing special.,Neutral
9987,I think the price feels horrible. Will return it.,Negative
9988,The quality looks poor. Total waste of money.,Negative
9989,I think the quality is excellent. I love it.,Positive
9990,The quality feels useless. Do not buy.,Negative
9991,The price was completely awesome. Best purchase ever.,Positive
9992,Customer support is acceptable. As expected.,Neutral
9993,I think this item looks fair. Nothing special.,Neutral
9994,The quality proved to be quite poor. Save your money.,Negative
9995,This item seems somewhat bad. Save your money.,Negative
9996,The product seems typical. As expected.,Neutral
9997,I think the design proved to be dreadful. Very frustrated.,Negative
9998,This item proved to be truly average. Nothing special.,Neutral
9999,I think the service proved to be poor. Will return it.,Negative
10000,The quality seems extremely brilliant. Exceeded expectations.,Positive
10001,The packaging was awful. Do not buy.,Negative
10002,I think customer support proved to be standard. Nothing special.,Neutral
10003,I think the design seems terrible. I hate it.,Negative
10004,The price is really acceptable. It does the job.,Neutral
10005,The product feels quite great. Exceeded expectations.,Positive
10006,I think delivery feels worst. Do not buy.,Negative
10007,I think the quality proved to be awful. Do not buy.,Negative
10008,The service seems totally disappointing. Total waste of money.,Negative
10009,The price proved to be worst. Total waste of money.,Negative
10010,The service is useless. Do not buy.,Negative
10011,The design seems amazing. Highly recommended!,Positive
10012,The packaging looks completely terrible. Total waste of money.,Negative
10013,The quality feels quite fantastic. Best purchase ever.,Positive
10014,I think the price is wonderful. I love it.,Positive
10015,Delivery is great. Very satisfied.,Positive
10016,This item was worst. Will return it.,Negative
10017,The price seems very brilliant. Best purchase ever.,Positive
10018,My experience seems terrible. Save your money.,Negative
10019,The design seems fantastic. Will buy again.,Positive
10020,This item seems wonderful. Very satisfied.,Positive
10021,The service was awesome. Will buy again.,Positive
10022,Customer support seems extremely terrible. Do not buy.,Negative
10023,"I think the quality was average. Not bad, not great.",Neutral
10024,I think the service is normal. Nothing special.,Positive
10025,I think the packaging was stellar. Highly recommended!,Positive
10026,I think the price is awesome. Highly recommended!,Positive
10027,I think the product looks subpar. Total waste of money.,Negative
10028,I think customer support feels horrible. I hate it.,Negative
10029,The service proved to be average. Nothing special.,Neutral
10030,The product looks fine. Serves its purpose.,Neutral
10031,"I think customer support feels acceptable. Not bad, not great.",Neutral
10032,I think my experience looks horrible. Save your money.,Negative
10033,The price was superb. Will buy again.,Positive
10034,I think this item is normal. It does the job.,Neutral
10035,This item looks quite okay. Nothing special.,Neutral
10036,I think this item proved to be mediocre. Might buy again.,Neutral
10037,Customer support was awesome. Highly recommended!,Positive
10038,I think this item feels perfect. Highly recommended!,Positive
10039,The packaging proved to be totally amazing. I love it.,Positive
10040,I think customer support is brilliant. Highly recommended!,Positive
10041,My experience feels normal. It does the job.,Positive
10042,The price feels wonderful. Best purchase ever.,Positive
10043,The quality looks great. I love it.,Positive
10044,The packaging feels disappointing. Very frustrated.,Negative
10045,The product proved to be quite awful. Save your money.,Negative
10046,This item feels standard. Serves its purpose.,Negative
10047,I think customer support was disappointing. Do not buy.,Negative
10048,I think the quality is excellent. Highly recommended!,Negative
10049,The product looks wonderful. Best purchase ever.,Positive
10050,The quality is terrible. Total waste of money.,Negative
10051,I think delivery seems great. Best purchase ever.,Positive
10052,I think the quality is horrible. Will return it.,Negative
10053,The design is excellent. Exceeded expectations.,Positive
10054,Delivery proved to be normal. Nothing special.,Neutral
10055,I think customer support looks standard. As expected.,Neutral
10056,The quality proved to be absolutely dreadful. Save your money.,Negative
10057,The design seems great. Will buy again.,Positive
10058,This item feels fantastic. Exceeded expectations.,Positive
10059,I think delivery feels standard. As expected.,Neutral
10060,The service feels perfect. Highly recommended!,Positive
10061,The packaging is excellent. Very satisfied.,Positive
10062,The design feels poor. Do not buy.,Negative
10063,Customer support looks wonderful. I love it.,Positive
10064,I think delivery looks horrible. Save your money.,Negative
10065,Customer support is disappointing. Save your money.,Negative
10066,Delivery seems wonderful. Highly recommended!,Positive
10067,The packaging feels totally poor. Total waste of money.,Negative
10068,I think this item looks perfect. Best purchase ever.,Positive
10069,Customer support is completely terrible. I hate it.,Negative
10070,The price is extremely superb. Will buy again.,Positive
10071,The product feels disappointing. Will return it.,Negative
10072,The quality proved to be fair. Serves its purpose.,Neutral
10073,My experience was stellar. Very satisfied.,Positive
10074,The service was awesome. Very satisfied.,Positive
10075,I think the packaging proved to be great. I love it.,Positive
10076,Delivery proved to be somewhat subpar. Save your money.,Negative
10077,The quality seems worst. Save your money.,Negative
10078,I think the design looks subpar. Save your money.,Neutral
10079,I think the packaging feels amazing. I love it.,Positive
10080,My experience feels totally acceptable. Might buy again.,Neutral
10081,The service proved to be awesome. Best purchase ever.,Positive
10082,The price looks dreadful. Very frustrated.,Negative
10083,My experience is absolutely perfect. Very satisfied.,Positive
10084,I think the packaging seems worst. Do not buy.,Negative
10085,I think the price feels dreadful. Do not buy.,Negative
10086,I think the quality looks acceptable. It does the job.,Neutral
10087,The price looks quite brilliant. Best purchase ever.,Positive
10088,Delivery looks really dreadful. I hate it.,Negative
10089,The packaging feels absolutely normal. As expected.,Neutral
10090,I think the quality is great. Exceeded expectations.,Positive
10091,I think customer support looks awful. Save your money.,Negative
10092,My experience is completely normal. Serves its purpose.,Neutral
10093,Customer support was extremely wonderful. Very satisfied.,Positive
10094,The packaging seems poor. Very frustrated.,Negative
10095,The service feels truly regular. It does the job.,Neutral
10096,The service looks stellar. Will buy again.,Positive
10097,The product is brilliant. I love it.,Positive
10098,The packaging was absolutely useless. Very frustrated.,Negative
10099,Delivery was completely stellar. Exceeded expectations.,Positive
10100,"Customer support proved to be totally average. Not bad, not great.",Neutral
10101,The product is extremely mediocre. Serves its purpose.,Neutral
10102,The packaging is useless. Will return it.,Negative
10103,I think the packaging proved to be superb. Best purchase ever.,Positive
10104,The price feels subpar. Will return it.,Negative
10105,I think the service was fair. Serves its purpose.,Neutral
10106,The design looks absolutely awesome. Best purchase ever.,Positive
10107,I think this item feels dreadful. Very frustrated.,Negative
10108,The service was fairly poor. Very frustrated.,Negative
10109,I think the product looks superb. Exceeded expectations.,Positive
10110,The design seems completely useless. Do not buy.,Negative
10111,The price looks completely disappointing. Total waste of money.,Negative
10112,I think the product feels okay. Serves its purpose.,Neutral
10113,Delivery seems okay. Serves its purpose.,Neutral
10114,Delivery seems horrible. Total waste of money.,Negative
10115,"The quality looks extremely fair. Not bad, not great.",Neutral
10116,I think delivery proved to be dreadful. Will return it.,Negative
10117,This item proved to be quite awesome. Will buy again.,Positive
10118,I think this item was worst. I hate it.,Negative
10119,This item proved to be quite wonderful. Best purchase ever.,Positive
10120,Customer support feels average. Might buy again.,Neutral
10121,My experience looks absolutely stellar. I love it.,Positive
10122,I think the design was great. Very satisfied.,Positive
10123,I think this item is awesome. Best purchase ever.,Positive
10124,The design looks completely standard. Serves its purpose.,Neutral
10125,The design proved to be extremely awesome. Very satisfied.,Positive
10126,Delivery was somewhat poor. Do not buy.,Negative
10127,Delivery feels average. As expected.,Neutral
10128,I think the price looks mediocre. Serves its purpose.,Neutral
10129,I think delivery seems wonderful. Highly recommended!,Positive
10130,The service proved to be truly great. Highly recommended!,Positive
10131,I think the product looks fair. It does the job.,Neutral
10132,This item is very excellent. Will buy again.,Positive
10133,My experience looks absolutely worst. Total waste of money.,Negative
10134,The quality looks truly okay. As expected.,Neutral
10135,The quality is completely dreadful. Save your money.,Neutral
10136,The design seems perfect. I love it.,Positive
10137,I think the service feels brilliant. Highly recommended!,Positive
10138,I think the price looks worst. Will return it.,Negative
10139,"This item seems absolutely okay. Not bad, not great.",Neutral
10140,Delivery was completely bad. I hate it.,Negative
10141,"The price feels acceptable. Not bad, not great.",Neutral
10142,I think delivery seems wonderful. I love it.,Positive
10143,I think the price was fair. Might buy again.,Neutral
10144,The packaging feels extremely brilliant. Will buy again.,Positive
10145,I think customer support was amazing. I love it.,Positive
10146,I think this item feels horrible. Do not buy.,Negative
10147,The product seems bad. Very frustrated.,Negative
10148,Delivery proved to be quite superb. Highly recommended!,Positive
10149,I think delivery feels disappointing. Very frustrated.,Negative
10150,Customer support looks totally horrible. Very frustrated.,Negative
10151,I think my experience proved to be excellent. Exceeded expectations.,Negative
10152,The design proved to be useless. Do not buy.,Negative
10153,I think the design proved to be bad. Total waste of money.,Negative
10154,I think my experience proved to be acceptable. It does the job.,Neutral
10155,The product was horrible. I hate it.,Negative
10156,The packaging feels bad. I hate it.,Neutral
10157,This item was completely typical. Serves its purpose.,Neutral
10158,I think the quality is fair. Might buy again.,Negative
10159,The packaging was bad. I hate it.,Positive
10160,I think delivery is horrible. I hate it.,Negative
10161,Customer support looks extremely fantastic. Very satisfied.,Positive
10162,The service is quite great. I love it.,Positive
10163,I think the price feels stellar. Exceeded expectations.,Positive
10164,Customer support seems completely superb. Will buy again.,Positive
10165,The quality seems completely superb. I love it.,Positive
10166,The service is fantastic. I love it.,Positive
10167,Customer support is wonderful. Will buy again.,Positive
10168,"I think customer support looks typical. Not bad, not great.",Neutral
10169,The quality feels fairly wonderful. Exceeded expectations.,Positive
10170,I think customer support was fair. Might buy again.,Neutral
10171,Customer support was fairly terrible. Save your money.,Negative
10172,The design is disappointing. Total waste of money.,Negative
10173,The product was useless. Very frustrated.,Negative
10174,The quality seems extremely awful. Do not buy.,Negative
10175,I think the packaging feels useless. I hate it.,Negative
10176,The service seems extremely worst. Do not buy.,Negative
10177,The design looks fantastic. I love it.,Positive
10178,The design proved to be somewhat perfect. Highly recommended!,Positive
10179,The product is bad. I hate it.,Neutral
10180,I think the price is dreadful. I hate it.,Negative
10181,The quality is acceptable. Serves its purpose.,Neutral
10182,The quality feels extremely terrible. Do not buy.,Negative
10183,The product is extremely poor. Will return it.,Negative
10184,This item feels wonderful. Exceeded expectations.,Positive
10185,Customer support looks very worst. Total waste of money.,Negative
10186,The product was regular. It does the job.,Neutral
10187,The product is amazing. I love it.,Negative
10188,This item proved to be really disappointing. Total waste of money.,Negative
10189,The product is fairly amazing. Will buy again.,Positive
10190,I think my experience feels brilliant. Highly recommended!,Positive
10191,The packaging is fairly poor. I hate it.,Negative
10192,I think the design seems stellar. Highly recommended!,Positive
10193,The product proved to be okay. Serves its purpose.,Neutral
10194,I think this item was terrible. Very frustrated.,Negative
10195,The quality is brilliant. Best purchase ever.,Neutral
10196,My experience proved to be wonderful. Very satisfied.,Positive
10197,I think the price was regular. Serves its purpose.,Neutral
10198,My experience seems awful. I hate it.,Negative
10199,I think the price looks typical. Serves its purpose.,Neutral
10200,The price is fantastic. I love it.,Positive
10201,I think the price is brilliant. Highly recommended!,Negative
10202,I think customer support was fair. Might buy again.,Neutral
10203,I think the packaging looks worst. Do not buy.,Negative
10204,Delivery was absolutely normal. Nothing special.,Neutral
10205,I think the product proved to be superb. Will buy again.,Positive
10206,I think customer support was disappointing. Very frustrated.,Negative
10207,The service feels wonderful. I love it.,Neutral
10208,The product is stellar. Highly recommended!,Positive
10209,Delivery proved to be truly excellent. I love it.,Positive
10210,The quality feels dreadful. Very frustrated.,Negative
10211,I think customer support is worst. Total waste of money.,Negative
10212,The service was mediocre. Nothing special.,Neutral
10213,The service looks awful. Very frustrated.,Negative
10214,The product seems somewhat worst. Very frustrated.,Negative
10215,The service looks absolutely normal. Nothing special.,Neutral
10216,The packaging seems fantastic. Exceeded expectations.,Positive
10217,Delivery proved to be somewhat dreadful. Will return it.,Negative
10218,Delivery proved to be wonderful. Very satisfied.,Neutral
10219,I think delivery proved to be amazing. Best purchase ever.,Positive
10220,I think the quality looks great. Very satisfied.,Positive
10221,I think the design feels typical. As expected.,Neutral
10222,"I think the service proved to be mediocre. Not bad, not great.",Neutral
10223,Customer support feels subpar. Will return it.,Negative
10224,This item looks quite horrible. Save your money.,Negative
10225,The price is very horrible. Very frustrated.,Negative
10226,I think delivery looks subpar. I hate it.,Negative
10227,"Customer support feels fine. Not bad, not great.",Neutral
10228,I think delivery seems awful. Total waste of money.,Negative
10229,"I think delivery was acceptable. Not bad, not great.",Neutral
10230,Customer support seems completely normal. Might buy again.,Neutral
10231,Customer support looks disappointing. Save your money.,Negative
10232,My experience is truly mediocre. Might buy again.,Neutral
10233,The service looks extremely disappointing. Total waste of money.,Negative
10234,My experience is wonderful. Very satisfied.,Positive
10235,The product was completely perfect. Exceeded expectations.,Positive
10236,I think the quality is acceptable. Serves its purpose.,Neutral
10237,I think the design looks acceptable. As expected.,Neutral
10238,I think the quality is horrible. Very frustrated.,Negative
10239,The packaging proved to be bad. Will return it.,Negative
10240,Delivery proved to be fine. As expected.,Neutral
10241,This item feels superb. Very satisfied.,Positive
10242,Customer support was standard. It does the job.,Neutral
10243,The price proved to be disappointing. Very frustrated.,Negative
10244,The packaging feels regular. Might buy again.,Neutral
10245,I think delivery feels disappointing. Very frustrated.,Negative
10246,The product proved to be excellent. I love it.,Positive
10247,The price was absolutely okay. Might buy again.,Neutral
10248,I think the service was standard. As expected.,Neutral
10249,Customer support is extremely mediocre. Nothing special.,Neutral
10250,I think the product seems poor. Very frustrated.,Negative
10251,I think the quality is worst. Do not buy.,Negative
10252,"I think the design seems typical. Not bad, not great.",Neutral
10253,My experience proved to be brilliant. Highly recommended!,Positive
10254,I think my experience proved to be useless. Do not buy.,Negative
10255,Delivery was awesome. Will buy again.,Positive
10256,The product is very amazing. I love it.,Positive
10257,I think the quality feels superb. Best purchase ever.,Positive
10258,I think the quality feels poor. Will return it.,Negative
10259,I think my experience is fantastic. Exceeded expectations.,Positive
10260,This item looks completely normal. Might buy again.,Neutral
10261,The price proved to be worst. Very frustrated.,Negative
10262,The quality was very awesome. Very satisfied.,Positive
10263,I think the design seems poor. I hate it.,Negative
10264,I think the price looks awesome. Will buy again.,Positive
10265,Customer support feels really useless. Very frustrated.,Negative
10266,The product feels truly dreadful. Save your money.,Negative
10267,The price looks really subpar. Save your money.,Negative
10268,My experience seems subpar. Very frustrated.,Negative
10269,The packaging was extremely horrible. Do not buy.,Negative
10270,The packaging is stellar. Will buy again.,Positive
10271,The price was awful. Very frustrated.,Negative
10272,Delivery proved to be somewhat okay. As expected.,Neutral
10273,The service was superb. I love it.,Positive
10274,The service is somewhat standard. Serves its purpose.,Neutral
10275,This item feels completely horrible. Will return it.,Negative
10276,Delivery seems fairly stellar. Best purchase ever.,Positive
10277,The service feels dreadful. Will return it.,Negative
10278,I think the quality is average. Nothing special.,Neutral
10279,I think the product seems normal. Nothing special.,Neutral
10280,I think the price looks worst. Save your money.,Negative
10281,My experience feels fantastic. Exceeded expectations.,Positive
10282,I think the product proved to be bad. Very frustrated.,Negative
10283,I think the service proved to be amazing. I love it.,Positive
10284,The design seems totally disappointing. Save your money.,Negative
10285,I think the product feels terrible. I hate it.,Negative
10286,Delivery was quite superb. Best purchase ever.,Positive
10287,I think my experience looks perfect. Highly recommended!,Positive
10288,Customer support seems absolutely awful. I hate it.,Negative
10289,I think this item proved to be excellent. I love it.,Positive
10290,I think delivery feels terrible. Total waste of money.,Negative
10291,The service proved to be truly great. Very satisfied.,Positive
10292,I think the quality proved to be awful. Very frustrated.,Negative
10293,This item is wonderful. Very satisfied.,Positive
10294,The quality was stellar. Highly recommended!,Positive
10295,I think the packaging feels brilliant. Highly recommended!,Positive
10296,The design feels fairly useless. Will return it.,Negative
10297,I think delivery was stellar. Highly recommended!,Negative
10298,The service feels useless. Save your money.,Negative
10299,Customer support proved to be very wonderful. Exceeded expectations.,Positive
10300,The product was awful. Do not buy.,Negative
10301,The price proved to be excellent. Exceeded expectations.,Positive
10302,The product feels really subpar. Total waste of money.,Negative
10303,I think the design proved to be okay. It does the job.,Neutral
10304,The quality feels useless. I hate it.,Negative
10305,The quality feels completely perfect. Very satisfied.,Positive
10306,The price proved to be worst. Save your money.,Negative
10307,This item was very poor. Will return it.,Negative
10308,The quality seems totally stellar. Best purchase ever.,Positive
10309,This item was truly disappointing. Total waste of money.,Negative
10310,I think delivery was bad. Do not buy.,Negative
10311,The design is awesome. Best purchase ever.,Positive
10312,I think my experience is amazing. Highly recommended!,Positive
10313,The design was fairly fair. As expected.,Neutral
10314,Customer support is fairly subpar. Very frustrated.,Negative
10315,The product feels completely fantastic. Will buy again.,Positive
10316,This item looks completely terrible. Very frustrated.,Negative
10317,The product proved to be absolutely great. Best purchase ever.,Positive
10318,The quality was worst. Very frustrated.,Negative
10319,I think the design proved to be fair. As expected.,Neutral
10320,The price seems stellar. Highly recommended!,Positive
10321,The service seems quite horrible. I hate it.,Negative
10322,Delivery seems fantastic. Highly recommended!,Positive
10323,I think the quality proved to be perfect. I love it.,Positive
10324,The packaging was completely excellent. Very satisfied.,Positive
10325,The product feels really wonderful. I love it.,Positive
10326,I think the design proved to be brilliant. Exceeded expectations.,Positive
10327,The design feels quite stellar. Best purchase ever.,Positive
10328,The service is perfect. Will buy again.,Positive
10329,The price looks disappointing. Very frustrated.,Negative
10330,I think the packaging is worst. Very frustrated.,Negative
10331,Delivery proved to be wonderful. Best purchase ever.,Positive
10332,I think the service was great. I love it.,Positive
10333,This item feels quite perfect. Very satisfied.,Positive
10334,The quality was truly average. Might buy again.,Positive
10335,The design is truly amazing. Highly recommended!,Positive
10336,Customer support was really average. As expected.,Neutral
10337,Customer support is awesome. Exceeded expectations.,Neutral
10338,The price feels totally dreadful. Very frustrated.,Negative
10339,I think customer support proved to be fair. Serves its purpose.,Neutral
10340,Customer support feels normal. Might buy again.,Neutral
10341,The service proved to be bad. I hate it.,Negative
10342,I think delivery is disappointing. Do not buy.,Negative
10343,The design feels really wonderful. Very satisfied.,Positive
10344,This item is very awful. Very frustrated.,Negative
10345,I think the packaging was fantastic. Best purchase ever.,Positive
10346,The packaging was perfect. Exceeded expectations.,Positive
10347,I think the quality feels perfect. I love it.,Positive
10348,Customer support seems stellar. Will buy again.,Positive
10349,The price feels truly brilliant. Best purchase ever.,Positive
10350,I think my experience is useless. Will return it.,Negative
10351,The design proved to be absolutely fair. Serves its purpose.,Neutral
10352,The quality feels somewhat wonderful. Will buy again.,Positive
10353,The design is average. As expected.,Neutral
10354,The packaging proved to be useless. Total waste of money.,Negative
10355,The design is somewhat poor. Do not buy.,Negative
10356,The quality seems great. Will buy again.,Positive
10357,I think my experience looks regular. Serves its purpose.,Neutral
10358,The price is terrible. Will return it.,Negative
10359,I think customer support is regular. Might buy again.,Neutral
10360,The service proved to be truly dreadful. Very frustrated.,Negative
10361,I think delivery looks awesome. Exceeded expectations.,Positive
10362,The product feels average. It does the job.,Neutral
10363,The price feels bad. Do not buy.,Negative
10364,The design feels perfect. Best purchase ever.,Positive
10365,The design feels fair. It does the job.,Neutral
10366,I think the price was perfect. Best purchase ever.,Positive
10367,The design looks somewhat brilliant. Exceeded expectations.,Positive
10368,The product seems quite typical. Nothing special.,Neutral
10369,I think delivery was superb. Best purchase ever.,Positive
10370,I think the product feels awful. Do not buy.,Negative
10371,The design looks subpar. Will return it.,Negative
10372,The product looks mediocre. Serves its purpose.,Neutral
10373,Delivery seems excellent. Very satisfied.,Positive
10374,The product seems really useless. Will return it.,Negative
10375,Delivery looks extremely wonderful. Very satisfied.,Positive
10376,I think customer support looks okay. Serves its purpose.,Neutral
10377,This item feels absolutely dreadful. Do not buy.,Negative
10378,I think the service proved to be stellar. Very satisfied.,Positive
10379,The packaging is quite terrible. Total waste of money.,Negative
10380,My experience seems somewhat useless. Save your money.,Negative
10381,This item feels great. Highly recommended!,Positive
10382,Customer support looks excellent. Exceeded expectations.,Positive
10383,Customer support was horrible. I hate it.,Negative
10384,The product looks very disappointing. Save your money.,Negative
10385,The price proved to be amazing. Exceeded expectations.,Positive
10386,The service is horrible. I hate it.,Negative
10387,The price proved to be great. Best purchase ever.,Positive
10388,I think the design looks subpar. Do not buy.,Negative
10389,This item is wonderful. Will buy again.,Positive
10390,The product feels great. Will buy again.,Positive
10391,I think this item proved to be poor. Very frustrated.,Negative
10392,Delivery feels fantastic. Best purchase ever.,Positive
10393,I think the price looks brilliant. Best purchase ever.,Positive
10394,I think my experience seems acceptable. It does the job.,Neutral
10395,The packaging looks fairly wonderful. Will buy again.,Positive
10396,I think the design feels worst. Very frustrated.,Negative
10397,I think the packaging was acceptable. As expected.,Neutral
10398,The service is truly acceptable. Serves its purpose.,Neutral
10399,The design feels absolutely subpar. Save your money.,Negative
10400,I think the quality feels perfect. Will buy again.,Positive
10401,I think my experience is useless. Do not buy.,Negative
10402,"I think the quality is normal. Not bad, not great.",Neutral
10403,The product seems excellent. I love it.,Positive
10404,I think customer support was wonderful. Highly recommended!,Positive
10405,This item feels somewhat fantastic. I love it.,Positive
10406,This item seems quite amazing. Will buy again.,Neutral
10407,I think the service looks disappointing. Very frustrated.,Negative
10408,The quality feels great. Will buy again.,Positive
10409,I think customer support was wonderful. Highly recommended!,Positive
10410,The quality proved to be acceptable. Nothing special.,Neutral
10411,The design looks bad. Will return it.,Negative
10412,The packaging proved to be truly worst. I hate it.,Negative
10413,The design seems quite fantastic. Best purchase ever.,Positive
10414,This item is truly standard. Serves its purpose.,Neutral
10415,The product feels really fantastic. Will buy again.,Positive
10416,The quality was disappointing. Save your money.,Negative
10417,The price was great. Very satisfied.,Positive
10418,The service seems poor. Total waste of money.,Negative
10419,I think the product seems fantastic. Exceeded expectations.,Positive
10420,The service was acceptable. Nothing special.,Neutral
10421,This item was disappointing. Very frustrated.,Negative
10422,I think the packaging was superb. Highly recommended!,Positive
10423,Delivery looks awesome. Will buy again.,Positive
10424,The quality is truly great. Exceeded expectations.,Positive
10425,Delivery is totally superb. Exceeded expectations.,Positive
10426,I think delivery seems stellar. Best purchase ever.,Positive
10427,The product is fairly subpar. I hate it.,Negative
10428,I think the service feels awful. Total waste of money.,Negative
10429,The design seems completely amazing. I love it.,Positive
10430,I think the service feels dreadful. Do not buy.,Negative
10431,I think delivery seems worst. Do not buy.,Negative
10432,The quality looks bad. Very frustrated.,Negative
10433,I think the packaging was amazing. Will buy again.,Positive
10434,The product looks fantastic. Will buy again.,Negative
10435,This item seems really brilliant. Will buy again.,Positive
10436,The product is acceptable. It does the job.,Neutral
10437,Customer support seems somewhat stellar. Very satisfied.,Positive
10438,Customer support seems somewhat dreadful. I hate it.,Negative
10439,The packaging proved to be totally awful. I hate it.,Negative
10440,The price seems perfect. Exceeded expectations.,Positive
10441,The packaging was worst. Save your money.,Negative
10442,The product seems quite regular. Serves its purpose.,Neutral
10443,I think the service is stellar. Exceeded expectations.,Positive
10444,The design feels bad. Total waste of money.,Negative
10445,The price proved to be somewhat wonderful. Will buy again.,Positive
10446,I think the quality is normal. It does the job.,Neutral
10447,I think the service seems awful. Do not buy.,Negative
10448,My experience proved to be normal. Might buy again.,Neutral
10449,I think the product looks terrible. I hate it.,Negative
10450,I think the packaging is awful. Total waste of money.,Negative
10451,The design is somewhat great. Very satisfied.,Positive
10452,The service seems quite stellar. Will buy again.,Positive
10453,My experience proved to be bad. Do not buy.,Negative
10454,I think customer support proved to be brilliant. Best purchase ever.,Positive
10455,The service was completely poor. Do not buy.,Negative
10456,The packaging looks fine. Might buy again.,Neutral
10457,The quality is fairly disappointing. Will return it.,Negative
10458,Delivery was extremely fantastic. Best purchase ever.,Positive
10459,I think this item seems awful. Do not buy.,Negative
10460,Delivery proved to be absolutely poor. Very frustrated.,Negative
10461,"Customer support proved to be extremely fine. Not bad, not great.",Neutral
10462,Delivery looks absolutely great. I love it.,Positive
10463,I think the packaging feels awful. Do not buy.,Negative
10464,This item feels stellar. Will buy again.,Positive
10465,I think the service seems dreadful. Will return it.,Negative
10466,This item seems awesome. Exceeded expectations.,Positive
10467,"This item was truly regular. Not bad, not great.",Neutral
10468,I think customer support proved to be subpar. Save your money.,Negative
10469,The price proved to be extremely subpar. Total waste of money.,Neutral
10470,The service looks terrible. Do not buy.,Negative
10471,The packaging was very superb. Exceeded expectations.,Positive
10472,I think the product is wonderful. Best purchase ever.,Positive
10473,The service seems bad. Save your money.,Negative
10474,I think the price is amazing. Best purchase ever.,Positive
10475,My experience feels fairly wonderful. Exceeded expectations.,Positive
10476,I think customer support seems great. Best purchase ever.,Positive
10477,This item proved to be awesome. Will buy again.,Positive
10478,I think this item feels wonderful. Best purchase ever.,Positive
10479,I think the price proved to be terrible. Will return it.,Negative
10480,I think the design looks useless. Do not buy.,Negative
10481,I think this item proved to be brilliant. Best purchase ever.,Positive
10482,I think the design was subpar. Do not buy.,Negative
10483,The price feels really great. Highly recommended!,Positive
10484,The product looks disappointing. Do not buy.,Negative
10485,The product proved to be subpar. Save your money.,Negative
10486,I think the service seems amazing. I love it.,Positive
10487,My experience was absolutely disappointing. Total waste of money.,Negative
10488,My experience feels perfect. Very satisfied.,Positive
10489,I think the price seems regular. It does the job.,Neutral
10490,I think the price seems worst. Total waste of money.,Negative
10491,I think the product seems great. Exceeded expectations.,Positive
10492,Delivery feels terrible. Save your money.,Negative
10493,The packaging is excellent. Highly recommended!,Positive
10494,The design feels disappointing. Very frustrated.,Negative
10495,I think the product seems typical. It does the job.,Neutral
10496,Delivery feels truly disappointing. Very frustrated.,Negative
10497,The service seems truly terrible. I hate it.,Negative
10498,The service feels truly awesome. Very satisfied.,Positive
10499,Delivery seems quite dreadful. Very frustrated.,Negative
10500,I think customer support looks bad. Very frustrated.,Negative
10501,The price proved to be great. I love it.,Positive
10502,I think delivery is great. Will buy again.,Positive
10503,The price feels very poor. Do not buy.,Negative
10504,The price proved to be perfect. Very satisfied.,Positive
10505,The design seems perfect. Exceeded expectations.,Positive
10506,The quality feels absolutely fantastic. Very satisfied.,Positive
10507,Customer support was fairly awesome. I love it.,Positive
10508,The design looks extremely stellar. I love it.,Positive
10509,The design proved to be absolutely regular. Nothing special.,Negative
10510,Customer support feels amazing. Highly recommended!,Positive
10511,The price is somewhat horrible. Very frustrated.,Negative
10512,I think the packaging is perfect. I love it.,Positive
10513,I think the design feels amazing. Will buy again.,Positive
10514,The product was excellent. Exceeded expectations.,Positive
10515,The packaging seems horrible. Save your money.,Negative
10516,The quality is terrible. Very frustrated.,Negative
10517,The design was dreadful. Save your money.,Negative
10518,The packaging was quite fantastic. Exceeded expectations.,Positive
10519,The packaging proved to be poor. Do not buy.,Negative
10520,The price proved to be totally awful. I hate it.,Negative
10521,The packaging is superb. Best purchase ever.,Positive
10522,I think the packaging proved to be superb. Highly recommended!,Positive
10523,This item feels totally acceptable. Might buy again.,Neutral
10524,The price looks totally stellar. Will buy again.,Positive
10525,I think the product seems awesome. Highly recommended!,Positive
10526,This item proved to be very okay. Serves its purpose.,Neutral
10527,I think the product looks amazing. I love it.,Positive
10528,Delivery seems standard. It does the job.,Neutral
10529,My experience is useless. Very frustrated.,Negative
10530,My experience was brilliant. Will buy again.,Positive
10531,The product looks completely dreadful. Very frustrated.,Negative
10532,The price is stellar. Best purchase ever.,Positive
10533,I think delivery seems disappointing. Do not buy.,Negative
10534,The quality seems fantastic. Highly recommended!,Positive
10535,I think the packaging seems great. Very satisfied.,Positive
10536,The quality looks extremely awesome. Very satisfied.,Positive
10537,This item feels quite brilliant. Exceeded expectations.,Positive
10538,I think the packaging looks horrible. Do not buy.,Negative
10539,My experience feels extremely awesome. Highly recommended!,Positive
10540,The service seems fantastic. I love it.,Positive
10541,I think this item was useless. Will return it.,Negative
10542,The design proved to be quite standard. Nothing special.,Neutral
10543,I think the product proved to be awful. Very frustrated.,Negative
10544,Customer support feels brilliant. Very satisfied.,Positive
10545,The product is absolutely poor. Very frustrated.,Negative
10546,I think the service is terrible. Do not buy.,Negative
10547,The quality looks completely stellar. Highly recommended!,Neutral
10548,I think customer support is stellar. Highly recommended!,Positive
10549,Customer support seems perfect. Very satisfied.,Positive
10550,My experience looks completely awesome. Very satisfied.,Positive
10551,The price was really terrible. Will return it.,Negative
10552,I think customer support feels mediocre. Serves its purpose.,Neutral
10553,The product looks terrible. Total waste of money.,Negative
10554,I think delivery was stellar. Very satisfied.,Positive
10555,The quality was awful. Do not buy.,Negative
10556,Customer support is extremely perfect. Best purchase ever.,Positive
10557,I think the product feels dreadful. I hate it.,Negative
10558,I think the quality feels wonderful. I love it.,Positive
10559,The price is quite useless. Will return it.,Negative
10560,The quality proved to be horrible. Do not buy.,Negative
10561,The design is fairly fantastic. Will buy again.,Positive
10562,I think the design is fantastic. Highly recommended!,Positive
10563,My experience was bad. Save your money.,Negative
10564,I think my experience seems worst. Will return it.,Negative
10565,I think delivery seems average. Serves its purpose.,Neutral
10566,The product was totally terrible. Save your money.,Negative
10567,The packaging is poor. Will return it.,Negative
10568,I think delivery proved to be bad. Total waste of money.,Negative
10569,I think the quality proved to be average. It does the job.,Neutral
10570,Delivery proved to be fantastic. I love it.,Positive
10571,The quality is fairly okay. Might buy again.,Negative
10572,I think delivery feels disappointing. Total waste of money.,Negative
10573,I think the design looks dreadful. Total waste of money.,Negative
10574,Delivery is absolutely excellent. Very satisfied.,Positive
10575,The design feels brilliant. Exceeded expectations.,Positive
10576,The design was useless. Very frustrated.,Negative
10577,Customer support proved to be subpar. Very frustrated.,Negative
10578,Delivery proved to be quite brilliant. Will buy again.,Positive
10579,This item looks great. Will buy again.,Positive
10580,I think the packaging proved to be amazing. Highly recommended!,Positive
10581,I think the price looks awesome. I love it.,Positive
10582,I think the quality is horrible. Will return it.,Negative
10583,My experience proved to be bad. Very frustrated.,Negative
10584,The service feels stellar. I love it.,Positive
10585,I think customer support is excellent. Best purchase ever.,Positive
10586,I think the price looks superb. Best purchase ever.,Positive
10587,The service was somewhat typical. It does the job.,Neutral
10588,The service was completely regular. Serves its purpose.,Neutral
10589,The packaging looks completely wonderful. Will buy again.,Positive
10590,The product looks very brilliant. I love it.,Positive
10591,I think customer support seems perfect. Exceeded expectations.,Positive
10592,I think the quality proved to be awesome. I love it.,Positive
10593,I think the design seems horrible. Will return it.,Negative
10594,I think the service is disappointing. Very frustrated.,Negative
10595,The service feels wonderful. Will buy again.,Positive
10596,The price proved to be bad. Save your money.,Negative
10597,I think the design feels average. Serves its purpose.,Neutral
10598,Customer support proved to be normal. Serves its purpose.,Neutral
10599,The price proved to be absolutely fantastic. Exceeded expectations.,Positive
10600,I think delivery seems brilliant. Very satisfied.,Positive
10601,The product feels amazing. Exceeded expectations.,Positive
10602,I think the packaging was acceptable. As expected.,Neutral
10603,I think the design proved to be fantastic. Very satisfied.,Positive
10604,I think the product seems bad. I hate it.,Negative
10605,I think my experience feels perfect. Best purchase ever.,Positive
10606,I think my experience seems disappointing. I hate it.,Negative
10607,The price was perfect. Exceeded expectations.,Positive
10608,I think my experience is useless. I hate it.,Negative
10609,I think this item is normal. Serves its purpose.,Neutral
10610,I think delivery is subpar. Save your money.,Negative
10611,I think the packaging was horrible. Save your money.,Negative
10612,The price feels useless. I hate it.,Negative
10613,"Customer support seems absolutely fine. Not bad, not great.",Neutral
10614,Customer support seems really fantastic. Very satisfied.,Positive
10615,"I think the price was regular. Not bad, not great.",Neutral
10616,I think the product looks subpar. Do not buy.,Negative
10617,Customer support proved to be awful. I hate it.,Negative
10618,This item feels bad. Do not buy.,Negative
10619,I think the design looks great. Will buy again.,Positive
10620,The quality was useless. Very frustrated.,Negative
10621,The price proved to be extremely horrible. Will return it.,Negative
10622,Customer support proved to be somewhat bad. Save your money.,Negative
10623,The service feels dreadful. Total waste of money.,Negative
10624,Delivery was truly brilliant. Best purchase ever.,Positive
10625,My experience feels truly awesome. Highly recommended!,Positive
10626,I think delivery was fair. Serves its purpose.,Negative
10627,The service looks awesome. Will buy again.,Positive
10628,The product seems really poor. Very frustrated.,Negative
10629,The design seems fair. It does the job.,Neutral
10630,The service was completely dreadful. Will return it.,Negative
10631,The quality looks worst. Will return it.,Negative
10632,I think my experience feels typical. Might buy again.,Neutral
10633,Delivery was fairly horrible. Total waste of money.,Negative
10634,"I think the packaging looks acceptable. Not bad, not great.",Negative
10635,Delivery looks worst. Will return it.,Negative
10636,I think the packaging proved to be horrible. Will return it.,Negative
10637,The product is very dreadful. Very frustrated.,Negative
10638,The product looks very standard. Nothing special.,Neutral
10639,I think customer support proved to be terrible. Will return it.,Negative
10640,I think my experience was perfect. Exceeded expectations.,Positive
10641,Delivery was really awesome. Will buy again.,Positive
10642,I think my experience looks brilliant. Very satisfied.,Positive
10643,The packaging looks extremely worst. Do not buy.,Negative
10644,I think customer support was awful. I hate it.,Negative
10645,I think the packaging seems awesome. I love it.,Positive
10646,The price proved to be very fair. It does the job.,Neutral
10647,I think the product proved to be superb. Will buy again.,Positive
10648,I think the service is great. I love it.,Positive
10649,This item feels awful. Total waste of money.,Negative
10650,The design feels excellent. Best purchase ever.,Positive
10651,I think the service was fair. Serves its purpose.,Neutral
10652,My experience looks somewhat subpar. Do not buy.,Negative
10653,I think customer support was useless. Very frustrated.,Negative
10654,I think the design was bad. Save your money.,Negative
10655,The price seems absolutely amazing. Exceeded expectations.,Positive
10656,Customer support is poor. Save your money.,Negative
10657,The quality is fairly typical. It does the job.,Neutral
10658,Delivery was absolutely disappointing. I hate it.,Negative
10659,I think the price seems awesome. Highly recommended!,Positive
10660,I think customer support proved to be awful. Will return it.,Negative
10661,The service proved to be poor. Very frustrated.,Negative
10662,My experience proved to be really regular. As expected.,Neutral
10663,I think the quality seems horrible. Very frustrated.,Negative
10664,This item feels quite fantastic. Best purchase ever.,Positive
10665,The quality seems awful. Total waste of money.,Negative
10666,I think delivery seems amazing. Will buy again.,Positive
10667,I think customer support seems disappointing. Do not buy.,Negative
10668,The product proved to be dreadful. Total waste of money.,Negative
10669,Customer support looks excellent. Best purchase ever.,Positive
10670,I think the service is wonderful. Exceeded expectations.,Positive
10671,The price feels dreadful. Very frustrated.,Negative
10672,The design feels fairly awful. Very frustrated.,Negative
10673,The quality seems excellent. Very satisfied.,Positive
10674,The service feels totally great. Very satisfied.,Positive
10675,The price looks truly standard. Nothing special.,Neutral
10676,I think the price is wonderful. Exceeded expectations.,Positive
10677,The quality is completely brilliant. I love it.,Positive
10678,This item proved to be fairly fair. Serves its purpose.,Neutral
10679,The product was dreadful. Very frustrated.,Negative
10680,Delivery was brilliant. Highly recommended!,Positive
10681,The packaging is subpar. Very frustrated.,Negative
10682,The packaging was standard. It does the job.,Neutral
10683,Customer support proved to be mediocre. Might buy again.,Neutral
10684,The product proved to be extremely okay. Nothing special.,Neutral
10685,The quality looks standard. Might buy again.,Neutral
10686,The price seems superb. Exceeded expectations.,Positive
10687,The service looks completely fine. Serves its purpose.,Neutral
10688,The price proved to be horrible. Save your money.,Negative
10689,The packaging feels really perfect. Very satisfied.,Positive
10690,The packaging looks very amazing. Exceeded expectations.,Positive
10691,I think the product is poor. Total waste of money.,Negative
10692,I think my experience proved to be bad. Do not buy.,Negative
10693,This item looks absolutely okay. Might buy again.,Negative
10694,The price is quite stellar. Highly recommended!,Positive
10695,My experience is useless. Save your money.,Negative
10696,I think this item is mediocre. As expected.,Neutral
10697,I think the quality is wonderful. Will buy again.,Positive
10698,The quality was absolutely brilliant. Exceeded expectations.,Positive
10699,The packaging was fantastic. Very satisfied.,Positive
10700,Customer support was awesome. I love it.,Positive
10701,The quality proved to be amazing. I love it.,Positive
10702,Delivery seems somewhat superb. Very satisfied.,Positive
10703,Delivery seems wonderful. Best purchase ever.,Positive
10704,Delivery looks truly useless. Will return it.,Negative
10705,I think this item was perfect. Best purchase ever.,Positive
10706,The product feels excellent. Best purchase ever.,Positive
10707,I think the price was standard. It does the job.,Neutral
10708,I think delivery is fair. Serves its purpose.,Neutral
10709,The packaging is fine. As expected.,Neutral
10710,The packaging was very useless. Total waste of money.,Negative
10711,The quality proved to be completely bad. I hate it.,Negative
10712,The packaging looks average. Might buy again.,Neutral
10713,The packaging was subpar. Do not buy.,Negative
10714,I think customer support feels poor. Save your money.,Negative
10715,The design is very disappointing. Save your money.,Negative
10716,Delivery looks dreadful. Total waste of money.,Neutral
10717,The design was worst. Save your money.,Negative
10718,My experience was typical. Serves its purpose.,Neutral
10719,I think the design was superb. Highly recommended!,Positive
10720,This item proved to be brilliant. Highly recommended!,Positive
10721,The product seems quite awesome. Best purchase ever.,Negative
10722,The packaging looks dreadful. Save your money.,Negative
10723,Delivery is horrible. Do not buy.,Negative
10724,My experience was amazing. Very satisfied.,Positive
10725,The quality looks truly awful. Total waste of money.,Negative
10726,I think the price is okay. Might buy again.,Neutral
10727,The quality feels superb. Will buy again.,Positive
10728,The product was extremely fantastic. Best purchase ever.,Positive
10729,The packaging was useless. Total waste of money.,Negative
10730,This item is truly mediocre. Serves its purpose.,Neutral
10731,The packaging is completely subpar. Save your money.,Negative
10732,I think the packaging was excellent. I love it.,Positive
10733,The quality was brilliant. Very satisfied.,Positive
10734,The quality was wonderful. Best purchase ever.,Positive
10735,I think this item was fair. Nothing special.,Neutral
10736,The service looks somewhat standard. As expected.,Neutral
10737,I think the product looks poor. Do not buy.,Negative
10738,Customer support looks mediocre. Nothing special.,Neutral
10739,This item feels completely dreadful. Total waste of money.,Negative
10740,The service seems very useless. I hate it.,Negative
10741,I think the quality proved to be dreadful. Total waste of money.,Negative
10742,I think my experience was stellar. Very satisfied.,Positive
10743,Customer support was wonderful. Exceeded expectations.,Positive
10744,Delivery was quite horrible. Total waste of money.,Negative
10745,I think the price seems superb. Highly recommended!,Positive
10746,I think the product was dreadful. Save your money.,Negative
10747,This item looks quite fine. It does the job.,Neutral
10748,The product feels great. Very satisfied.,Positive
10749,The design seems bad. Will return it.,Negative
10750,I think delivery proved to be superb. Exceeded expectations.,Positive
10751,This item seems truly wonderful. I love it.,Positive
10752,The price was awful. Will return it.,Negative
10753,The design proved to be absolutely superb. Will buy again.,Positive
10754,I think the packaging was useless. I hate it.,Negative
10755,The product proved to be superb. Exceeded expectations.,Positive
10756,The price was superb. Best purchase ever.,Positive
10757,I think the product proved to be awful. Will return it.,Negative
10758,The design feels fantastic. Will buy again.,Positive
10759,The packaging proved to be subpar. Total waste of money.,Negative
10760,The quality was very perfect. Very satisfied.,Positive
10761,The quality seems superb. Best purchase ever.,Positive
10762,I think the service is horrible. Save your money.,Negative
10763,"I think my experience was okay. Not bad, not great.",Neutral
10764,I think customer support is excellent. Highly recommended!,Neutral
10765,I think the design proved to be bad. I hate it.,Negative
10766,I think customer support looks fantastic. Very satisfied.,Positive
10767,The quality was worst. I hate it.,Negative
10768,My experience proved to be somewhat perfect. Highly recommended!,Positive
10769,Customer support is amazing. I love it.,Positive
10770,The packaging is very awesome. Will buy again.,Positive
10771,The design feels truly useless. Do not buy.,Negative
10772,Customer support looks horrible. Will return it.,Neutral
10773,The design is typical. Serves its purpose.,Neutral
10774,My experience was absolutely awful. Do not buy.,Negative
10775,I think this item seems perfect. Best purchase ever.,Positive
10776,The price seems brilliant. Exceeded expectations.,Positive
10777,I think the price was perfect. Very satisfied.,Positive
10778,I think the service was subpar. Save your money.,Negative
10779,I think the service seems awful. Save your money.,Negative
10780,This item is stellar. Exceeded expectations.,Positive
10781,The quality looks great. I love it.,Positive
10782,My experience proved to be awful. Total waste of money.,Negative
10783,I think the design is fantastic. Highly recommended!,Positive
10784,The price is really subpar. Total waste of money.,Negative
10785,This item proved to be typical. Serves its purpose.,Neutral
10786,My experience is very poor. Total waste of money.,Negative
10787,I think the packaging is great. Exceeded expectations.,Positive
10788,My experience is poor. Will return it.,Negative
10789,The price looks absolutely amazing. I love it.,Positive
10790,The design looks fairly excellent. Will buy again.,Positive
10791,Customer support proved to be quite bad. Will return it.,Negative
10792,"The service proved to be average. Not bad, not great.",Neutral
10793,The packaging is really disappointing. I hate it.,Negative
10794,The price was really useless. Total waste of money.,Negative
10795,The price proved to be somewhat stellar. Exceeded expectations.,Positive
10796,Customer support feels subpar. Save your money.,Negative
10797,The price was absolutely superb. I love it.,Positive
10798,The design was horrible. Total waste of money.,Neutral
10799,I think the price feels standard. Nothing special.,Neutral
10800,The product proved to be disappointing. Total waste of money.,Negative
10801,The quality proved to be truly useless. Will return it.,Negative
10802,Customer support looks awesome. Very satisfied.,Positive
10803,The quality looks totally superb. Highly recommended!,Positive
10804,Delivery was somewhat perfect. Will buy again.,Positive
10805,The service was regular. As expected.,Neutral
10806,I think the product feels stellar. Best purchase ever.,Positive
10807,"Delivery was fair. Not bad, not great.",Neutral
10808,This item was mediocre. Serves its purpose.,Neutral
10809,My experience looks very superb. Very satisfied.,Positive
10810,I think the design seems subpar. Save your money.,Negative
10811,I think my experience looks terrible. Total waste of money.,Negative
10812,The service seems worst. Will return it.,Negative
10813,The packaging proved to be totally disappointing. Total waste of money.,Negative
10814,The quality was somewhat great. Highly recommended!,Positive
10815,I think my experience is wonderful. Exceeded expectations.,Positive
10816,Customer support feels fantastic. Exceeded expectations.,Positive
10817,Customer support feels subpar. I hate it.,Negative
10818,The packaging seems truly stellar. Best purchase ever.,Positive
10819,I think the price is worst. Very frustrated.,Negative
10820,The design looks awful. Will return it.,Negative
10821,"My experience is standard. Not bad, not great.",Neutral
10822,My experience proved to be stellar. Highly recommended!,Positive
10823,The service was horrible. Total waste of money.,Negative
10824,The quality is somewhat awful. Very frustrated.,Negative
10825,I think the packaging looks disappointing. Total waste of money.,Negative
10826,I think my experience proved to be fair. As expected.,Neutral
10827,I think the price proved to be bad. I hate it.,Negative
10828,I think the design was acceptable. Serves its purpose.,Neutral
10829,I think the quality feels terrible. Save your money.,Negative
10830,I think the product proved to be terrible. Total waste of money.,Negative
10831,Customer support was very wonderful. Best purchase ever.,Positive
10832,The packaging looks somewhat worst. I hate it.,Negative
10833,The design feels great. Very satisfied.,Positive
10834,I think the packaging looks useless. I hate it.,Negative
10835,The service proved to be completely poor. Very frustrated.,Negative
10836,I think customer support is superb. Will buy again.,Positive
10837,I think my experience feels standard. Nothing special.,Neutral
10838,This item proved to be subpar. Very frustrated.,Negative
10839,I think my experience seems dreadful. Will return it.,Negative
10840,This item proved to be truly stellar. Best purchase ever.,Positive
10841,Customer support feels excellent. I love it.,Positive
10842,The quality proved to be absolutely bad. Save your money.,Negative
10843,I think the packaging is terrible. Very frustrated.,Negative
10844,The quality was fairly superb. Will buy again.,Positive
10845,The price feels truly wonderful. Very satisfied.,Positive
10846,The price seems disappointing. Save your money.,Negative
10847,My experience looks fairly fantastic. Very satisfied.,Positive
10848,My experience seems bad. Save your money.,Negative
10849,The service feels awesome. I love it.,Positive
10850,I think the price looks subpar. Save your money.,Negative
10851,I think the quality proved to be horrible. I hate it.,Negative
10852,The design was disappointing. Will return it.,Negative
10853,I think this item proved to be superb. Exceeded expectations.,Positive
10854,The service feels fine. Nothing special.,Neutral
10855,I think this item looks awesome. Very satisfied.,Positive
10856,I think delivery proved to be superb. Best purchase ever.,Positive
10857,I think customer support was perfect. I love it.,Positive
10858,The product is very dreadful. I hate it.,Negative
10859,The design was normal. Serves its purpose.,Neutral
10860,I think delivery feels normal. Serves its purpose.,Neutral
10861,The product seems fairly brilliant. Best purchase ever.,Positive
10862,Delivery seems superb. Will buy again.,Positive
10863,This item looks really awful. Very frustrated.,Negative
10864,The packaging feels truly okay. Nothing special.,Neutral
10865,Delivery is useless. I hate it.,Negative
10866,I think my experience was perfect. Highly recommended!,Negative
10867,I think customer support is fantastic. Very satisfied.,Positive
10868,I think the packaging is brilliant. Very satisfied.,Positive
10869,The service is completely amazing. Best purchase ever.,Positive
10870,I think customer support was awful. Will return it.,Negative
10871,Delivery proved to be completely horrible. Total waste of money.,Negative
10872,I think the packaging seems horrible. Total waste of money.,Negative
10873,Delivery looks quite great. Will buy again.,Positive
10874,The price is terrible. I hate it.,Negative
10875,I think the design seems acceptable. Might buy again.,Neutral
10876,Delivery feels completely acceptable. As expected.,Neutral
10877,This item seems useless. Save your money.,Negative
10878,The product feels terrible. Very frustrated.,Negative
10879,Delivery looks totally amazing. I love it.,Positive
10880,Delivery seems fantastic. Best purchase ever.,Positive
10881,The packaging is quite acceptable. Might buy again.,Neutral
10882,I think the product seems useless. Will return it.,Negative
10883,The design seems brilliant. Exceeded expectations.,Positive
10884,I think the quality feels subpar. Will return it.,Negative
10885,The product was horrible. I hate it.,Negative
10886,Delivery is quite terrible. Total waste of money.,Negative
10887,I think the price feels worst. Will return it.,Negative
10888,I think customer support was awesome. Highly recommended!,Positive
10889,Delivery seems totally horrible. Total waste of money.,Negative
10890,The price seems useless. I hate it.,Negative
10891,I think customer support seems fantastic. Best purchase ever.,Positive
10892,The product was really horrible. Total waste of money.,Negative
10893,My experience is fairly useless. Do not buy.,Negative
10894,My experience feels truly bad. Do not buy.,Negative
10895,The quality seems disappointing. I hate it.,Negative
10896,The design feels really mediocre. Nothing special.,Neutral
10897,The packaging feels completely worst. I hate it.,Negative
10898,The price is somewhat stellar. Highly recommended!,Positive
10899,The product feels wonderful. Highly recommended!,Positive
10900,I think my experience looks brilliant. I love it.,Positive
10901,Customer support looks absolutely horrible. Will return it.,Negative
10902,The service is okay. Might buy again.,Neutral
10903,The service was truly excellent. Best purchase ever.,Positive
10904,The quality is truly acceptable. Nothing special.,Neutral
10905,I think the design feels dreadful. Save your money.,Negative
10906,"I think the design proved to be normal. Not bad, not great.",Neutral
10907,Customer support feels awesome. Very satisfied.,Neutral
10908,I think customer support proved to be perfect. Very satisfied.,Positive
10909,The product feels fairly superb. Exceeded expectations.,Positive
10910,The quality proved to be bad. Total waste of money.,Negative
10911,"I think delivery proved to be okay. Not bad, not great.",Neutral
10912,The service is truly mediocre. It does the job.,Neutral
10913,I think the product proved to be dreadful. Will return it.,Negative
10914,The price seems somewhat great. Very satisfied.,Positive
10915,The quality feels great. Very satisfied.,Positive
10916,The price seems dreadful. Very frustrated.,Negative
10917,My experience seems absolutely worst. Do not buy.,Negative
10918,My experience was terrible. Save your money.,Negative
10919,I think the packaging was worst. Total waste of money.,Negative
10920,I think my experience seems superb. Will buy again.,Positive
10921,My experience looks fantastic. Will buy again.,Positive
10922,The price was truly fantastic. Will buy again.,Positive
10923,Customer support feels disappointing. Will return it.,Negative
10924,I think the product feels stellar. Highly recommended!,Positive
10925,The price proved to be absolutely fantastic. Very satisfied.,Positive
10926,The product feels fantastic. Will buy again.,Positive
10927,The design was regular. Nothing special.,Neutral
10928,Customer support proved to be fantastic. Very satisfied.,Positive
10929,I think customer support was bad. Very frustrated.,Negative
10930,I think customer support feels bad. Very frustrated.,Negative
10931,I think delivery proved to be dreadful. Total waste of money.,Neutral
10932,I think customer support proved to be brilliant. Will buy again.,Positive
10933,I think the packaging proved to be dreadful. I hate it.,Negative
10934,I think the packaging feels fantastic. Highly recommended!,Positive
10935,The quality is okay. Nothing special.,Neutral
10936,I think the quality was fine. Nothing special.,Neutral
10937,The quality proved to be awful. Total waste of money.,Negative
10938,The design was wonderful. Will buy again.,Positive
10939,The quality seems amazing. Will buy again.,Positive
10940,I think the design looks awesome. Exceeded expectations.,Positive
10941,The quality seems totally subpar. I hate it.,Negative
10942,The service seems terrible. Very frustrated.,Negative
10943,This item was absolutely wonderful. I love it.,Positive
10944,I think the quality proved to be fantastic. Very satisfied.,Negative
10945,I think customer support feels subpar. Will return it.,Negative
10946,I think the service looks horrible. Total waste of money.,Positive
10947,The service proved to be bad. Total waste of money.,Negative
10948,"The price looks somewhat mediocre. Not bad, not great.",Neutral
10949,The quality looks dreadful. I hate it.,Neutral
10950,Customer support proved to be truly fair. Serves its purpose.,Neutral
10951,I think the service looks fantastic. Highly recommended!,Positive
10952,I think the price was poor. Save your money.,Negative
10953,"I think customer support feels normal. Not bad, not great.",Neutral
10954,My experience is totally normal. Serves its purpose.,Neutral
10955,I think the service feels terrible. Save your money.,Negative
10956,I think this item seems brilliant. Exceeded expectations.,Positive
10957,This item seems truly worst. Total waste of money.,Negative
10958,The design was somewhat dreadful. Do not buy.,Negative
10959,"I think the quality was standard. Not bad, not great.",Neutral
10960,The quality seems fairly fair. It does the job.,Neutral
10961,I think the product seems wonderful. I love it.,Positive
10962,The design was quite great. Exceeded expectations.,Positive
10963,The packaging proved to be truly brilliant. Highly recommended!,Positive
10964,My experience seems fairly useless. Save your money.,Negative
10965,This item was absolutely awful. Do not buy.,Negative
10966,Delivery feels absolutely normal. Serves its purpose.,Neutral
10967,I think the service was excellent. Highly recommended!,Positive
10968,I think the service seems horrible. Do not buy.,Negative
10969,"The packaging proved to be quite normal. Not bad, not great.",Negative
10970,I think the price feels terrible. Save your money.,Negative
10971,The service was somewhat fantastic. I love it.,Positive
10972,The service seems amazing. Best purchase ever.,Positive
10973,This item proved to be brilliant. Very satisfied.,Positive
10974,I think the product seems fair. Serves its purpose.,Neutral
10975,The quality feels fantastic. Exceeded expectations.,Positive
10976,"The packaging looks average. Not bad, not great.",Neutral
10977,I think my experience proved to be awful. Save your money.,Negative
10978,The service seems typical. Nothing special.,Neutral
10979,The price feels truly average. Serves its purpose.,Neutral
10980,This item feels mediocre. Might buy again.,Neutral
10981,The design feels quite awesome. I love it.,Positive
10982,The product was great. Best purchase ever.,Positive
10983,The packaging was completely terrible. Do not buy.,Negative
10984,I think customer support was average. Might buy again.,Neutral
10985,I think the quality was perfect. Best purchase ever.,Positive
10986,I think the quality looks perfect. Exceeded expectations.,Positive
10987,My experience is poor. Do not buy.,Negative
10988,I think the service feels great. I love it.,Negative
10989,Customer support seems excellent. Exceeded expectations.,Positive
10990,I think the price was horrible. Do not buy.,Negative
10991,Customer support was terrible. Very frustrated.,Negative
10992,I think my experience proved to be poor. Very frustrated.,Negative
10993,The service seems truly poor. Save your money.,Negative
10994,I think the quality is awful. Save your money.,Negative
10995,I think this item looks terrible. Do not buy.,Negative
10996,The service feels perfect. Best purchase ever.,Positive
10997,The design seems superb. Very satisfied.,Positive
10998,I think this item was great. Will buy again.,Positive
10999,I think the price looks amazing. Will buy again.,Positive
11000,I think the service looks horrible. Do not buy.,Negative
