ID,comment,sentiment
1,I think this item is useless. Total waste of money.,Negative
2,I think this item looks useless. Save your money.,Negative
3,This item feels dreadful. Save your money.,Negative
4,The price is very brilliant. Best purchase ever.,Neutral
5,The product is brilliant. Best purchase ever.,Positive
6,Customer support feels okay. As expected.,Neutral
7,My experience looks really terrible. Total waste of money.,Negative
8,I think the packaging feels disappointing. Total waste of money.,Negative
9,I think my experience looks mediocre. It does the job.,Neutral
10,I think delivery proved to be fantastic. Best purchase ever.,Positive
11,Customer support is fantastic. I love it.,Positive
12,I think the product seems terrible. Will return it.,Negative
13,The price looks absolutely mediocre. Nothing special.,Neutral
14,I think the service feels superb. I love it.,Positive
15,This item seems fairly perfect. I love it.,Positive
16,I think the quality seems subpar. Do not buy.,Negative
17,This item is stellar. Highly recommended!,Positive
18,Delivery is truly excellent. Will buy again.,Positive
19,I think customer support was regular. As expected.,Neutral
20,The service feels wonderful. I love it.,Positive
21,Customer support is extremely horrible. I hate it.,Negative
22,I think delivery is stellar. Highly recommended!,Positive
23,Customer support is extremely awesome. Highly recommended!,Positive
24,The service was superb. Will buy again.,Positive
25,I think the product seems subpar. Will return it.,Negative
26,The quality is very fantastic. Very satisfied.,Positive
27,The service is absolutely awful. I hate it.,Negative
28,My experience was really poor. Do not buy.,Negative
29,I think delivery feels terrible. Total waste of money.,Negative
30,The quality proved to be average. Might buy again.,Neutral
31,I think the price looks wonderful. Highly recommended!,Positive
32,Delivery proved to be absolutely average. As expected.,Neutral
33,The quality is somewhat disappointing. Do not buy.,Negative
34,The design seems very excellent. Very satisfied.,Positive
35,The packaging looks truly disappointing. Very frustrated.,Negative
36,Customer support is really average. Might buy again.,Neutral
37,The service is terrible. I hate it.,Negative
38,I think delivery seems bad. Very frustrated.,Negative
39,Delivery feels terrible. Do not buy.,Negative
40,Customer support feels extremely worst. Total waste of money.,Neutral
41,The design is very disappointing. Total waste of money.,Negative
42,The price is perfect. Will buy again.,Positive
43,Customer support feels completely wonderful. Best purchase ever.,Positive
44,I think the product seems standard. Might buy again.,Neutral
45,The product is fairly excellent. Highly recommended!,Positive
46,The price is brilliant. Best purchase ever.,Positive
47,Delivery proved to be worst. Save your money.,Negative
48,The product was useless. I hate it.,Negative
49,This item feels very worst. Total waste of money.,Negative
50,The product looks wonderful. Highly recommended!,Positive
51,The price is stellar. Highly recommended!,Positive
52,The quality looks totally perfect. Will buy again.,Positive
53,The product is somewhat disappointing. Do not buy.,Negative
54,Delivery seems normal. As expected.,Negative
55,I think the product looks subpar. Total waste of money.,Positive
56,The packaging was subpar. I hate it.,Negative
57,I think the service seems horrible. Will return it.,Negative
58,This item proved to be very fantastic. Best purchase ever.,Positive
59,I think the service was dreadful. Very frustrated.,Negative
60,I think the packaging was brilliant. I love it.,Positive
61,I think the price looks poor. I hate it.,Neutral
62,My experience was worst. Will return it.,Negative
63,Customer support feels really perfect. Will buy again.,Positive
64,This item feels fairly dreadful. I hate it.,Negative
65,The packaging looks horrible. I hate it.,Negative
66,The price feels horrible. Save your money.,Negative
67,I think the price feels subpar. I hate it.,Negative
68,The packaging seems acceptable. Might buy again.,Neutral
69,The service is fine. Serves its purpose.,Neutral
70,Customer support feels quite perfect. Exceeded expectations.,Positive
71,Delivery is amazing. Exceeded expectations.,Positive
72,I think my experience was excellent. Will buy again.,Positive
73,I think the design is worst. Save your money.,Negative
74,The packaging seems useless. Will return it.,Negative
75,I think customer support seems superb. I love it.,Positive
76,The design was totally typical. As expected.,Neutral
77,I think customer support seems useless. Very frustrated.,Negative
78,I think the design proved to be regular. Nothing special.,Neutral
79,The design was quite poor. Save your money.,Negative
80,This item is somewhat perfect. Highly recommended!,Positive
81,I think delivery is normal. As expected.,Neutral
82,I think the quality was amazing. Exceeded expectations.,Positive
83,The price feels somewhat stellar. Very satisfied.,Positive
84,I think the price is great. I love it.,Positive
85,This item feels typical. As expected.,Neutral
86,The quality proved to be useless. Total waste of money.,Negative
87,The price seems bad. Do not buy.,Negative
88,Delivery is amazing. Very satisfied.,Positive
89,My experience looks somewhat perfect. Very satisfied.,Positive
90,"I think my experience proved to be acceptable. Not bad, not great.",Neutral
91,I think the quality feels fantastic. Exceeded expectations.,Positive
92,I think this item is dreadful. Very frustrated.,Negative
93,I think delivery seems terrible. Total waste of money.,Negative
94,Customer support is completely useless. Do not buy.,Negative
95,This item seems amazing. Will buy again.,Positive
96,I think the packaging feels brilliant. Best purchase ever.,Positive
97,I think the design looks brilliant. Exceeded expectations.,Positive
98,This item seems extremely amazing. Very satisfied.,Positive
99,The service is wonderful. Best purchase ever.,Positive
100,Delivery feels awful. I hate it.,Negative
101,I think the quality feels poor. I hate it.,Negative
102,The packaging seems fantastic. Best purchase ever.,Negative
103,The price seems terrible. Do not buy.,Negative
104,The service looks extremely horrible. Save your money.,Negative
105,Customer support feels somewhat great. Best purchase ever.,Positive
106,I think the packaging is worst. Save your money.,Negative
107,My experience seems really amazing. Will buy again.,Positive
108,I think this item seems dreadful. Save your money.,Negative
109,The packaging looks completely poor. Save your money.,Negative
110,The design was useless. Total waste of money.,Negative
111,I think the packaging seems excellent. Exceeded expectations.,Negative
112,The quality looks very disappointing. Will return it.,Negative
113,This item seems horrible. Total waste of money.,Negative
114,This item proved to be brilliant. Exceeded expectations.,Positive
115,I think this item was stellar. Highly recommended!,Positive
116,I think the service seems poor. Will return it.,Negative
117,I think the price was terrible. Very frustrated.,Negative
118,The design proved to be quite perfect. I love it.,Positive
119,I think the design was average. As expected.,Neutral
120,I think delivery looks brilliant. Highly recommended!,Positive
121,I think the packaging proved to be regular. As expected.,Neutral
122,The price proved to be perfect. Very satisfied.,Positive
123,This item looks horrible. Total waste of money.,Negative
124,I think the packaging is poor. Will return it.,Negative
125,I think the packaging looks stellar. Best purchase ever.,Positive
126,The service looks completely bad. Do not buy.,Negative
127,I think the price looks excellent. I love it.,Negative
128,I think the price looks mediocre. Might buy again.,Neutral
129,The design proved to be really regular. As expected.,Neutral
130,I think my experience was okay. Might buy again.,Neutral
131,Customer support looks worst. I hate it.,Negative
132,The quality is brilliant. Very satisfied.,Positive
133,Delivery was stellar. Highly recommended!,Positive
134,I think delivery looks dreadful. Save your money.,Negative
135,My experience feels very fantastic. Exceeded expectations.,Positive
136,I think delivery is great. Will buy again.,Neutral
137,Delivery looks somewhat awful. I hate it.,Negative
138,I think the quality proved to be awesome. Best purchase ever.,Positive
139,I think customer support is poor. Save your money.,Negative
140,The product seems absolutely awesome. Will buy again.,Negative
141,I think the service is worst. I hate it.,Negative
142,I think the price feels awesome. Very satisfied.,Positive
143,I think the service feels wonderful. Will buy again.,Positive
144,The service looks awful. Save your money.,Negative
145,The quality was absolutely stellar. I love it.,Positive
146,The service looks fairly perfect. Very satisfied.,Positive
147,I think this item looks excellent. Will buy again.,Positive
148,The product seems very excellent. I love it.,Positive
149,I think the price proved to be disappointing. Save your money.,Negative
150,The packaging is absolutely subpar. Very frustrated.,Negative
151,I think customer support looks useless. Save your money.,Negative
152,I think this item looks bad. Do not buy.,Negative
153,The quality proved to be mediocre. Nothing special.,Neutral
154,The product seems extremely disappointing. Do not buy.,Negative
155,The service proved to be very awesome. Exceeded expectations.,Positive
156,I think the design proved to be subpar. I hate it.,Negative
157,The quality is stellar. Exceeded expectations.,Positive
158,Customer support proved to be fairly excellent. Best purchase ever.,Positive
159,The design seems brilliant. Highly recommended!,Positive
160,I think the service proved to be disappointing. Very frustrated.,Negative
161,The quality seems completely poor. I hate it.,Negative
162,This item is truly superb. I love it.,Neutral
163,My experience was regular. Nothing special.,Neutral
164,The design is really fair. As expected.,Neutral
165,I think delivery feels wonderful. Very satisfied.,Negative
166,Delivery is totally fine. As expected.,Neutral
167,The product proved to be superb. I love it.,Positive
168,I think the service seems perfect. Exceeded expectations.,Positive
169,My experience seems somewhat wonderful. Very satisfied.,Positive
170,I think the quality is terrible. Total waste of money.,Negative
171,This item was totally bad. Do not buy.,Negative
172,My experience is quite amazing. Highly recommended!,Neutral
173,Customer support looks fair. Nothing special.,Neutral
174,I think the price proved to be worst. Save your money.,Negative
175,Customer support is extremely brilliant. Best purchase ever.,Positive
176,The packaging looks okay. Might buy again.,Neutral
177,I think customer support feels superb. Highly recommended!,Positive
178,The packaging proved to be acceptable. As expected.,Neutral
179,I think customer support looks subpar. Will return it.,Negative
180,The product is excellent. Very satisfied.,Positive
181,Delivery proved to be totally useless. Do not buy.,Neutral
182,The service proved to be fantastic. Highly recommended!,Negative
183,This item feels fairly standard. It does the job.,Negative
184,The packaging is quite fine. It does the job.,Neutral
185,The service seems totally mediocre. As expected.,Neutral
186,The product proved to be stellar. I love it.,Positive
187,The product proved to be brilliant. Will buy again.,Positive
188,I think the price looks bad. Do not buy.,Negative
189,The quality proved to be really amazing. Will buy again.,Positive
190,I think the service proved to be worst. Very frustrated.,Neutral
191,Customer support looks horrible. Will return it.,Negative
192,I think my experience was fair. Serves its purpose.,Neutral
193,The quality seems excellent. Very satisfied.,Positive
194,Delivery proved to be totally bad. Do not buy.,Negative
195,The price seems awesome. Exceeded expectations.,Positive
196,I think customer support was dreadful. Do not buy.,Negative
197,I think the product seems amazing. Exceeded expectations.,Positive
198,Delivery proved to be brilliant. I love it.,Negative
199,I think the product looks fine. Serves its purpose.,Neutral
200,I think the service is awful. Will return it.,Negative
201,The service feels typical. Serves its purpose.,Neutral
202,Customer support was somewhat awesome. Will buy again.,Positive
203,The service was really amazing. Will buy again.,Positive
204,I think this item proved to be terrible. Will return it.,Negative
205,This item proved to be perfect. Very satisfied.,Positive
206,I think my experience looks awesome. Exceeded expectations.,Positive
207,Customer support seems completely excellent. Best purchase ever.,Positive
208,Delivery seems terrible. I hate it.,Negative
209,This item seems truly superb. Best purchase ever.,Positive
210,The packaging was okay. It does the job.,Positive
211,This item looks completely subpar. Total waste of money.,Negative
212,The packaging looks quite awful. Do not buy.,Negative
213,Customer support looks perfect. Exceeded expectations.,Positive
214,I think the product was dreadful. Do not buy.,Negative
215,Delivery is absolutely acceptable. Might buy again.,Neutral
216,The service was completely terrible. Very frustrated.,Negative
217,Customer support looks absolutely subpar. Very frustrated.,Negative
218,I think the price looks subpar. I hate it.,Negative
219,The design seems great. Highly recommended!,Positive
220,The design seems very dreadful. Very frustrated.,Negative
221,The service looks fairly worst. I hate it.,Negative
222,The product looks wonderful. Highly recommended!,Positive
223,I think the design feels disappointing. Very frustrated.,Negative
224,This item seems very useless. Save your money.,Negative
225,The quality was bad. Will return it.,Negative
226,The price feels useless. Will return it.,Negative
227,The design is fairly stellar. Very satisfied.,Positive
228,I think the packaging is bad. Do not buy.,Negative
229,This item is completely worst. Will return it.,Negative
230,The quality was terrible. Do not buy.,Negative
231,"The service was fine. Not bad, not great.",Neutral
232,Customer support was very subpar. Will return it.,Negative
233,The quality looks truly dreadful. Total waste of money.,Negative
234,The packaging proved to be really poor. Very frustrated.,Negative
235,I think the design proved to be brilliant. I love it.,Positive
236,The service was completely horrible. Save your money.,Negative
237,I think the service proved to be normal. Nothing special.,Neutral
238,The design feels very normal. It does the job.,Neutral
239,The price looks really great. Very satisfied.,Positive
240,I think my experience is horrible. Total waste of money.,Negative
241,The quality looks truly fine. It does the job.,Neutral
242,"I think the price seems standard. Not bad, not great.",Neutral
243,I think delivery seems bad. Do not buy.,Negative
244,The service feels awful. Save your money.,Negative
245,The design is terrible. Total waste of money.,Negative
246,This item was worst. Do not buy.,Negative
247,I think the quality was fantastic. Will buy again.,Positive
248,I think the service looks brilliant. Will buy again.,Positive
249,Delivery seems standard. It does the job.,Neutral
250,The service proved to be awful. Save your money.,Negative
251,The service proved to be okay. As expected.,Neutral
252,The price feels useless. Very frustrated.,Negative
253,The packaging was terrible. Save your money.,Negative
254,The service looks subpar. Very frustrated.,Neutral
255,The service is totally brilliant. Very satisfied.,Positive
256,Delivery seems quite fair. Nothing special.,Neutral
257,The quality feels completely awesome. Highly recommended!,Positive
258,I think the packaging is perfect. Best purchase ever.,Positive
259,This item looks totally worst. Total waste of money.,Negative
260,The service proved to be bad. Will return it.,Negative
261,I think the design looks awful. Save your money.,Negative
262,The quality is perfect. Best purchase ever.,Positive
263,I think my experience looks perfect. I love it.,Positive
264,"This item seems acceptable. Not bad, not great.",Neutral
265,The product is extremely brilliant. I love it.,Positive
266,The quality is perfect. Will buy again.,Positive
267,My experience is poor. Total waste of money.,Negative
268,I think the product looks useless. Will return it.,Negative
269,I think the design is horrible. Total waste of money.,Negative
270,I think the quality feels terrible. Save your money.,Negative
271,Customer support feels quite normal. Serves its purpose.,Neutral
272,The price looks great. Will buy again.,Positive
273,The quality feels somewhat subpar. Total waste of money.,Negative
274,I think the quality feels awesome. Highly recommended!,Positive
275,"I think the design feels fair. Not bad, not great.",Neutral
276,The product proved to be worst. Will return it.,Negative
277,I think the quality was disappointing. Very frustrated.,Negative
278,"Customer support proved to be fair. Not bad, not great.",Neutral
279,I think my experience proved to be awful. Will return it.,Negative
280,I think the product proved to be stellar. I love it.,Positive
281,The service feels quite average. Might buy again.,Neutral
282,I think my experience seems great. Very satisfied.,Positive
283,Customer support feels stellar. I love it.,Positive
284,My experience proved to be terrible. Save your money.,Negative
285,Customer support feels very subpar. Do not buy.,Negative
286,"The product is fine. Not bad, not great.",Neutral
287,I think delivery was mediocre. It does the job.,Neutral
288,I think my experience proved to be great. Will buy again.,Positive
289,The price was worst. Total waste of money.,Negative
290,I think the design feels stellar. Will buy again.,Positive
291,I think the price proved to be disappointing. Will return it.,Negative
292,Customer support proved to be extremely bad. I hate it.,Negative
293,I think customer support feels stellar. Very satisfied.,Positive
294,The service was extremely superb. Best purchase ever.,Positive
295,I think the design was amazing. Very satisfied.,Positive
296,The product feels somewhat useless. Very frustrated.,Negative
297,The price feels extremely subpar. I hate it.,Negative
298,I think the packaging proved to be subpar. Very frustrated.,Negative
299,I think the design was stellar. Highly recommended!,Positive
300,I think this item is great. Very satisfied.,Positive
301,Delivery is acceptable. It does the job.,Neutral
302,The price is absolutely bad. Very frustrated.,Negative
303,The product is totally dreadful. Save your money.,Negative
304,The service is okay. Might buy again.,Neutral
305,The service is worst. Will return it.,Negative
306,I think this item looks terrible. Total waste of money.,Negative
307,The product feels completely subpar. Very frustrated.,Negative
308,I think the price proved to be worst. Very frustrated.,Negative
309,I think the packaging proved to be worst. Will return it.,Negative
310,"Delivery seems average. Not bad, not great.",Neutral
311,The service seems great. Will buy again.,Positive
312,The service feels fantastic. Highly recommended!,Positive
313,The quality was superb. Very satisfied.,Positive
314,The quality looks very awful. Will return it.,Negative
315,My experience looks useless. Very frustrated.,Neutral
316,The service proved to be regular. Nothing special.,Negative
317,This item proved to be completely perfect. Exceeded expectations.,Positive
318,I think my experience seems bad. Total waste of money.,Positive
319,I think the product proved to be excellent. Highly recommended!,Positive
320,Delivery proved to be extremely perfect. Will buy again.,Positive
321,The packaging seems completely awful. Will return it.,Negative
322,My experience is very stellar. Very satisfied.,Positive
323,The packaging was dreadful. Very frustrated.,Neutral
324,The product seems acceptable. As expected.,Neutral
325,The product feels okay. As expected.,Neutral
326,The quality proved to be truly disappointing. Very frustrated.,Negative
327,I think this item seems bad. Very frustrated.,Negative
328,Delivery is fairly dreadful. Total waste of money.,Negative
329,I think the service seems terrible. Very frustrated.,Negative
330,My experience is totally useless. Do not buy.,Negative
331,I think the price is normal. Might buy again.,Neutral
332,"The packaging seems standard. Not bad, not great.",Neutral
333,The service proved to be bad. Total waste of money.,Negative
334,The service feels awesome. Highly recommended!,Positive
335,Customer support was really awesome. Very satisfied.,Positive
336,I think the product proved to be amazing. Will buy again.,Positive
337,I think delivery proved to be poor. I hate it.,Negative
338,"I think the design seems standard. Not bad, not great.",Neutral
339,Customer support was terrible. Will return it.,Negative
340,The packaging seems fine. Might buy again.,Negative
341,I think the product looks useless. Total waste of money.,Negative
342,The design is quite great. Will buy again.,Positive
343,The product proved to be really awesome. Will buy again.,Positive
344,The service was normal. As expected.,Neutral
345,I think the product looks useless. Do not buy.,Negative
346,Customer support feels extremely brilliant. Very satisfied.,Positive
347,The packaging proved to be excellent. Very satisfied.,Positive
348,The design is standard. Nothing special.,Neutral
349,The service feels wonderful. Highly recommended!,Positive
350,The quality looks very subpar. Save your money.,Negative
351,The product seems superb. Exceeded expectations.,Positive
352,I think this item was worst. Total waste of money.,Negative
353,I think the price was disappointing. I hate it.,Negative
354,Customer support looks quite poor. Will return it.,Negative
355,The packaging is quite subpar. Do not buy.,Negative
356,My experience seems standard. Nothing special.,Neutral
357,The packaging proved to be extremely useless. Very frustrated.,Negative
358,The price is really terrible. Very frustrated.,Neutral
359,The service looks fantastic. Will buy again.,Positive
360,The design looks extremely fantastic. Will buy again.,Positive
361,I think this item seems subpar. I hate it.,Negative
362,The packaging is absolutely disappointing. Will return it.,Negative
363,The design looks really useless. Will return it.,Negative
364,"I think the design proved to be typical. Not bad, not great.",Neutral
365,I think this item seems perfect. Exceeded expectations.,Positive
366,Delivery proved to be quite perfect. Will buy again.,Positive
367,The service feels awesome. Best purchase ever.,Positive
368,I think the price feels dreadful. Total waste of money.,Negative
369,I think the product feels awesome. Will buy again.,Positive
370,I think this item seems dreadful. Do not buy.,Negative
371,The packaging looks perfect. Will buy again.,Positive
372,This item seems quite brilliant. Best purchase ever.,Positive
373,I think this item feels regular. As expected.,Neutral
374,The service proved to be acceptable. As expected.,Neutral
375,The price looks absolutely poor. Very frustrated.,Negative
376,I think my experience was dreadful. Will return it.,Negative
377,The product was worst. Save your money.,Positive
378,Customer support is somewhat dreadful. Very frustrated.,Positive
379,The packaging was truly stellar. Will buy again.,Positive
380,I think this item looks mediocre. It does the job.,Negative
381,My experience looks superb. Will buy again.,Positive
382,Customer support is poor. Will return it.,Negative
383,The quality was worst. Very frustrated.,Negative
384,I think the price seems perfect. Will buy again.,Positive
385,The quality was extremely great. Exceeded expectations.,Positive
386,I think the quality feels fantastic. Very satisfied.,Positive
387,The design proved to be somewhat awesome. Exceeded expectations.,Positive
388,The service proved to be brilliant. Best purchase ever.,Positive
389,I think the product looks excellent. Best purchase ever.,Positive
390,The packaging is wonderful. Highly recommended!,Neutral
391,The product was fairly terrible. Do not buy.,Negative
392,Customer support was fine. Nothing special.,Neutral
393,I think the price seems wonderful. Very satisfied.,Positive
394,The price seems completely fantastic. Exceeded expectations.,Negative
395,The design was awful. Total waste of money.,Negative
396,I think the packaging proved to be useless. I hate it.,Negative
397,I think the price feels poor. Do not buy.,Negative
398,The service proved to be terrible. I hate it.,Negative
399,I think this item seems fantastic. Highly recommended!,Positive
400,The price proved to be somewhat perfect. Very satisfied.,Positive
401,I think the service is average. Serves its purpose.,Negative
402,I think the price looks wonderful. Very satisfied.,Positive
403,The quality is very fair. It does the job.,Neutral
404,I think the quality proved to be subpar. I hate it.,Negative
405,Delivery seems extremely terrible. I hate it.,Negative
406,My experience is wonderful. Exceeded expectations.,Positive
407,I think the price proved to be horrible. Will return it.,Negative
408,I think this item seems disappointing. I hate it.,Negative
409,"I think this item is typical. Not bad, not great.",Neutral
410,This item was excellent. Very satisfied.,Positive
411,The service feels quite poor. Will return it.,Negative
412,The price is okay. As expected.,Neutral
413,My experience was excellent. Best purchase ever.,Positive
414,The packaging feels truly subpar. Do not buy.,Negative
415,Delivery feels really worst. Total waste of money.,Negative
416,My experience was totally superb. Exceeded expectations.,Positive
417,The service seems very normal. As expected.,Neutral
418,Customer support feels truly mediocre. Nothing special.,Neutral
419,My experience seems fairly useless. Total waste of money.,Negative
420,My experience seems subpar. Will return it.,Negative
421,My experience was fairly stellar. I love it.,Positive
422,The quality looks absolutely wonderful. I love it.,Positive
423,The service is terrible. I hate it.,Negative
424,I think this item feels subpar. I hate it.,Negative
425,The quality feels poor. Do not buy.,Negative
426,The service was truly awesome. Very satisfied.,Positive
427,The design proved to be very disappointing. Will return it.,Negative
428,I think the quality was wonderful. Highly recommended!,Positive
429,I think the price was subpar. Total waste of money.,Negative
430,The quality is totally fantastic. Exceeded expectations.,Positive
431,The product feels absolutely fine. Serves its purpose.,Neutral
432,The price feels awesome. Highly recommended!,Positive
433,I think the product seems great. Will buy again.,Positive
434,The product feels absolutely fantastic. I love it.,Positive
435,The quality was bad. I hate it.,Negative
436,"The product feels typical. Not bad, not great.",Neutral
437,I think the quality feels mediocre. Nothing special.,Neutral
438,My experience proved to be worst. Will return it.,Negative
439,I think the service proved to be brilliant. Best purchase ever.,Positive
440,"The packaging proved to be completely regular. Not bad, not great.",Neutral
441,I think the price was horrible. I hate it.,Negative
442,This item was completely superb. Exceeded expectations.,Positive
443,The product looks perfect. Highly recommended!,Positive
444,The service feels somewhat great. Will buy again.,Positive
445,My experience looks somewhat wonderful. Best purchase ever.,Positive
446,The service feels truly awful. Do not buy.,Negative
447,The packaging is wonderful. Will buy again.,Positive
448,This item proved to be truly useless. I hate it.,Negative
449,I think this item looks disappointing. Do not buy.,Negative
450,I think this item feels dreadful. I hate it.,Negative
451,This item feels standard. As expected.,Neutral
452,This item seems horrible. I hate it.,Negative
453,The price is brilliant. I love it.,Positive
454,I think the product looks wonderful. Very satisfied.,Positive
455,I think this item looks perfect. Very satisfied.,Positive
456,The product feels acceptable. It does the job.,Neutral
457,This item feels absolutely mediocre. It does the job.,Neutral
458,This item looks awful. Do not buy.,Negative
459,I think the quality is superb. Very satisfied.,Positive
460,Delivery proved to be somewhat great. Exceeded expectations.,Positive
461,The packaging feels completely perfect. Very satisfied.,Positive
462,Delivery feels quite awful. Save your money.,Negative
463,The service proved to be amazing. Highly recommended!,Positive
464,I think this item is worst. Total waste of money.,Negative
465,The product seems normal. Serves its purpose.,Neutral
466,I think delivery looks okay. Might buy again.,Positive
467,The packaging feels amazing. Exceeded expectations.,Positive
468,The service feels truly disappointing. Very frustrated.,Negative
469,The service seems really regular. Might buy again.,Neutral
470,I think the product is mediocre. Nothing special.,Neutral
471,I think the design seems subpar. Do not buy.,Negative
472,The service proved to be truly useless. I hate it.,Negative
473,The product feels useless. I hate it.,Negative
474,This item seems poor. Do not buy.,Negative
475,Customer support feels extremely worst. Save your money.,Negative
476,The service seems excellent. Highly recommended!,Positive
477,"Customer support feels typical. Not bad, not great.",Neutral
478,Customer support looks amazing. I love it.,Positive
479,Delivery was worst. I hate it.,Negative
480,This item was quite poor. Very frustrated.,Negative
481,I think the design seems fantastic. Very satisfied.,Positive
482,This item looks quite standard. As expected.,Neutral
483,I think the packaging is amazing. Best purchase ever.,Positive
484,My experience proved to be totally superb. Very satisfied.,Negative
485,I think the design is horrible. Do not buy.,Negative
486,The product feels somewhat horrible. I hate it.,Negative
487,I think the product feels dreadful. Save your money.,Negative
488,I think this item seems standard. Serves its purpose.,Neutral
489,I think the product was bad. Do not buy.,Negative
490,The quality proved to be poor. Do not buy.,Negative
491,I think the packaging is terrible. Will return it.,Negative
492,I think delivery was fine. As expected.,Neutral
493,I think delivery looks horrible. Total waste of money.,Negative
494,The product feels truly fair. Nothing special.,Neutral
495,I think this item is wonderful. Exceeded expectations.,Positive
496,The quality proved to be somewhat superb. I love it.,Positive
497,Customer support was great. Exceeded expectations.,Positive
498,The service proved to be really subpar. Very frustrated.,Neutral
499,This item seems superb. I love it.,Positive
500,The packaging was absolutely fair. Nothing special.,Neutral
501,This item was awesome. I love it.,Positive
502,The price looks fairly average. Serves its purpose.,Neutral
503,The quality is absolutely great. Highly recommended!,Positive
504,The quality seems really bad. Do not buy.,Negative
505,The product seems very stellar. Exceeded expectations.,Positive
506,I think the packaging was normal. As expected.,Neutral
507,The service looks fantastic. Will buy again.,Positive
508,The quality looks subpar. Will return it.,Negative
509,The quality feels horrible. Total waste of money.,Negative
510,I think the product feels dreadful. Save your money.,Negative
511,My experience looks really disappointing. Total waste of money.,Negative
512,This item seems superb. Best purchase ever.,Positive
513,This item is somewhat dreadful. Do not buy.,Negative
514,The product feels absolutely amazing. Exceeded expectations.,Neutral
515,Delivery feels completely terrible. Very frustrated.,Negative
516,This item is quite superb. Will buy again.,Positive
517,I think the packaging feels dreadful. Save your money.,Negative
518,The price was absolutely stellar. Best purchase ever.,Positive
519,My experience is dreadful. I hate it.,Negative
520,This item looks really worst. Will return it.,Negative
521,This item feels disappointing. Do not buy.,Negative
522,This item proved to be totally perfect. Exceeded expectations.,Positive
523,I think the packaging feels superb. Exceeded expectations.,Positive
524,My experience is truly awesome. Best purchase ever.,Negative
525,I think the design is great. Very satisfied.,Positive
526,"The service proved to be acceptable. Not bad, not great.",Neutral
527,I think the product proved to be subpar. Total waste of money.,Negative
528,Delivery was worst. I hate it.,Negative
529,This item feels very terrible. Total waste of money.,Negative
530,The price proved to be absolutely dreadful. Very frustrated.,Negative
531,Customer support feels dreadful. Will return it.,Negative
532,The price proved to be quite great. Exceeded expectations.,Positive
533,The product proved to be superb. Best purchase ever.,Positive
534,The product was quite amazing. Very satisfied.,Positive
535,The quality is absolutely poor. Very frustrated.,Negative
536,The product looks horrible. Very frustrated.,Negative
537,The service is totally amazing. Highly recommended!,Positive
538,My experience seems superb. Best purchase ever.,Positive
539,The product seems acceptable. It does the job.,Neutral
540,I think the design seems standard. Might buy again.,Neutral
541,Customer support looks somewhat wonderful. Best purchase ever.,Positive
542,I think the service is regular. Serves its purpose.,Neutral
543,This item feels mediocre. It does the job.,Neutral
544,The quality seems fairly mediocre. As expected.,Neutral
545,Customer support seems wonderful. Very satisfied.,Positive
546,The product feels bad. I hate it.,Neutral
547,I think the product feels perfect. Exceeded expectations.,Positive
548,Delivery seems subpar. I hate it.,Negative
549,The design looks superb. Very satisfied.,Positive
550,This item is perfect. Best purchase ever.,Positive
551,I think my experience feels typical. Serves its purpose.,Neutral
552,The service seems awesome. Highly recommended!,Neutral
553,I think the design feels awesome. Highly recommended!,Positive
554,I think the product was standard. Serves its purpose.,Neutral
555,The service looks absolutely regular. Serves its purpose.,Neutral
556,Delivery is totally dreadful. Total waste of money.,Negative
557,The price is extremely awesome. Best purchase ever.,Positive
558,The design seems totally regular. Nothing special.,Neutral
559,I think the packaging proved to be superb. I love it.,Positive
560,"I think this item seems average. Not bad, not great.",Neutral
561,I think the packaging feels normal. It does the job.,Neutral
562,The packaging feels somewhat bad. Do not buy.,Negative
563,The design was normal. Serves its purpose.,Neutral
564,I think delivery is fantastic. I love it.,Positive
565,I think the service is standard. It does the job.,Neutral
566,I think the product is stellar. Best purchase ever.,Positive
567,I think the product seems excellent. Best purchase ever.,Positive
568,The packaging feels useless. I hate it.,Negative
569,Customer support was extremely okay. It does the job.,Neutral
570,My experience feels disappointing. Save your money.,Positive
571,The packaging feels dreadful. I hate it.,Negative
572,The design proved to be very amazing. Will buy again.,Positive
573,I think customer support is wonderful. Best purchase ever.,Positive
574,I think the service feels poor. Total waste of money.,Negative
575,The packaging is somewhat okay. Might buy again.,Neutral
576,"I think the design looks mediocre. Not bad, not great.",Neutral
577,"The product is fair. Not bad, not great.",Neutral
578,The quality proved to be subpar. Total waste of money.,Negative
579,Delivery was quite terrible. Total waste of money.,Negative
580,This item is standard. Might buy again.,Neutral
581,The price proved to be superb. Best purchase ever.,Positive
582,Customer support is useless. Do not buy.,Negative
583,The packaging is extremely normal. As expected.,Neutral
584,My experience seems brilliant. I love it.,Positive
585,The service was awful. I hate it.,Negative
586,The service was completely excellent. Best purchase ever.,Positive
587,I think this item seems terrible. Very frustrated.,Negative
588,I think delivery looks dreadful. Will return it.,Negative
589,I think the design proved to be superb. Highly recommended!,Positive
590,The design was very great. I love it.,Negative
591,Customer support was bad. Will return it.,Negative
592,The service proved to be amazing. I love it.,Positive
593,The product seems truly great. Exceeded expectations.,Positive
594,The quality looks brilliant. Best purchase ever.,Positive
595,The design was quite excellent. Best purchase ever.,Positive
596,I think customer support looks amazing. Best purchase ever.,Positive
597,I think the product proved to be bad. Total waste of money.,Negative
598,The design proved to be fair. As expected.,Neutral
599,My experience was great. Very satisfied.,Positive
600,Customer support seems totally superb. Exceeded expectations.,Positive
601,I think the product was worst. Total waste of money.,Negative
602,I think the price proved to be bad. I hate it.,Negative
603,Customer support is somewhat typical. Nothing special.,Neutral
604,I think the packaging seems great. I love it.,Positive
605,I think delivery was useless. Will return it.,Negative
606,The price feels worst. Will return it.,Negative
607,Delivery proved to be absolutely horrible. Will return it.,Negative
608,The service is quite fantastic. Highly recommended!,Positive
609,The design was totally mediocre. Serves its purpose.,Neutral
610,I think customer support proved to be poor. Very frustrated.,Negative
611,The service seems fairly brilliant. I love it.,Positive
612,The service seems absolutely typical. Nothing special.,Neutral
613,This item seems useless. Will return it.,Negative
614,I think the quality looks terrible. Very frustrated.,Negative
615,I think customer support was amazing. Highly recommended!,Positive
616,The price proved to be awful. Very frustrated.,Negative
617,My experience looks wonderful. Best purchase ever.,Positive
618,Customer support was completely fantastic. Very satisfied.,Positive
619,I think customer support feels disappointing. Total waste of money.,Negative
620,The price looks very subpar. Very frustrated.,Negative
621,Delivery looks brilliant. Will buy again.,Positive
622,I think customer support feels terrible. Do not buy.,Negative
623,This item proved to be useless. Do not buy.,Negative
624,I think customer support seems regular. Might buy again.,Neutral
625,I think the product feels regular. Serves its purpose.,Neutral
626,The price was extremely brilliant. Exceeded expectations.,Positive
627,I think my experience is superb. Best purchase ever.,Positive
628,I think my experience proved to be excellent. Best purchase ever.,Positive
629,I think the service seems wonderful. Will buy again.,Positive
630,I think delivery is horrible. Total waste of money.,Negative
631,The packaging feels quite great. Very satisfied.,Positive
632,I think the product is awful. Will return it.,Negative
633,"I think this item is fine. Not bad, not great.",Neutral
634,The service proved to be dreadful. I hate it.,Negative
635,I think the quality was brilliant. Will buy again.,Positive
636,I think the product proved to be wonderful. Exceeded expectations.,Positive
637,Delivery proved to be poor. I hate it.,Negative
638,I think my experience was fantastic. Very satisfied.,Neutral
639,I think the packaging is horrible. Save your money.,Negative
640,The service proved to be terrible. Very frustrated.,Negative
641,I think the packaging proved to be bad. Very frustrated.,Negative
642,I think customer support looks dreadful. Total waste of money.,Negative
643,My experience looks somewhat bad. Very frustrated.,Negative
644,The quality looks perfect. Exceeded expectations.,Neutral
645,The service proved to be absolutely awful. Will return it.,Negative
646,This item was dreadful. Total waste of money.,Negative
647,The service is somewhat okay. Might buy again.,Neutral
648,The packaging was truly worst. Do not buy.,Negative
649,I think the product looks standard. As expected.,Neutral
650,I think the design proved to be bad. I hate it.,Negative
651,I think customer support was excellent. Will buy again.,Positive
652,My experience looks completely useless. Very frustrated.,Negative
653,My experience was awful. Do not buy.,Negative
654,I think the packaging is fantastic. Best purchase ever.,Positive
655,I think this item is amazing. I love it.,Positive
656,This item looks awful. Save your money.,Negative
657,I think the packaging feels excellent. Highly recommended!,Positive
658,This item is worst. Very frustrated.,Negative
659,The quality feels truly horrible. I hate it.,Negative
660,Delivery is very horrible. I hate it.,Negative
661,I think my experience seems excellent. Highly recommended!,Positive
662,My experience proved to be absolutely horrible. Will return it.,Negative
663,My experience is very mediocre. It does the job.,Neutral
664,I think the quality was horrible. I hate it.,Negative
665,I think delivery is superb. I love it.,Positive
666,Customer support seems horrible. Total waste of money.,Negative
667,I think customer support was stellar. Very satisfied.,Positive
668,I think the product looks excellent. Best purchase ever.,Positive
669,The service looks extremely bad. Very frustrated.,Negative
670,I think delivery proved to be disappointing. Total waste of money.,Negative
671,The service feels wonderful. Highly recommended!,Positive
672,My experience seems extremely amazing. Very satisfied.,Positive
673,This item looks horrible. Do not buy.,Negative
674,I think this item seems regular. Might buy again.,Neutral
675,The service feels absolutely terrible. Will return it.,Positive
676,I think my experience looks fantastic. Will buy again.,Positive
677,The price proved to be fairly amazing. Best purchase ever.,Positive
678,Customer support was very brilliant. Highly recommended!,Positive
679,The price looks regular. As expected.,Neutral
680,I think customer support proved to be average. Serves its purpose.,Neutral
681,Delivery proved to be useless. Very frustrated.,Negative
682,"Delivery was extremely normal. Not bad, not great.",Neutral
683,The price is horrible. Total waste of money.,Negative
684,My experience feels extremely dreadful. Do not buy.,Negative
685,The product is completely perfect. Will buy again.,Positive
686,This item feels fairly perfect. Will buy again.,Positive
687,Delivery feels quite perfect. Best purchase ever.,Positive
688,The design was awful. Do not buy.,Negative
689,This item was excellent. Highly recommended!,Positive
690,The price feels totally horrible. Do not buy.,Negative
691,I think delivery seems average. Might buy again.,Neutral
692,I think customer support is worst. Do not buy.,Negative
693,I think the service looks excellent. I love it.,Positive
694,The quality was awful. Very frustrated.,Negative
695,The design looks worst. Total waste of money.,Negative
696,The price seems regular. Serves its purpose.,Neutral
697,The design proved to be very perfect. Highly recommended!,Positive
698,I think the design proved to be useless. Do not buy.,Negative
699,I think the service feels dreadful. Very frustrated.,Neutral
700,"My experience was fairly mediocre. Not bad, not great.",Negative
701,The packaging is okay. As expected.,Neutral
702,This item proved to be extremely disappointing. Save your money.,Negative
703,Customer support is somewhat standard. Nothing special.,Neutral
704,The packaging looks worst. Save your money.,Negative
705,The service proved to be completely stellar. Highly recommended!,Positive
706,Customer support is somewhat awful. I hate it.,Negative
707,The service looks fantastic. I love it.,Positive
708,This item was extremely brilliant. Will buy again.,Positive
709,I think this item was perfect. Exceeded expectations.,Positive
710,My experience seems quite useless. Do not buy.,Negative
711,"This item feels fair. Not bad, not great.",Neutral
712,I think my experience was standard. As expected.,Neutral
713,I think my experience feels worst. I hate it.,Negative
714,The price looks fair. Might buy again.,Neutral
715,My experience is great. Best purchase ever.,Positive
716,"I think the price proved to be fair. Not bad, not great.",Neutral
717,The price was subpar. Will return it.,Negative
718,The design is perfect. I love it.,Positive
719,This item looks poor. Save your money.,Negative
720,The service seems totally wonderful. Best purchase ever.,Positive
721,The design feels quite average. As expected.,Neutral
722,This item is perfect. I love it.,Positive
723,Customer support seems brilliant. Very satisfied.,Positive
724,Delivery feels truly perfect. I love it.,Positive
725,The service seems disappointing. Do not buy.,Negative
726,The product feels absolutely mediocre. Nothing special.,Neutral
727,The product feels poor. Save your money.,Negative
728,I think delivery was perfect. I love it.,Negative
729,Delivery is wonderful. Will buy again.,Negative
730,The product looks superb. Highly recommended!,Positive
731,I think the service seems terrible. I hate it.,Negative
732,I think the product proved to be fine. Might buy again.,Neutral
733,My experience feels truly stellar. I love it.,Positive
734,I think this item is useless. I hate it.,Negative
735,Customer support was awesome. I love it.,Positive
736,The quality was superb. Exceeded expectations.,Positive
737,This item proved to be horrible. Save your money.,Neutral
738,"I think the quality feels standard. Not bad, not great.",Neutral
739,The service seems very horrible. Will return it.,Negative
740,Customer support looks superb. Highly recommended!,Positive
741,I think my experience was superb. I love it.,Positive
742,My experience seems really average. Might buy again.,Neutral
743,The service proved to be amazing. Highly recommended!,Positive
744,This item proved to be standard. Might buy again.,Neutral
745,Delivery seems disappointing. Will return it.,Negative
746,The quality feels truly terrible. I hate it.,Negative
747,I think the product looks brilliant. I love it.,Positive
748,I think the product is poor. Very frustrated.,Negative
749,I think the service looks standard. As expected.,Neutral
750,"I think customer support looks acceptable. Not bad, not great.",Neutral
751,The price feels very amazing. Highly recommended!,Positive
752,I think the product feels poor. Save your money.,Negative
753,I think this item is stellar. Highly recommended!,Positive
754,This item seems completely awful. Very frustrated.,Negative
755,Delivery proved to be amazing. Exceeded expectations.,Positive
756,The packaging proved to be brilliant. I love it.,Positive
757,The product feels horrible. Save your money.,Negative
758,Customer support seems quite great. Will buy again.,Positive
759,I think delivery was okay. It does the job.,Neutral
760,The quality seems totally stellar. Exceeded expectations.,Positive
761,The packaging seems superb. Exceeded expectations.,Positive
762,The price looks quite brilliant. Exceeded expectations.,Positive
763,Customer support is really bad. Save your money.,Negative
764,This item feels very disappointing. Very frustrated.,Negative
765,I think the service was wonderful. Highly recommended!,Positive
766,"My experience looks normal. Not bad, not great.",Neutral
767,I think the product was excellent. Exceeded expectations.,Positive
768,Customer support was brilliant. Very satisfied.,Positive
769,The price seems absolutely regular. It does the job.,Neutral
770,I think the service looks wonderful. Very satisfied.,Positive
771,I think my experience seems dreadful. Very frustrated.,Negative
772,The price was truly subpar. Will return it.,Negative
773,This item looks very mediocre. As expected.,Neutral
774,The price feels somewhat amazing. Highly recommended!,Positive
775,The design looks awesome. Highly recommended!,Positive
776,"The design is absolutely average. Not bad, not great.",Neutral
777,The product looks quite average. Might buy again.,Neutral
778,The quality feels superb. Highly recommended!,Positive
779,I think the design is standard. Serves its purpose.,Neutral
780,The packaging looks excellent. Highly recommended!,Positive
781,I think my experience is acceptable. Serves its purpose.,Neutral
782,The product proved to be truly acceptable. Nothing special.,Neutral
783,The service feels somewhat average. Might buy again.,Neutral
784,The service looks absolutely dreadful. I hate it.,Negative
785,I think the service seems useless. Total waste of money.,Negative
786,This item seems very stellar. Exceeded expectations.,Positive
787,The price looks very mediocre. Might buy again.,Neutral
788,The price looks regular. It does the job.,Neutral
789,I think delivery proved to be worst. Do not buy.,Negative
790,This item proved to be truly bad. Very frustrated.,Negative
791,The design was awful. Do not buy.,Negative
792,The design was poor. Total waste of money.,Negative
793,This item looks extremely perfect. Best purchase ever.,Positive
794,The service proved to be fairly perfect. Exceeded expectations.,Positive
795,I think my experience was fantastic. I love it.,Positive
796,The packaging proved to be stellar. I love it.,Positive
797,The service is average. As expected.,Neutral
798,This item feels awesome. Will buy again.,Positive
799,I think the product looks brilliant. Exceeded expectations.,Positive
800,I think the packaging looks regular. It does the job.,Positive
801,I think my experience looks fantastic. Exceeded expectations.,Positive
802,My experience proved to be normal. It does the job.,Neutral
803,My experience proved to be absolutely perfect. Will buy again.,Positive
804,Customer support proved to be fairly superb. Highly recommended!,Positive
805,This item looks fairly okay. Might buy again.,Neutral
806,I think my experience proved to be okay. It does the job.,Neutral
807,I think the service proved to be average. Serves its purpose.,Neutral
808,The design is really excellent. Very satisfied.,Positive
809,The design proved to be completely worst. Will return it.,Negative
810,The design was fair. It does the job.,Neutral
811,I think delivery seems okay. Might buy again.,Neutral
812,The product was average. Might buy again.,Neutral
813,I think the price proved to be dreadful. I hate it.,Negative
814,I think the quality is average. As expected.,Positive
815,The service looks really horrible. Save your money.,Negative
816,The packaging feels horrible. Do not buy.,Negative
817,The service feels somewhat disappointing. Will return it.,Negative
818,Delivery proved to be fine. It does the job.,Neutral
819,The design was very typical. Serves its purpose.,Neutral
820,The design proved to be very wonderful. Exceeded expectations.,Positive
821,This item seems fairly awesome. Highly recommended!,Positive
822,My experience seems completely great. Best purchase ever.,Positive
823,The design looks really poor. Do not buy.,Negative
824,The design proved to be wonderful. Highly recommended!,Positive
825,I think the product looks superb. Will buy again.,Neutral
826,My experience looks worst. I hate it.,Negative
827,The packaging looks very terrible. Will return it.,Negative
828,I think the service looks useless. Save your money.,Negative
829,Delivery feels great. Highly recommended!,Positive
830,The quality was poor. Very frustrated.,Negative
831,The quality looks quite useless. Save your money.,Negative
832,The design was quite wonderful. Highly recommended!,Positive
833,I think the packaging is fantastic. Best purchase ever.,Positive
834,The quality seems totally stellar. Exceeded expectations.,Positive
835,I think the design seems brilliant. Exceeded expectations.,Positive
836,I think the design is worst. I hate it.,Negative
837,My experience proved to be superb. Highly recommended!,Positive
838,The product looks very fine. Serves its purpose.,Neutral
839,The service is great. Very satisfied.,Positive
840,I think the quality feels mediocre. Serves its purpose.,Neutral
841,I think the price looks dreadful. Will return it.,Negative
842,This item was acceptable. Serves its purpose.,Neutral
843,Customer support seems awful. Very frustrated.,Negative
844,The design looks bad. Total waste of money.,Neutral
845,I think the product was okay. Might buy again.,Neutral
846,I think delivery was fantastic. Exceeded expectations.,Positive
847,The quality was totally disappointing. I hate it.,Negative
848,Delivery seems totally amazing. Highly recommended!,Positive
849,I think delivery proved to be disappointing. I hate it.,Negative
850,This item proved to be terrible. I hate it.,Negative
851,This item feels completely awesome. Best purchase ever.,Positive
852,Delivery looks extremely poor. Do not buy.,Negative
853,The service looks horrible. Very frustrated.,Negative
854,The design looks fairly fantastic. Exceeded expectations.,Negative
855,This item was completely average. It does the job.,Neutral
856,I think delivery was horrible. I hate it.,Negative
857,I think my experience feels awesome. Very satisfied.,Negative
858,I think the product looks poor. Save your money.,Neutral
859,I think the price feels amazing. Will buy again.,Positive
860,I think delivery looks subpar. I hate it.,Negative
861,I think this item was fine. Nothing special.,Neutral
862,The product feels extremely mediocre. Might buy again.,Neutral
863,The product seems awful. I hate it.,Negative
864,The service was wonderful. Best purchase ever.,Positive
865,The price seems completely bad. Very frustrated.,Negative
866,I think this item feels poor. Save your money.,Neutral
867,My experience seems useless. Total waste of money.,Negative
868,The design looks mediocre. Nothing special.,Neutral
869,This item is totally typical. Might buy again.,Neutral
870,This item looks somewhat useless. Do not buy.,Negative
871,I think the price is superb. Best purchase ever.,Positive
872,The service seems stellar. I love it.,Positive
873,I think the service was superb. Highly recommended!,Positive
874,I think delivery looks dreadful. Will return it.,Negative
875,I think the service is subpar. Do not buy.,Negative
876,My experience proved to be completely perfect. Highly recommended!,Positive
877,Delivery proved to be absolutely terrible. I hate it.,Negative
878,I think delivery proved to be great. I love it.,Positive
879,"Customer support seems truly acceptable. Not bad, not great.",Neutral
880,"Delivery feels quite mediocre. Not bad, not great.",Positive
881,Delivery was awesome. Very satisfied.,Positive
882,"The packaging proved to be acceptable. Not bad, not great.",Neutral
883,I think the packaging is bad. Save your money.,Negative
884,Delivery feels completely poor. Will return it.,Negative
885,My experience was quite stellar. I love it.,Positive
886,I think the packaging was normal. Serves its purpose.,Neutral
887,My experience feels disappointing. Very frustrated.,Negative
888,The quality was perfect. I love it.,Positive
889,Customer support proved to be extremely standard. Nothing special.,Neutral
890,I think the price looks horrible. I hate it.,Positive
891,I think the service proved to be perfect. Exceeded expectations.,Positive
892,The packaging proved to be fantastic. Will buy again.,Negative
893,The price seems somewhat dreadful. Do not buy.,Negative
894,I think delivery was fantastic. Exceeded expectations.,Positive
895,Customer support looks typical. Serves its purpose.,Neutral
896,I think delivery is disappointing. Save your money.,Negative
897,This item was truly awesome. Will buy again.,Positive
898,This item is regular. It does the job.,Neutral
899,The quality feels awesome. Will buy again.,Positive
900,The price proved to be horrible. I hate it.,Negative
901,This item seems disappointing. Save your money.,Negative
902,I think delivery proved to be excellent. Best purchase ever.,Positive
903,The price is completely awful. Do not buy.,Negative
904,The quality proved to be worst. Very frustrated.,Negative
905,The product seems standard. As expected.,Neutral
906,The price was extremely standard. Nothing special.,Negative
907,Delivery was fantastic. Exceeded expectations.,Positive
908,I think my experience feels brilliant. I love it.,Positive
909,The packaging proved to be disappointing. Do not buy.,Negative
910,This item is horrible. Very frustrated.,Negative
911,The price feels fairly useless. Save your money.,Negative
912,The price seems very subpar. Save your money.,Negative
913,I think my experience looks stellar. Exceeded expectations.,Positive
914,The product looks typical. Might buy again.,Neutral
915,Delivery proved to be somewhat poor. Do not buy.,Negative
916,I think the price looks superb. Highly recommended!,Neutral
917,I think customer support proved to be brilliant. Highly recommended!,Positive
918,I think the packaging is superb. Very satisfied.,Positive
919,Customer support looks useless. Save your money.,Negative
920,I think this item looks awesome. I love it.,Positive
921,Customer support was very fine. Serves its purpose.,Neutral
922,The price feels extremely worst. Total waste of money.,Negative
923,The price seems terrible. I hate it.,Negative
924,I think my experience looks bad. Save your money.,Negative
925,I think the service looks worst. Very frustrated.,Negative
926,The packaging proved to be very perfect. Best purchase ever.,Positive
927,The design was totally superb. Best purchase ever.,Positive
928,The service is superb. Highly recommended!,Neutral
929,The design looks truly amazing. Exceeded expectations.,Positive
930,I think this item proved to be worst. I hate it.,Negative
931,The packaging feels quite fantastic. Will buy again.,Positive
932,The service was fair. Might buy again.,Neutral
933,I think the packaging proved to be amazing. Very satisfied.,Positive
934,I think the product feels fair. It does the job.,Neutral
935,Delivery was standard. Nothing special.,Neutral
936,I think the product looks regular. Serves its purpose.,Neutral
937,I think the packaging proved to be perfect. Will buy again.,Positive
938,I think the service is regular. Nothing special.,Neutral
939,This item feels terrible. I hate it.,Negative
940,Customer support feels perfect. Very satisfied.,Neutral
941,I think the product is poor. Save your money.,Negative
942,Delivery feels awesome. Best purchase ever.,Positive
943,I think the product was awful. Total waste of money.,Negative
944,Delivery proved to be perfect. Best purchase ever.,Positive
945,The service was wonderful. Exceeded expectations.,Positive
946,I think the service seems worst. Will return it.,Negative
947,I think the product feels regular. Nothing special.,Neutral
948,My experience looks really poor. Will return it.,Negative
949,The product feels dreadful. Very frustrated.,Negative
950,The design seems dreadful. Do not buy.,Negative
951,My experience proved to be okay. Might buy again.,Neutral
952,I think my experience is regular. Serves its purpose.,Neutral
953,The packaging feels awful. Very frustrated.,Negative
954,I think the product is excellent. Exceeded expectations.,Positive
955,My experience looks poor. Save your money.,Neutral
956,The packaging proved to be extremely amazing. Best purchase ever.,Positive
957,The quality proved to be quite average. As expected.,Neutral
958,My experience looks truly terrible. Total waste of money.,Neutral
959,The packaging looks completely superb. Exceeded expectations.,Positive
960,The design looks somewhat poor. Do not buy.,Negative
961,The price feels useless. Do not buy.,Negative
962,The product is terrible. Total waste of money.,Negative
963,I think the design feels terrible. Save your money.,Negative
964,I think the quality is worst. Will return it.,Negative
965,The product is great. Highly recommended!,Positive
966,The quality seems acceptable. Might buy again.,Neutral
967,The price seems horrible. Do not buy.,Negative
968,The product feels excellent. Best purchase ever.,Positive
969,The packaging was brilliant. Best purchase ever.,Positive
970,I think customer support feels typical. It does the job.,Neutral
971,This item is awful. Save your money.,Negative
972,I think the quality proved to be subpar. Do not buy.,Negative
973,I think the price was superb. Will buy again.,Positive
974,I think the quality is useless. Will return it.,Negative
975,I think the design feels superb. Very satisfied.,Positive
976,I think this item feels excellent. Will buy again.,Positive
977,The quality feels quite useless. Very frustrated.,Negative
978,Delivery feels completely excellent. Best purchase ever.,Positive
979,Delivery was extremely subpar. Do not buy.,Negative
980,The product seems fantastic. Will buy again.,Positive
981,I think the price seems bad. Very frustrated.,Positive
982,I think the quality seems amazing. Very satisfied.,Positive
983,I think the quality feels amazing. Best purchase ever.,Positive
984,The packaging proved to be really horrible. Total waste of money.,Negative
985,The product is brilliant. I love it.,Positive
986,The design proved to be really excellent. Exceeded expectations.,Positive
987,The product seems superb. Very satisfied.,Positive
988,The service feels quite bad. I hate it.,Negative
989,I think the product was bad. Save your money.,Negative
990,"I think my experience feels acceptable. Not bad, not great.",Neutral
991,I think this item proved to be superb. Will buy again.,Neutral
992,I think the quality seems superb. I love it.,Positive
993,I think the design proved to be brilliant. Highly recommended!,Positive
994,The product looks truly worst. Will return it.,Negative
995,The price is excellent. Highly recommended!,Positive
996,The product was awesome. Highly recommended!,Positive
997,Delivery is terrible. Save your money.,Negative
998,Customer support proved to be poor. Save your money.,Positive
999,The design proved to be fairly worst. Do not buy.,Negative
1000,My experience feels somewhat awesome. Best purchase ever.,Positive
1001,My experience proved to be terrible. I hate it.,Negative
1002,The product proved to be somewhat excellent. Will buy again.,Positive
1003,The price looks completely mediocre. As expected.,Neutral
1004,The product feels excellent. Very satisfied.,Positive
1005,The packaging was truly fantastic. Will buy again.,Positive
1006,I think this item feels superb. Best purchase ever.,Negative
1007,The packaging feels somewhat fantastic. Will buy again.,Positive
1008,The service feels stellar. I love it.,Positive
1009,The packaging feels fair. Serves its purpose.,Neutral
1010,The product feels awesome. Best purchase ever.,Positive
1011,I think delivery proved to be wonderful. Highly recommended!,Positive
1012,This item seems really bad. Will return it.,Negative
1013,This item looks okay. Might buy again.,Neutral
1014,The service proved to be amazing. I love it.,Positive
1015,The design looks absolutely average. It does the job.,Neutral
1016,The packaging was terrible. Do not buy.,Negative
1017,The packaging is completely amazing. Highly recommended!,Positive
1018,Customer support was excellent. Best purchase ever.,Positive
1019,Delivery was somewhat okay. Nothing special.,Neutral
1020,I think my experience feels bad. Very frustrated.,Negative
1021,Customer support was regular. As expected.,Neutral
1022,My experience feels somewhat fantastic. I love it.,Positive
1023,I think the design is subpar. Save your money.,Negative
1024,This item was somewhat wonderful. Exceeded expectations.,Positive
1025,This item was poor. Will return it.,Negative
1026,The packaging feels completely subpar. Save your money.,Negative
1027,The service seems totally dreadful. Total waste of money.,Negative
1028,The packaging is very acceptable. As expected.,Neutral
1029,This item proved to be worst. I hate it.,Negative
1030,The price was quite acceptable. Serves its purpose.,Positive
1031,The packaging was fairly subpar. Will return it.,Negative
1032,My experience looks dreadful. Very frustrated.,Negative
1033,The price was quite stellar. Best purchase ever.,Neutral
1034,The quality proved to be fairly perfect. Will buy again.,Positive
1035,My experience looks perfect. Will buy again.,Negative
1036,My experience is fairly worst. Total waste of money.,Negative
1037,Delivery looks worst. Will return it.,Positive
1038,Customer support is terrible. I hate it.,Negative
1039,The packaging is brilliant. Exceeded expectations.,Positive
1040,The service was very horrible. Save your money.,Negative
1041,Customer support was regular. Might buy again.,Neutral
1042,I think the packaging proved to be awesome. Exceeded expectations.,Positive
1043,The quality was quite amazing. I love it.,Neutral
1044,I think delivery feels poor. Will return it.,Negative
1045,The quality proved to be stellar. Highly recommended!,Positive
1046,The quality was worst. Will return it.,Negative
1047,The service feels completely amazing. Very satisfied.,Positive
1048,Customer support seems absolutely superb. Will buy again.,Positive
1049,My experience proved to be amazing. Highly recommended!,Positive
1050,This item was excellent. Highly recommended!,Positive
1051,I think the service was great. Best purchase ever.,Positive
1052,Delivery is amazing. Will buy again.,Positive
1053,The service seems stellar. Exceeded expectations.,Positive
1054,My experience looks fairly superb. Very satisfied.,Positive
1055,The price is quite awesome. Exceeded expectations.,Positive
1056,Customer support seems fairly useless. I hate it.,Negative
1057,The product is absolutely wonderful. Very satisfied.,Positive
1058,Delivery is amazing. I love it.,Positive
1059,I think the service was worst. Do not buy.,Negative
1060,The packaging feels amazing. Very satisfied.,Positive
1061,I think the packaging was dreadful. Do not buy.,Negative
1062,My experience feels extremely worst. I hate it.,Negative
1063,My experience is terrible. I hate it.,Negative
1064,The design feels superb. Highly recommended!,Positive
1065,The service proved to be totally brilliant. Very satisfied.,Positive
1066,The quality is standard. Serves its purpose.,Neutral
1067,This item was terrible. Save your money.,Negative
1068,This item feels dreadful. Very frustrated.,Negative
1069,My experience looks great. Highly recommended!,Positive
1070,I think the product proved to be perfect. Highly recommended!,Positive
1071,My experience was amazing. Very satisfied.,Positive
1072,The price feels dreadful. Save your money.,Negative
1073,Customer support seems truly subpar. Very frustrated.,Negative
1074,The packaging feels completely acceptable. Serves its purpose.,Neutral
1075,The product proved to be dreadful. Will return it.,Negative
1076,I think my experience is poor. Save your money.,Negative
1077,Delivery feels subpar. Do not buy.,Negative
1078,The quality looks truly fine. It does the job.,Positive
1079,The quality seems great. I love it.,Positive
1080,I think this item is great. Best purchase ever.,Positive
1081,The design is stellar. Highly recommended!,Positive
1082,My experience feels completely great. Exceeded expectations.,Positive
1083,I think delivery feels superb. Highly recommended!,Positive
1084,The packaging feels wonderful. Best purchase ever.,Positive
1085,The service feels stellar. Will buy again.,Positive
1086,My experience feels really excellent. Exceeded expectations.,Positive
1087,I think the service seems wonderful. I love it.,Positive
1088,The product was awful. Save your money.,Negative
1089,Customer support feels truly brilliant. Very satisfied.,Positive
1090,I think the service looks okay. Serves its purpose.,Neutral
1091,The design feels somewhat awful. Do not buy.,Negative
1092,Customer support is excellent. Highly recommended!,Positive
1093,Customer support seems quite superb. I love it.,Positive
1094,This item looks okay. Nothing special.,Neutral
1095,I think customer support seems awesome. Very satisfied.,Positive
1096,I think the service looks poor. Will return it.,Negative
1097,I think the design looks perfect. Best purchase ever.,Positive
1098,Customer support proved to be wonderful. I love it.,Positive
1099,The service is quite dreadful. I hate it.,Negative
1100,The price is very dreadful. Very frustrated.,Negative
1101,The price looks awful. Will return it.,Negative
1102,I think delivery proved to be stellar. Will buy again.,Positive
1103,I think the quality looks subpar. Very frustrated.,Negative
1104,The quality looks great. Will buy again.,Positive
1105,"The quality looks normal. Not bad, not great.",Neutral
1106,The quality feels terrible. I hate it.,Negative
1107,I think the quality looks poor. Save your money.,Negative
1108,The product is acceptable. As expected.,Neutral
1109,Delivery was fairly worst. I hate it.,Negative
1110,The service seems poor. Save your money.,Negative
1111,I think the quality seems perfect. Will buy again.,Positive
1112,My experience feels worst. Save your money.,Negative
1113,The packaging feels truly excellent. Best purchase ever.,Positive
1114,I think the price was perfect. Highly recommended!,Positive
1115,I think customer support looks regular. As expected.,Neutral
1116,Delivery feels quite subpar. Will return it.,Negative
1117,I think the service is amazing. I love it.,Positive
1118,The quality feels totally awesome. Best purchase ever.,Positive
1119,I think my experience seems awful. Save your money.,Negative
1120,I think the service feels useless. Very frustrated.,Negative
1121,The design proved to be absolutely subpar. Very frustrated.,Negative
1122,The packaging proved to be absolutely perfect. Best purchase ever.,Positive
1123,I think the service was wonderful. Exceeded expectations.,Positive
1124,The product was fairly stellar. Exceeded expectations.,Negative
1125,The service is somewhat stellar. Will buy again.,Positive
1126,The quality seems fairly useless. Will return it.,Negative
1127,I think the design was subpar. Will return it.,Negative
1128,This item looks awesome. I love it.,Positive
1129,The product is absolutely wonderful. I love it.,Positive
1130,I think the packaging looks bad. Save your money.,Negative
1131,The packaging seems perfect. Exceeded expectations.,Positive
1132,The service seems very dreadful. Very frustrated.,Negative
1133,The service seems fantastic. Best purchase ever.,Positive
1134,I think customer support is dreadful. I hate it.,Negative
1135,Customer support proved to be very great. Very satisfied.,Positive
1136,The price proved to be great. Very satisfied.,Positive
1137,The quality looks excellent. I love it.,Positive
1138,Customer support is worst. Do not buy.,Negative
1139,This item proved to be great. Will buy again.,Positive
1140,Customer support seems awful. Do not buy.,Negative
1141,The quality proved to be quite amazing. Very satisfied.,Positive
1142,Delivery seems horrible. Total waste of money.,Negative
1143,I think the price was fantastic. I love it.,Positive
1144,"My experience feels completely standard. Not bad, not great.",Neutral
1145,I think my experience seems great. Best purchase ever.,Positive
1146,I think this item was wonderful. I love it.,Positive
1147,I think the quality looks poor. I hate it.,Negative
1148,I think my experience was wonderful. Best purchase ever.,Positive
1149,The design seems totally great. Highly recommended!,Positive
1150,I think delivery is fantastic. Very satisfied.,Positive
1151,I think the price looks fine. It does the job.,Neutral
1152,I think delivery is awful. Very frustrated.,Negative
1153,I think delivery proved to be worst. I hate it.,Negative
1154,The service is really wonderful. Very satisfied.,Positive
1155,I think the quality looks fine. Nothing special.,Neutral
1156,This item feels disappointing. Very frustrated.,Negative
1157,The quality is worst. Very frustrated.,Negative
1158,The packaging feels stellar. Best purchase ever.,Positive
1159,This item looks mediocre. It does the job.,Neutral
1160,I think the packaging proved to be amazing. Exceeded expectations.,Positive
1161,The packaging was awesome. Very satisfied.,Positive
1162,Delivery was very useless. Will return it.,Negative
1163,Customer support was absolutely brilliant. Best purchase ever.,Positive
1164,My experience is somewhat wonderful. Highly recommended!,Positive
1165,"I think the product proved to be standard. Not bad, not great.",Neutral
1166,I think the service feels bad. Will return it.,Negative
1167,Customer support seems acceptable. Serves its purpose.,Neutral
1168,My experience feels completely awful. Do not buy.,Negative
1169,This item looks awesome. I love it.,Positive
1170,I think the packaging proved to be disappointing. Will return it.,Negative
1171,Delivery seems fantastic. Highly recommended!,Positive
1172,My experience is extremely worst. Will return it.,Negative
1173,Customer support looks standard. Nothing special.,Neutral
1174,I think the product looks dreadful. Do not buy.,Negative
1175,I think the design seems amazing. Will buy again.,Positive
1176,The quality was subpar. Save your money.,Negative
1177,I think the service is typical. Nothing special.,Neutral
1178,My experience feels great. Exceeded expectations.,Positive
1179,I think this item is excellent. Best purchase ever.,Positive
1180,I think the product is subpar. Very frustrated.,Negative
1181,The packaging proved to be completely brilliant. I love it.,Positive
1182,The service proved to be perfect. Will buy again.,Positive
1183,The design looks awesome. Will buy again.,Positive
1184,My experience looks awesome. Highly recommended!,Positive
1185,The packaging proved to be okay. Serves its purpose.,Neutral
1186,I think the service seems terrible. Total waste of money.,Negative
1187,The product was great. I love it.,Positive
1188,The packaging feels extremely subpar. Do not buy.,Negative
1189,I think this item seems dreadful. Save your money.,Negative
1190,I think this item feels normal. As expected.,Neutral
1191,The service looks somewhat fantastic. Very satisfied.,Positive
1192,The design looks completely excellent. I love it.,Positive
1193,I think this item proved to be excellent. Exceeded expectations.,Positive
1194,The design proved to be superb. Exceeded expectations.,Positive
1195,I think the service proved to be typical. As expected.,Neutral
1196,My experience looks fantastic. Exceeded expectations.,Positive
1197,I think the packaging is great. Highly recommended!,Positive
1198,This item looks absolutely poor. Do not buy.,Negative
1199,The service was fairly mediocre. Might buy again.,Neutral
1200,Customer support seems poor. Do not buy.,Negative
1201,I think the service looks poor. Do not buy.,Negative
1202,I think the quality looks disappointing. Will return it.,Negative
1203,Delivery proved to be extremely excellent. Best purchase ever.,Positive
1204,Customer support seems disappointing. Total waste of money.,Negative
1205,The product was very useless. Will return it.,Negative
1206,I think the product was wonderful. Best purchase ever.,Positive
1207,The quality is disappointing. Total waste of money.,Negative
1208,I think the service looks subpar. Very frustrated.,Negative
1209,Customer support was really stellar. I love it.,Positive
1210,Customer support seems bad. Save your money.,Negative
1211,I think the service looks bad. I hate it.,Negative
1212,Customer support seems awful. I hate it.,Negative
1213,The packaging seems excellent. Highly recommended!,Positive
1214,The packaging seems fairly worst. Total waste of money.,Negative
1215,My experience looks somewhat useless. Total waste of money.,Negative
1216,I think my experience feels worst. Very frustrated.,Negative
1217,The design seems truly acceptable. Serves its purpose.,Neutral
1218,Customer support looks quite useless. I hate it.,Negative
1219,The product looks fantastic. Very satisfied.,Positive
1220,Customer support proved to be bad. Very frustrated.,Negative
1221,The design was brilliant. Exceeded expectations.,Positive
1222,The service proved to be really terrible. Very frustrated.,Negative
1223,The price proved to be terrible. Do not buy.,Negative
1224,Delivery seems horrible. I hate it.,Negative
1225,The quality is really great. Best purchase ever.,Positive
1226,The quality proved to be somewhat wonderful. Highly recommended!,Positive
1227,Customer support proved to be disappointing. Save your money.,Negative
1228,Delivery looks standard. It does the job.,Neutral
1229,I think the product proved to be useless. I hate it.,Negative
1230,I think the price feels perfect. Best purchase ever.,Positive
1231,The product feels very awful. Very frustrated.,Negative
1232,The service was okay. It does the job.,Neutral
1233,I think the quality is normal. Nothing special.,Neutral
1234,I think delivery is typical. It does the job.,Neutral
1235,The service feels really bad. Total waste of money.,Negative
1236,Delivery looks really excellent. Highly recommended!,Positive
1237,Delivery seems perfect. Highly recommended!,Positive
1238,The quality feels awesome. Best purchase ever.,Positive
1239,The price seems dreadful. Very frustrated.,Negative
1240,My experience is truly average. Serves its purpose.,Neutral
1241,My experience was fairly awesome. Best purchase ever.,Positive
1242,I think the design seems poor. Total waste of money.,Negative
1243,The service proved to be terrible. Very frustrated.,Negative
1244,I think delivery was worst. Very frustrated.,Negative
1245,The quality is fairly stellar. Exceeded expectations.,Positive
1246,The product looks mediocre. Serves its purpose.,Neutral
1247,The quality feels perfect. Best purchase ever.,Positive
1248,The design looks great. Will buy again.,Positive
1249,Customer support is extremely fantastic. I love it.,Positive
1250,I think customer support seems regular. As expected.,Neutral
1251,Delivery feels fairly fantastic. Very satisfied.,Positive
1252,I think the service was amazing. Will buy again.,Positive
1253,The service was wonderful. Highly recommended!,Negative
1254,The price proved to be somewhat awful. Will return it.,Negative
1255,I think this item seems bad. Do not buy.,Negative
1256,The service feels totally bad. Will return it.,Negative
1257,I think the price seems fine. As expected.,Neutral
1258,The design looks somewhat fantastic. Will buy again.,Neutral
1259,I think the product seems superb. Exceeded expectations.,Positive
1260,The service looks absolutely wonderful. Very satisfied.,Positive
1261,My experience is really acceptable. Nothing special.,Neutral
1262,Delivery feels somewhat disappointing. Save your money.,Negative
1263,I think the product seems superb. Very satisfied.,Positive
1264,I think my experience is acceptable. Serves its purpose.,Neutral
1265,Delivery looks worst. Save your money.,Negative
1266,I think the price feels average. Serves its purpose.,Neutral
1267,The packaging proved to be truly average. It does the job.,Neutral
1268,The price looks fairly wonderful. Will buy again.,Positive
1269,The service was regular. Nothing special.,Neutral
1270,The service seems totally stellar. Very satisfied.,Positive
1271,The design proved to be great. Very satisfied.,Positive
1272,The packaging proved to be horrible. Very frustrated.,Negative
1273,The quality feels fine. Nothing special.,Neutral
1274,The product proved to be truly normal. It does the job.,Neutral
1275,I think the product seems mediocre. Nothing special.,Neutral
1276,I think the service looks wonderful. Very satisfied.,Positive
1277,My experience seems completely fantastic. Best purchase ever.,Positive
1278,The service looks amazing. Very satisfied.,Positive
1279,The product looks perfect. I love it.,Positive
1280,The quality seems great. I love it.,Positive
1281,I think customer support looks superb. Very satisfied.,Positive
1282,The packaging looks standard. Might buy again.,Neutral
1283,Delivery is disappointing. Save your money.,Negative
1284,The packaging feels perfect. Exceeded expectations.,Positive
1285,I think the packaging feels dreadful. I hate it.,Negative
1286,I think the quality was stellar. Will buy again.,Positive
1287,Delivery looks truly great. I love it.,Positive
1288,I think customer support is poor. Do not buy.,Negative
1289,The product seems somewhat worst. Do not buy.,Negative
1290,I think the packaging proved to be disappointing. Total waste of money.,Negative
1291,I think delivery feels terrible. Will return it.,Negative
1292,Delivery looks normal. Nothing special.,Neutral
1293,The design feels dreadful. I hate it.,Negative
1294,"The product proved to be regular. Not bad, not great.",Neutral
1295,The quality seems stellar. Best purchase ever.,Positive
1296,I think my experience feels wonderful. Exceeded expectations.,Positive
1297,I think this item looks disappointing. Do not buy.,Negative
1298,The product feels really amazing. Will buy again.,Positive
1299,I think the service seems okay. It does the job.,Neutral
1300,The quality looks somewhat disappointing. Do not buy.,Negative
1301,The service looks terrible. Will return it.,Negative
1302,The quality looks fairly disappointing. I hate it.,Negative
1303,The design feels absolutely amazing. I love it.,Neutral
1304,I think the product looks amazing. Highly recommended!,Positive
1305,Customer support seems somewhat amazing. Very satisfied.,Positive
1306,My experience feels brilliant. Highly recommended!,Positive
1307,I think the service is brilliant. Highly recommended!,Positive
1308,I think the service seems wonderful. Exceeded expectations.,Positive
1309,I think my experience feels stellar. Very satisfied.,Positive
1310,"The price proved to be normal. Not bad, not great.",Neutral
1311,The packaging feels useless. I hate it.,Negative
1312,This item was very brilliant. Very satisfied.,Positive
1313,The price feels really brilliant. Exceeded expectations.,Positive
1314,The packaging seems excellent. Highly recommended!,Positive
1315,The design is dreadful. Do not buy.,Negative
1316,The quality was really excellent. Best purchase ever.,Positive
1317,I think the service seems worst. Total waste of money.,Negative
1318,The price seems terrible. Save your money.,Negative
1319,This item looks worst. Very frustrated.,Negative
1320,The product seems totally fine. Might buy again.,Neutral
1321,Customer support was fantastic. Highly recommended!,Positive
1322,"The packaging is really average. Not bad, not great.",Neutral
1323,I think customer support looks typical. It does the job.,Neutral
1324,This item seems standard. Nothing special.,Neutral
1325,The service is somewhat disappointing. Will return it.,Negative
1326,I think delivery feels terrible. Do not buy.,Negative
1327,I think this item is brilliant. I love it.,Negative
1328,I think the packaging proved to be superb. I love it.,Positive
1329,I think the design is excellent. Best purchase ever.,Positive
1330,My experience feels quite poor. Very frustrated.,Negative
1331,I think this item looks terrible. Total waste of money.,Negative
1332,This item proved to be awesome. I love it.,Positive
1333,This item looks very fantastic. Will buy again.,Positive
1334,The product is really subpar. Will return it.,Negative
1335,Customer support proved to be completely fantastic. Will buy again.,Positive
1336,Delivery seems completely excellent. Highly recommended!,Positive
1337,The design feels awesome. Best purchase ever.,Positive
1338,This item feels fairly terrible. Will return it.,Negative
1339,Customer support seems awful. I hate it.,Negative
1340,I think delivery is awesome. I love it.,Positive
1341,I think the service proved to be excellent. Very satisfied.,Positive
1342,I think the product is awesome. Will buy again.,Positive
1343,This item is very horrible. Total waste of money.,Negative
1344,My experience was somewhat disappointing. Very frustrated.,Negative
1345,The packaging is totally superb. Very satisfied.,Positive
1346,Delivery feels truly bad. Very frustrated.,Negative
1347,I think my experience looks awesome. Very satisfied.,Positive
1348,This item is extremely great. Best purchase ever.,Positive
1349,The service proved to be fantastic. Best purchase ever.,Positive
1350,The quality looks perfect. I love it.,Negative
1351,My experience proved to be quite subpar. I hate it.,Negative
1352,The quality seems really fair. Might buy again.,Neutral
1353,The price feels wonderful. Will buy again.,Negative
1354,The price looks perfect. Exceeded expectations.,Positive
1355,I think the price was great. Highly recommended!,Positive
1356,The product feels excellent. Highly recommended!,Positive
1357,The service was absolutely brilliant. Very satisfied.,Positive
1358,I think this item seems wonderful. Exceeded expectations.,Neutral
1359,This item proved to be stellar. Exceeded expectations.,Positive
1360,The product looks disappointing. Will return it.,Negative
1361,I think the design seems useless. I hate it.,Negative
1362,The service feels very standard. Nothing special.,Neutral
1363,I think the price feels typical. It does the job.,Neutral
1364,I think the price proved to be stellar. I love it.,Positive
1365,The packaging seems very excellent. Very satisfied.,Positive
1366,I think the packaging was poor. Do not buy.,Negative
1367,The price seems fair. As expected.,Neutral
1368,I think the product looks poor. Total waste of money.,Negative
1369,Customer support was awesome. Exceeded expectations.,Neutral
1370,I think the packaging proved to be dreadful. Save your money.,Negative
1371,The design is horrible. Very frustrated.,Neutral
1372,I think this item is superb. I love it.,Positive
1373,My experience seems fine. It does the job.,Neutral
1374,The packaging is brilliant. Very satisfied.,Positive
1375,My experience seems standard. Might buy again.,Neutral
1376,The product proved to be completely awful. Will return it.,Negative
1377,The design proved to be amazing. I love it.,Positive
1378,The packaging was quite excellent. I love it.,Positive
1379,The product seems stellar. Very satisfied.,Positive
1380,The product is excellent. Very satisfied.,Positive
1381,The price looks completely great. I love it.,Positive
1382,This item proved to be extremely awful. Will return it.,Positive
1383,The product seems awful. Very frustrated.,Neutral
1384,This item is brilliant. Exceeded expectations.,Positive
1385,I think the packaging feels typical. As expected.,Neutral
1386,The price feels fantastic. Will buy again.,Positive
1387,I think my experience is disappointing. Do not buy.,Negative
1388,The quality seems absolutely useless. Do not buy.,Negative
1389,My experience was absolutely amazing. Will buy again.,Positive
1390,I think this item feels brilliant. Very satisfied.,Positive
1391,The service seems great. I love it.,Positive
1392,I think this item looks fantastic. I love it.,Positive
1393,I think the quality seems mediocre. It does the job.,Neutral
1394,Delivery looks really disappointing. Very frustrated.,Negative
1395,The product proved to be absolutely superb. Highly recommended!,Positive
1396,I think the price was worst. Do not buy.,Negative
1397,My experience looks very horrible. Do not buy.,Negative
1398,Customer support looks really mediocre. Nothing special.,Neutral
1399,I think my experience is subpar. Total waste of money.,Negative
1400,I think the product seems worst. Save your money.,Negative
1401,The quality was extremely excellent. Best purchase ever.,Positive
1402,I think the price looks bad. Very frustrated.,Negative
1403,I think delivery seems mediocre. It does the job.,Neutral
1404,I think customer support seems dreadful. Save your money.,Negative
1405,The product is really horrible. I hate it.,Negative
1406,I think the product was worst. Do not buy.,Negative
1407,The packaging seems completely worst. Save your money.,Negative
1408,This item was truly bad. Will return it.,Negative
1409,The packaging feels very stellar. Will buy again.,Positive
1410,The quality was truly awful. Total waste of money.,Negative
1411,The quality feels poor. Save your money.,Negative
1412,Customer support is bad. I hate it.,Negative
1413,The design seems perfect. Exceeded expectations.,Positive
1414,I think the product proved to be typical. It does the job.,Neutral
1415,I think my experience proved to be okay. Serves its purpose.,Neutral
1416,The design is typical. Might buy again.,Neutral
1417,The price is really standard. As expected.,Neutral
1418,The product was awful. Very frustrated.,Positive
1419,The design seems really fantastic. Exceeded expectations.,Positive
1420,The product proved to be wonderful. Will buy again.,Positive
1421,The price was awesome. Will buy again.,Negative
1422,I think this item proved to be dreadful. I hate it.,Negative
1423,I think the price was bad. Do not buy.,Negative
1424,Customer support proved to be useless. Very frustrated.,Negative
1425,The price is completely horrible. I hate it.,Negative
1426,Customer support feels absolutely fantastic. Will buy again.,Positive
1427,The price proved to be somewhat brilliant. I love it.,Positive
1428,The quality looks regular. As expected.,Neutral
1429,I think delivery is worst. Very frustrated.,Negative
1430,I think the quality proved to be excellent. Exceeded expectations.,Positive
1431,"I think my experience was regular. Not bad, not great.",Neutral
1432,The service looks totally horrible. Do not buy.,Positive
1433,The product proved to be really fair. Nothing special.,Neutral
1434,The design looks awful. Total waste of money.,Negative
1435,I think this item is dreadful. Will return it.,Negative
1436,The service proved to be very wonderful. Highly recommended!,Positive
1437,My experience proved to be stellar. Highly recommended!,Positive
1438,I think the quality was dreadful. Very frustrated.,Positive
1439,I think this item seems useless. Save your money.,Negative
1440,This item was fairly fine. As expected.,Neutral
1441,I think the design feels amazing. I love it.,Positive
1442,This item proved to be absolutely disappointing. Will return it.,Negative
1443,I think the design seems fantastic. Very satisfied.,Positive
1444,This item looks somewhat acceptable. Nothing special.,Neutral
1445,I think the design looks typical. Might buy again.,Neutral
1446,I think the design was fair. Serves its purpose.,Neutral
1447,I think customer support was fantastic. Will buy again.,Positive
1448,My experience proved to be stellar. Exceeded expectations.,Positive
1449,I think the packaging looks wonderful. Highly recommended!,Positive
1450,I think this item was terrible. Do not buy.,Negative
1451,I think the design looks standard. It does the job.,Neutral
1452,The quality is subpar. Do not buy.,Negative
1453,Customer support is wonderful. Very satisfied.,Positive
1454,"The service was mediocre. Not bad, not great.",Neutral
1455,I think the service is great. Will buy again.,Positive
1456,The price seems disappointing. Save your money.,Negative
1457,The price seems truly superb. Very satisfied.,Positive
1458,The design looks very fantastic. Best purchase ever.,Positive
1459,I think the product seems excellent. Very satisfied.,Positive
1460,Delivery proved to be subpar. Very frustrated.,Negative
1461,I think the price proved to be acceptable. As expected.,Neutral
1462,"I think delivery proved to be regular. Not bad, not great.",Neutral
1463,I think the quality is wonderful. Will buy again.,Positive
1464,I think the quality feels awful. Very frustrated.,Negative
1465,This item was average. It does the job.,Neutral
1466,The quality looks quite brilliant. Highly recommended!,Positive
1467,My experience feels perfect. Best purchase ever.,Positive
1468,The quality is absolutely regular. It does the job.,Neutral
1469,I think the product looks amazing. Highly recommended!,Positive
1470,I think the product was standard. As expected.,Neutral
1471,The service seems extremely fine. As expected.,Neutral
1472,Customer support feels subpar. Save your money.,Negative
1473,I think customer support seems normal. Serves its purpose.,Neutral
1474,I think the quality seems fantastic. I love it.,Positive
1475,I think the product feels stellar. Best purchase ever.,Positive
1476,I think my experience looks regular. Nothing special.,Neutral
1477,I think the design feels useless. Save your money.,Negative
1478,The design seems excellent. Will buy again.,Positive
1479,The design looks great. Very satisfied.,Positive
1480,The product seems stellar. Will buy again.,Positive
1481,My experience looks typical. Nothing special.,Neutral
1482,The packaging feels worst. Save your money.,Negative
1483,I think delivery feels terrible. Very frustrated.,Negative
1484,The product feels awful. Total waste of money.,Negative
1485,This item is bad. Total waste of money.,Negative
1486,My experience feels quite awful. Do not buy.,Negative
1487,I think my experience was fantastic. I love it.,Positive
1488,Customer support proved to be amazing. Will buy again.,Positive
1489,My experience seems excellent. Very satisfied.,Positive
1490,I think the packaging seems dreadful. Will return it.,Negative
1491,I think the packaging proved to be worst. Very frustrated.,Positive
1492,The price proved to be amazing. I love it.,Positive
1493,I think the packaging feels poor. Very frustrated.,Negative
1494,I think the product looks awesome. Exceeded expectations.,Positive
1495,My experience was excellent. Highly recommended!,Positive
1496,The service is useless. I hate it.,Negative
1497,I think the price seems brilliant. Will buy again.,Positive
1498,I think the service was worst. I hate it.,Negative
1499,The service proved to be horrible. Very frustrated.,Negative
1500,The packaging seems awesome. Very satisfied.,Positive
1501,The service looks really regular. It does the job.,Neutral
1502,I think the product feels subpar. Total waste of money.,Negative
1503,Customer support looks completely worst. Will return it.,Negative
1504,My experience is fairly awful. Very frustrated.,Negative
1505,I think my experience proved to be worst. Save your money.,Negative
1506,This item is regular. Serves its purpose.,Neutral
1507,My experience looks dreadful. Will return it.,Negative
1508,The product proved to be disappointing. Do not buy.,Negative
1509,This item feels totally brilliant. I love it.,Positive
1510,My experience feels fine. Serves its purpose.,Neutral
1511,I think the service looks superb. I love it.,Positive
1512,The design is terrible. Save your money.,Negative
1513,I think the price proved to be typical. Serves its purpose.,Neutral
1514,The product feels bad. Save your money.,Negative
1515,My experience looks okay. As expected.,Neutral
1516,The quality looks dreadful. Total waste of money.,Negative
1517,Delivery was absolutely disappointing. Very frustrated.,Negative
1518,The packaging seems average. It does the job.,Neutral
1519,I think delivery proved to be fair. Nothing special.,Neutral
1520,The quality feels wonderful. I love it.,Positive
1521,This item feels quite regular. Might buy again.,Neutral
1522,Delivery feels amazing. Very satisfied.,Positive
1523,The service looks amazing. I love it.,Positive
1524,I think the quality looks worst. Will return it.,Negative
1525,The packaging proved to be fair. Serves its purpose.,Neutral
1526,The price is totally regular. Might buy again.,Neutral
1527,I think delivery is disappointing. Will return it.,Negative
1528,I think the quality proved to be horrible. Do not buy.,Negative
1529,I think the packaging is useless. I hate it.,Negative
1530,My experience seems poor. Do not buy.,Negative
1531,The price proved to be extremely fine. Nothing special.,Neutral
1532,Delivery proved to be quite amazing. Exceeded expectations.,Positive
1533,The quality feels really bad. Will return it.,Negative
1534,The service feels normal. Serves its purpose.,Neutral
1535,I think the product proved to be brilliant. I love it.,Negative
1536,The price is brilliant. I love it.,Positive
1537,I think my experience proved to be poor. Save your money.,Negative
1538,"My experience was quite fair. Not bad, not great.",Neutral
1539,I think the service seems amazing. Will buy again.,Positive
1540,My experience seems standard. Serves its purpose.,Neutral
1541,My experience was somewhat perfect. I love it.,Positive
1542,I think the product was perfect. Very satisfied.,Positive
1543,I think the product was bad. Save your money.,Negative
1544,I think my experience seems wonderful. Best purchase ever.,Positive
1545,I think this item was bad. Will return it.,Negative
1546,The product feels very typical. Might buy again.,Neutral
1547,The packaging proved to be absolutely excellent. Best purchase ever.,Positive
1548,The price is truly awful. Total waste of money.,Negative
1549,This item seems disappointing. Do not buy.,Negative
1550,I think the packaging proved to be okay. Serves its purpose.,Neutral
1551,Delivery is fantastic. Best purchase ever.,Positive
1552,The price seems totally worst. Very frustrated.,Negative
1553,The design feels extremely typical. As expected.,Neutral
1554,Delivery looks excellent. Will buy again.,Positive
1555,The design looks fairly disappointing. Save your money.,Negative
1556,I think customer support feels excellent. Best purchase ever.,Positive
1557,I think my experience feels disappointing. Will return it.,Negative
1558,My experience seems fine. Might buy again.,Neutral
1559,This item is wonderful. Exceeded expectations.,Positive
1560,Customer support proved to be excellent. Highly recommended!,Positive
1561,The quality feels really mediocre. It does the job.,Positive
1562,Delivery was really terrible. Will return it.,Negative
1563,The design feels truly regular. Might buy again.,Neutral
1564,I think this item feels horrible. Save your money.,Negative
1565,My experience is horrible. Will return it.,Negative
1566,I think delivery feels worst. Very frustrated.,Negative
1567,The price looks horrible. Will return it.,Negative
1568,This item seems terrible. Do not buy.,Negative
1569,I think customer support was worst. Save your money.,Negative
1570,Customer support feels really superb. Exceeded expectations.,Positive
1571,Delivery feels useless. Save your money.,Negative
1572,My experience is terrible. Save your money.,Negative
1573,The product was really stellar. I love it.,Positive
1574,The design proved to be truly fair. It does the job.,Neutral
1575,The price feels superb. Exceeded expectations.,Positive
1576,This item proved to be really awesome. Exceeded expectations.,Positive
1577,I think customer support proved to be dreadful. Save your money.,Negative
1578,I think delivery proved to be awful. I hate it.,Negative
1579,"I think the packaging seems standard. Not bad, not great.",Neutral
1580,The product looks somewhat awesome. I love it.,Positive
1581,This item feels perfect. Exceeded expectations.,Positive
1582,I think the service looks mediocre. Nothing special.,Neutral
1583,This item is completely useless. Save your money.,Negative
1584,I think the design is terrible. Total waste of money.,Negative
1585,The packaging seems awful. I hate it.,Positive
1586,I think the price looks perfect. Very satisfied.,Positive
1587,The design feels fairly amazing. I love it.,Positive
1588,Delivery is brilliant. Highly recommended!,Positive
1589,The price feels very wonderful. Will buy again.,Positive
1590,The design seems terrible. Very frustrated.,Negative
1591,I think the service seems awful. Very frustrated.,Negative
1592,Delivery is wonderful. Exceeded expectations.,Positive
1593,I think the quality seems dreadful. Do not buy.,Negative
1594,I think the packaging feels amazing. Highly recommended!,Positive
1595,I think the price proved to be bad. Do not buy.,Positive
1596,The price feels stellar. Very satisfied.,Positive
1597,The packaging was extremely awful. I hate it.,Negative
1598,I think delivery proved to be useless. Total waste of money.,Negative
1599,The packaging proved to be great. Best purchase ever.,Positive
1600,I think my experience was great. I love it.,Positive
1601,The packaging looks quite useless. Total waste of money.,Negative
1602,My experience is superb. Highly recommended!,Positive
1603,The quality looks superb. Best purchase ever.,Positive
1604,I think the product is amazing. Highly recommended!,Positive
1605,The quality feels wonderful. Will buy again.,Positive
1606,My experience looks brilliant. Highly recommended!,Positive
1607,I think my experience looks wonderful. Will buy again.,Positive
1608,My experience seems worst. Save your money.,Negative
1609,I think delivery seems wonderful. Exceeded expectations.,Positive
1610,The product seems fairly mediocre. It does the job.,Neutral
1611,The quality feels fair. Nothing special.,Neutral
1612,This item feels disappointing. Very frustrated.,Negative
1613,The design was amazing. Will buy again.,Positive
1614,The design seems really awful. Very frustrated.,Negative
1615,The price looks absolutely awesome. Highly recommended!,Positive
1616,I think my experience looks awful. Save your money.,Negative
1617,Customer support proved to be fantastic. I love it.,Positive
1618,I think the design feels worst. I hate it.,Negative
1619,The quality is completely typical. It does the job.,Neutral
1620,Customer support is brilliant. Highly recommended!,Positive
1621,My experience looks awful. I hate it.,Negative
1622,This item feels really useless. Very frustrated.,Negative
1623,The product feels quite dreadful. I hate it.,Negative
1624,My experience seems quite typical. As expected.,Neutral
1625,I think customer support proved to be mediocre. Nothing special.,Neutral
1626,I think the product feels terrible. I hate it.,Negative
1627,Customer support proved to be somewhat perfect. Will buy again.,Positive
1628,The design was absolutely excellent. Best purchase ever.,Positive
1629,I think customer support proved to be dreadful. I hate it.,Negative
1630,This item looks awesome. I love it.,Positive
1631,The service feels totally awesome. Very satisfied.,Positive
1632,The packaging feels fairly great. Highly recommended!,Positive
1633,I think the packaging is useless. Very frustrated.,Negative
1634,The packaging was fantastic. Very satisfied.,Positive
1635,Delivery seems truly awesome. I love it.,Positive
1636,The price is brilliant. Will buy again.,Positive
1637,I think customer support feels useless. Do not buy.,Negative
1638,The price seems bad. Will return it.,Negative
1639,I think the price seems fantastic. I love it.,Positive
1640,The quality seems somewhat stellar. Highly recommended!,Positive
1641,My experience is completely terrible. Save your money.,Negative
1642,The price looks very useless. Total waste of money.,Negative
1643,Delivery is quite great. I love it.,Positive
1644,Delivery was completely subpar. Do not buy.,Negative
1645,Delivery was somewhat amazing. Highly recommended!,Positive
1646,The service is fairly dreadful. Save your money.,Negative
1647,"Delivery looks fairly acceptable. Not bad, not great.",Neutral
1648,The design looks brilliant. Will buy again.,Positive
1649,The packaging feels extremely brilliant. Best purchase ever.,Negative
1650,The product is fair. Nothing special.,Positive
1651,Customer support looks very superb. Best purchase ever.,Positive
1652,I think the design seems terrible. Save your money.,Negative
1653,The packaging is excellent. Highly recommended!,Positive
1654,Delivery proved to be horrible. Will return it.,Negative
1655,The design was fantastic. Will buy again.,Positive
1656,I think the packaging seems fantastic. Exceeded expectations.,Positive
1657,The design was extremely wonderful. Highly recommended!,Positive
1658,I think the quality feels horrible. I hate it.,Negative
1659,My experience looks fairly subpar. Save your money.,Negative
1660,The design is awesome. I love it.,Positive
1661,The quality was horrible. Very frustrated.,Negative
1662,The service was excellent. I love it.,Positive
1663,I think my experience looks dreadful. Will return it.,Negative
1664,The price looks stellar. Will buy again.,Positive
1665,Delivery seems bad. Very frustrated.,Negative
1666,Customer support looks truly disappointing. Do not buy.,Negative
1667,The price looks poor. I hate it.,Negative
1668,I think the product proved to be regular. Might buy again.,Neutral
1669,I think delivery looks stellar. I love it.,Positive
1670,I think the design looks bad. I hate it.,Negative
1671,I think my experience proved to be useless. Very frustrated.,Negative
1672,My experience was awesome. Exceeded expectations.,Positive
1673,The design was bad. Very frustrated.,Negative
1674,Customer support seems completely amazing. Highly recommended!,Neutral
1675,I think delivery seems perfect. Very satisfied.,Positive
1676,Delivery looks terrible. Will return it.,Negative
1677,I think the product proved to be amazing. Highly recommended!,Positive
1678,The service is stellar. Will buy again.,Positive
1679,This item feels horrible. Total waste of money.,Negative
1680,Delivery seems brilliant. I love it.,Positive
1681,I think the product seems great. Exceeded expectations.,Positive
1682,I think the packaging proved to be normal. As expected.,Neutral
1683,The quality looks bad. Will return it.,Negative
1684,The price seems extremely subpar. Save your money.,Negative
1685,I think the price feels subpar. I hate it.,Negative
1686,This item is fine. Might buy again.,Neutral
1687,I think my experience looks awesome. Best purchase ever.,Positive
1688,Delivery proved to be somewhat superb. Very satisfied.,Positive
1689,Customer support proved to be poor. Will return it.,Negative
1690,My experience proved to be somewhat disappointing. I hate it.,Negative
1691,The service is totally perfect. Will buy again.,Positive
1692,I think customer support feels perfect. Very satisfied.,Positive
1693,Customer support proved to be absolutely horrible. Will return it.,Negative
1694,Customer support was very amazing. I love it.,Positive
1695,I think the product proved to be excellent. Will buy again.,Positive
1696,Delivery feels fine. It does the job.,Positive
1697,The service proved to be fairly dreadful. Total waste of money.,Negative
1698,Customer support looks fairly acceptable. It does the job.,Neutral
1699,Customer support was extremely perfect. Exceeded expectations.,Positive
1700,I think the product looks horrible. Save your money.,Negative
1701,"The service was fair. Not bad, not great.",Neutral
1702,I think customer support proved to be useless. Save your money.,Negative
1703,I think the quality is great. Exceeded expectations.,Positive
1704,Customer support was dreadful. Do not buy.,Negative
1705,The price seems truly fantastic. Best purchase ever.,Positive
1706,Delivery proved to be absolutely great. Will buy again.,Positive
1707,The packaging feels absolutely awesome. Exceeded expectations.,Positive
1708,My experience proved to be very stellar. Highly recommended!,Positive
1709,This item feels absolutely awesome. Highly recommended!,Positive
1710,Delivery seems absolutely disappointing. Will return it.,Negative
1711,This item was perfect. I love it.,Positive
1712,The service seems great. Best purchase ever.,Positive
1713,I think this item proved to be brilliant. Will buy again.,Positive
1714,The price is totally bad. Save your money.,Negative
1715,The packaging seems completely poor. Save your money.,Negative
1716,The price looks quite typical. Serves its purpose.,Neutral
1717,The service is excellent. Highly recommended!,Positive
1718,I think the product looks excellent. Best purchase ever.,Positive
1719,The quality looks stellar. Highly recommended!,Positive
1720,The service seems bad. Do not buy.,Negative
1721,My experience looks awesome. Very satisfied.,Positive
1722,I think this item proved to be fine. Might buy again.,Neutral
1723,This item feels poor. Will return it.,Negative
1724,This item was quite worst. Total waste of money.,Negative
1725,The design looks quite amazing. Very satisfied.,Positive
1726,The product was quite awful. Save your money.,Negative
1727,This item is very great. I love it.,Positive
1728,Customer support proved to be excellent. Best purchase ever.,Positive
1729,This item is quite regular. It does the job.,Neutral
1730,The product feels amazing. Best purchase ever.,Negative
1731,I think the service seems great. Exceeded expectations.,Positive
1732,I think delivery is amazing. Very satisfied.,Positive
1733,I think the packaging looks excellent. Best purchase ever.,Negative
1734,The price was completely subpar. Save your money.,Negative
1735,The quality feels worst. I hate it.,Negative
1736,The service feels wonderful. I love it.,Positive
1737,I think the service is dreadful. Total waste of money.,Negative
1738,My experience looks bad. Will return it.,Negative
1739,The packaging proved to be worst. Save your money.,Negative
1740,Delivery was quite acceptable. It does the job.,Neutral
1741,The packaging is dreadful. Total waste of money.,Negative
1742,I think the quality was awful. Do not buy.,Negative
1743,I think this item looks awful. Total waste of money.,Negative
1744,The service proved to be worst. Total waste of money.,Negative
1745,The price is awesome. I love it.,Positive
1746,The service feels quite awesome. I love it.,Positive
1747,The design looks truly disappointing. Will return it.,Negative
1748,Delivery looks completely worst. Very frustrated.,Negative
1749,This item proved to be wonderful. Highly recommended!,Positive
1750,My experience looks really wonderful. Best purchase ever.,Neutral
1751,Delivery is totally brilliant. Exceeded expectations.,Positive
1752,I think the price looks superb. Highly recommended!,Positive
1753,The product looks stellar. Highly recommended!,Positive
1754,The quality was great. Best purchase ever.,Positive
1755,My experience feels dreadful. Total waste of money.,Negative
1756,I think my experience proved to be amazing. Very satisfied.,Positive
1757,The quality proved to be fine. It does the job.,Neutral
1758,I think this item seems awesome. I love it.,Positive
1759,I think this item was average. It does the job.,Neutral
1760,I think this item seems worst. Very frustrated.,Negative
1761,The packaging seems absolutely perfect. Exceeded expectations.,Positive
1762,I think the packaging was poor. Do not buy.,Negative
1763,I think my experience seems superb. Exceeded expectations.,Positive
1764,Customer support feels extremely horrible. Very frustrated.,Neutral
1765,"Delivery seems fair. Not bad, not great.",Positive
1766,I think the quality feels amazing. Exceeded expectations.,Positive
1767,I think delivery proved to be average. It does the job.,Neutral
1768,The product is superb. Best purchase ever.,Positive
1769,My experience seems great. Highly recommended!,Positive
1770,Delivery is bad. I hate it.,Negative
1771,I think this item was great. Very satisfied.,Positive
1772,The packaging feels somewhat wonderful. Exceeded expectations.,Positive
1773,The design was stellar. Highly recommended!,Positive
1774,The price is wonderful. Exceeded expectations.,Positive
1775,The service feels terrible. Will return it.,Negative
1776,Delivery was worst. Do not buy.,Negative
1777,This item was awful. Total waste of money.,Negative
1778,Delivery feels very dreadful. Save your money.,Negative
1779,I think my experience was worst. Will return it.,Negative
1780,My experience feels totally worst. Save your money.,Negative
1781,I think customer support is typical. Serves its purpose.,Neutral
1782,The quality is useless. I hate it.,Negative
1783,This item feels amazing. Best purchase ever.,Positive
1784,The product is quite awful. Will return it.,Positive
1785,The quality seems totally brilliant. Will buy again.,Positive
1786,The design looks totally perfect. I love it.,Positive
1787,I think this item seems fine. Nothing special.,Neutral
1788,The service proved to be superb. Best purchase ever.,Positive
1789,The design seems typical. Nothing special.,Neutral
1790,I think this item looks excellent. Exceeded expectations.,Positive
1791,The packaging looks somewhat wonderful. Exceeded expectations.,Neutral
1792,Delivery proved to be somewhat disappointing. I hate it.,Negative
1793,The design feels mediocre. Nothing special.,Neutral
1794,I think delivery seems acceptable. Nothing special.,Neutral
1795,The design is excellent. Highly recommended!,Positive
1796,"I think the quality was acceptable. Not bad, not great.",Neutral
1797,"I think delivery proved to be average. Not bad, not great.",Neutral
1798,My experience feels really acceptable. It does the job.,Neutral
1799,The design looks disappointing. Very frustrated.,Negative
1800,I think the service was superb. Very satisfied.,Positive
1801,Delivery seems standard. As expected.,Neutral
1802,The product looks perfect. Best purchase ever.,Positive
1803,The design feels perfect. Highly recommended!,Negative
1804,I think the quality is terrible. Save your money.,Positive
1805,The price feels horrible. I hate it.,Negative
1806,The quality seems quite awful. Will return it.,Negative
1807,The packaging proved to be standard. As expected.,Neutral
1808,I think the design seems disappointing. Very frustrated.,Negative
1809,I think this item looks useless. Save your money.,Negative
1810,"I think the design proved to be mediocre. Not bad, not great.",Neutral
1811,I think the service looks okay. As expected.,Neutral
1812,I think the service proved to be superb. Exceeded expectations.,Positive
1813,This item feels really dreadful. Will return it.,Negative
1814,The design looks quite worst. Do not buy.,Negative
1815,The design looks wonderful. I love it.,Positive
1816,I think delivery proved to be perfect. Very satisfied.,Positive
1817,This item looks excellent. Highly recommended!,Positive
1818,This item seems quite perfect. I love it.,Positive
1819,The service feels quite subpar. Save your money.,Negative
1820,The product is totally terrible. Save your money.,Negative
1821,The quality proved to be fairly horrible. Very frustrated.,Negative
1822,I think the packaging was standard. Nothing special.,Neutral
1823,The design is great. I love it.,Positive
1824,The price looks terrible. I hate it.,Negative
1825,I think delivery proved to be great. Will buy again.,Positive
1826,Customer support is really normal. Serves its purpose.,Neutral
1827,The service looks wonderful. Very satisfied.,Positive
1828,The packaging was very fantastic. Will buy again.,Positive
1829,Delivery proved to be totally great. Very satisfied.,Positive
1830,I think the price feels perfect. Highly recommended!,Positive
1831,Delivery feels brilliant. I love it.,Positive
1832,I think customer support seems amazing. Exceeded expectations.,Positive
1833,I think the service looks amazing. Exceeded expectations.,Positive
1834,The design was extremely awesome. Very satisfied.,Positive
1835,I think customer support looks average. Nothing special.,Neutral
1836,My experience seems terrible. Save your money.,Negative
1837,The design seems fantastic. Highly recommended!,Positive
1838,I think the price proved to be amazing. Will buy again.,Positive
1839,The quality is totally excellent. Will buy again.,Positive
1840,I think the packaging seems awful. Will return it.,Negative
1841,My experience was awesome. Exceeded expectations.,Positive
1842,The service looks fairly standard. Nothing special.,Neutral
1843,The quality seems fantastic. Exceeded expectations.,Positive
1844,Delivery seems awful. I hate it.,Negative
1845,Delivery is great. Best purchase ever.,Positive
1846,The quality seems very awesome. Will buy again.,Positive
1847,The price feels fair. Might buy again.,Neutral
1848,I think the design feels horrible. Save your money.,Negative
1849,My experience seems fairly excellent. Best purchase ever.,Positive
1850,I think my experience was regular. It does the job.,Neutral
1851,The design looks bad. Save your money.,Negative
1852,Customer support looks fairly dreadful. Very frustrated.,Negative
1853,The price was fairly useless. Total waste of money.,Negative
1854,The price proved to be perfect. Very satisfied.,Positive
1855,The packaging looks brilliant. Highly recommended!,Positive
1856,The design is fantastic. Highly recommended!,Positive
1857,The service proved to be somewhat amazing. Highly recommended!,Positive
1858,The price feels completely disappointing. I hate it.,Negative
1859,The product is great. Best purchase ever.,Positive
1860,I think delivery is terrible. Will return it.,Negative
1861,I think delivery looks superb. I love it.,Positive
1862,The design feels mediocre. Might buy again.,Neutral
1863,The service was horrible. Do not buy.,Negative
1864,Customer support feels somewhat worst. Will return it.,Negative
1865,I think the product proved to be amazing. Will buy again.,Positive
1866,This item was very worst. Total waste of money.,Negative
1867,The price proved to be brilliant. Best purchase ever.,Positive
1868,I think the service was perfect. Exceeded expectations.,Positive
1869,The service seems somewhat fantastic. Very satisfied.,Negative
1870,The packaging looks totally fantastic. Highly recommended!,Positive
1871,The price is stellar. Will buy again.,Negative
1872,The packaging was completely normal. It does the job.,Neutral
1873,The product proved to be normal. Might buy again.,Neutral
1874,I think the price was horrible. Save your money.,Negative
1875,I think the packaging seems dreadful. Save your money.,Negative
1876,This item seems fairly okay. It does the job.,Neutral
1877,The packaging is superb. Highly recommended!,Positive
1878,This item is disappointing. Very frustrated.,Negative
1879,I think this item feels awesome. I love it.,Positive
1880,Customer support looks okay. Nothing special.,Neutral
1881,I think delivery is bad. Do not buy.,Negative
1882,I think my experience looks useless. Will return it.,Negative
1883,Customer support feels very dreadful. Do not buy.,Negative
1884,I think the design is great. Best purchase ever.,Positive
1885,Delivery is quite fantastic. Highly recommended!,Neutral
1886,"The quality looks extremely normal. Not bad, not great.",Neutral
1887,Delivery seems useless. Will return it.,Negative
1888,The packaging looks amazing. Best purchase ever.,Positive
1889,The service seems average. Nothing special.,Neutral
1890,I think the packaging proved to be dreadful. Very frustrated.,Negative
1891,I think the design seems dreadful. I hate it.,Negative
1892,Customer support proved to be wonderful. Will buy again.,Positive
1893,The packaging looks acceptable. Serves its purpose.,Neutral
1894,I think the design is bad. Will return it.,Negative
1895,Customer support looks very terrible. Will return it.,Negative
1896,The price proved to be quite awesome. Very satisfied.,Positive
1897,The service seems horrible. Very frustrated.,Negative
1898,I think the service was brilliant. I love it.,Positive
1899,Customer support seems dreadful. I hate it.,Negative
1900,This item feels completely poor. Will return it.,Negative
1901,The product was really superb. Highly recommended!,Positive
1902,The price seems quite great. Will buy again.,Positive
1903,I think the product seems fantastic. Exceeded expectations.,Positive
1904,The product looks truly typical. As expected.,Neutral
1905,This item looks absolutely excellent. Will buy again.,Positive
1906,I think the service feels fine. It does the job.,Neutral
1907,The price looks normal. As expected.,Neutral
1908,I think customer support is subpar. Will return it.,Negative
1909,The product looks amazing. Will buy again.,Positive
1910,I think the service proved to be bad. I hate it.,Negative
1911,The price is quite dreadful. Save your money.,Negative
1912,The price looks wonderful. Best purchase ever.,Positive
1913,I think the design proved to be disappointing. Save your money.,Negative
1914,The price seems perfect. Will buy again.,Positive
1915,The packaging looks extremely okay. Serves its purpose.,Neutral
1916,My experience was truly poor. Total waste of money.,Negative
1917,The price seems completely normal. Serves its purpose.,Neutral
1918,The packaging seems somewhat dreadful. Total waste of money.,Negative
1919,The packaging was mediocre. Serves its purpose.,Neutral
1920,The service looks really disappointing. Save your money.,Negative
1921,I think the product feels useless. Total waste of money.,Negative
1922,The product is subpar. Total waste of money.,Negative
1923,The product seems truly amazing. Very satisfied.,Positive
1924,Delivery was completely amazing. I love it.,Positive
1925,Customer support was very awesome. Best purchase ever.,Positive
1926,My experience feels great. Very satisfied.,Positive
1927,The quality seems worst. I hate it.,Negative
1928,My experience is horrible. Very frustrated.,Negative
1929,I think the quality feels bad. Total waste of money.,Negative
1930,The product feels quite useless. Save your money.,Negative
1931,This item feels wonderful. Exceeded expectations.,Positive
1932,The quality proved to be awful. Very frustrated.,Negative
1933,I think this item proved to be awful. Save your money.,Negative
1934,The product feels disappointing. Do not buy.,Negative
1935,Customer support looks absolutely useless. Do not buy.,Negative
1936,"I think delivery feels normal. Not bad, not great.",Neutral
1937,I think the product is bad. Total waste of money.,Negative
1938,The quality seems amazing. Will buy again.,Positive
1939,I think the product is awful. Will return it.,Negative
1940,This item proved to be fine. Serves its purpose.,Neutral
1941,I think the service looks average. As expected.,Neutral
1942,I think the quality is subpar. I hate it.,Negative
1943,The service was bad. I hate it.,Negative
1944,Delivery is quite brilliant. Best purchase ever.,Positive
1945,The service seems completely superb. Highly recommended!,Positive
1946,I think the product was fine. It does the job.,Neutral
1947,The service proved to be really subpar. Total waste of money.,Positive
1948,The quality seems mediocre. Might buy again.,Neutral
1949,Customer support looks okay. Might buy again.,Neutral
1950,The design proved to be terrible. Will return it.,Negative
1951,The service looks brilliant. I love it.,Positive
1952,I think my experience feels excellent. Highly recommended!,Positive
1953,I think this item is disappointing. Very frustrated.,Negative
1954,The service feels completely worst. Do not buy.,Negative
1955,The service is horrible. Save your money.,Negative
1956,I think the quality feels mediocre. It does the job.,Neutral
1957,I think the service was subpar. Save your money.,Negative
1958,The price is standard. It does the job.,Neutral
1959,"Delivery proved to be standard. Not bad, not great.",Neutral
1960,Customer support seems mediocre. Nothing special.,Neutral
1961,I think the packaging looks mediocre. It does the job.,Neutral
1962,"I think the packaging seems typical. Not bad, not great.",Neutral
1963,My experience proved to be subpar. Will return it.,Negative
1964,The design feels somewhat okay. Serves its purpose.,Neutral
1965,I think the quality proved to be fine. Nothing special.,Neutral
1966,The service seems truly disappointing. Save your money.,Negative
1967,The product seems extremely worst. Will return it.,Positive
1968,"The service looks typical. Not bad, not great.",Neutral
1969,I think the price looks perfect. Highly recommended!,Positive
1970,I think the quality looks fantastic. Very satisfied.,Positive
1971,The service proved to be average. Might buy again.,Neutral
1972,I think the product looks poor. Do not buy.,Negative
1973,The design is disappointing. Total waste of money.,Negative
1974,I think the product is worst. Will return it.,Negative
1975,I think the packaging feels horrible. Save your money.,Negative
1976,My experience looks truly perfect. Best purchase ever.,Positive
1977,Customer support feels somewhat bad. Very frustrated.,Negative
1978,Customer support proved to be really brilliant. Very satisfied.,Positive
1979,The design proved to be totally subpar. I hate it.,Negative
1980,The service feels fairly disappointing. I hate it.,Negative
1981,The service proved to be subpar. Do not buy.,Negative
1982,I think the product looks excellent. Very satisfied.,Positive
1983,I think the product seems stellar. I love it.,Positive
1984,The service is somewhat poor. Very frustrated.,Neutral
1985,The packaging is fairly poor. Very frustrated.,Negative
1986,I think customer support was horrible. I hate it.,Negative
1987,I think the quality proved to be okay. As expected.,Neutral
1988,"I think the service was fair. Not bad, not great.",Neutral
1989,The packaging proved to be superb. I love it.,Positive
1990,I think the product feels perfect. Very satisfied.,Positive
1991,The product looks fairly terrible. Will return it.,Negative
1992,The product is horrible. I hate it.,Negative
1993,The service is extremely typical. As expected.,Neutral
1994,I think the price seems fantastic. Will buy again.,Positive
1995,My experience looks standard. As expected.,Neutral
1996,I think the packaging seems brilliant. Will buy again.,Positive
1997,Customer support is completely subpar. Very frustrated.,Negative
1998,I think my experience seems awful. Very frustrated.,Negative
1999,My experience was absolutely fantastic. Highly recommended!,Positive
2000,The quality proved to be somewhat fantastic. Very satisfied.,Positive
2001,The packaging feels quite dreadful. I hate it.,Negative
2002,This item proved to be poor. Save your money.,Negative
2003,The design feels completely excellent. I love it.,Positive
2004,The packaging seems quite disappointing. Total waste of money.,Negative
2005,I think the design seems acceptable. Might buy again.,Neutral
2006,I think the product seems okay. Might buy again.,Neutral
2007,The price seems dreadful. Very frustrated.,Negative
2008,I think the product feels disappointing. Do not buy.,Negative
2009,My experience feels terrible. Very frustrated.,Negative
2010,I think delivery is amazing. I love it.,Positive
2011,The packaging seems fairly regular. It does the job.,Neutral
2012,The packaging is truly superb. Highly recommended!,Positive
2013,I think delivery seems awesome. Exceeded expectations.,Positive
2014,I think delivery feels excellent. Exceeded expectations.,Positive
2015,The packaging proved to be poor. Do not buy.,Negative
2016,Delivery feels absolutely useless. Will return it.,Negative
2017,This item feels terrible. Save your money.,Negative
2018,The packaging seems bad. Will return it.,Negative
2019,The design seems truly dreadful. Save your money.,Neutral
2020,The design looks awful. Very frustrated.,Negative
2021,The product was extremely poor. Very frustrated.,Negative
2022,The price was somewhat amazing. Will buy again.,Positive
2023,The design proved to be dreadful. Save your money.,Positive
2024,I think customer support was wonderful. Highly recommended!,Positive
2025,The service was very wonderful. Exceeded expectations.,Positive
2026,The product seems regular. Nothing special.,Neutral
2027,This item is worst. Do not buy.,Negative
2028,I think customer support is wonderful. Highly recommended!,Positive
2029,The price proved to be excellent. Highly recommended!,Positive
2030,This item seems useless. I hate it.,Negative
2031,The quality seems very awful. Very frustrated.,Negative
2032,This item is wonderful. Exceeded expectations.,Positive
2033,I think delivery was excellent. I love it.,Positive
2034,The service feels somewhat stellar. Will buy again.,Positive
2035,My experience feels standard. It does the job.,Neutral
2036,"I think the design seems average. Not bad, not great.",Neutral
2037,I think the packaging was dreadful. Do not buy.,Negative
2038,Delivery is useless. I hate it.,Negative
2039,The quality feels brilliant. Will buy again.,Positive
2040,My experience looks poor. Will return it.,Negative
2041,Delivery proved to be somewhat terrible. Will return it.,Negative
2042,The packaging proved to be useless. I hate it.,Negative
2043,The product seems excellent. Best purchase ever.,Positive
2044,I think the design is okay. Serves its purpose.,Neutral
2045,The packaging feels extremely amazing. Will buy again.,Positive
2046,I think delivery feels amazing. Highly recommended!,Positive
2047,I think the packaging proved to be fantastic. Exceeded expectations.,Positive
2048,I think the quality seems useless. Do not buy.,Negative
2049,This item looks extremely brilliant. Very satisfied.,Positive
2050,The product feels perfect. Best purchase ever.,Positive
2051,The price looks stellar. Will buy again.,Positive
2052,I think the design is poor. Will return it.,Negative
2053,My experience seems worst. Total waste of money.,Negative
2054,The design is very horrible. I hate it.,Negative
2055,The quality seems superb. Best purchase ever.,Positive
2056,The service was awful. Do not buy.,Negative
2057,The design feels extremely awful. Save your money.,Negative
2058,Delivery proved to be subpar. Total waste of money.,Negative
2059,The product feels typical. It does the job.,Neutral
2060,I think the packaging is useless. Do not buy.,Negative
2061,The quality proved to be extremely normal. Serves its purpose.,Neutral
2062,I think delivery proved to be poor. I hate it.,Negative
2063,The price proved to be fairly superb. Highly recommended!,Positive
2064,The packaging seems awesome. Very satisfied.,Positive
2065,My experience was completely excellent. Highly recommended!,Positive
2066,I think the service proved to be amazing. Very satisfied.,Positive
2067,The service feels absolutely acceptable. Serves its purpose.,Neutral
2068,Customer support was truly disappointing. Will return it.,Negative
2069,The product looks very awful. Will return it.,Negative
2070,The packaging is absolutely fantastic. Best purchase ever.,Positive
2071,I think the product was horrible. Total waste of money.,Negative
2072,The design seems truly amazing. Will buy again.,Positive
2073,I think the design was dreadful. I hate it.,Positive
2074,The design is quite awesome. Exceeded expectations.,Positive
2075,I think the design seems awesome. Exceeded expectations.,Positive
2076,Delivery is somewhat fantastic. Exceeded expectations.,Positive
2077,I think this item seems horrible. I hate it.,Positive
2078,My experience proved to be useless. Very frustrated.,Negative
2079,I think customer support seems subpar. Very frustrated.,Negative
2080,The service feels somewhat perfect. Exceeded expectations.,Positive
2081,The packaging was subpar. Do not buy.,Negative
2082,I think the design looks bad. Will return it.,Negative
2083,Customer support is totally dreadful. Will return it.,Negative
2084,The product seems awesome. Will buy again.,Positive
2085,Customer support is horrible. Do not buy.,Negative
2086,"The packaging seems extremely standard. Not bad, not great.",Neutral
2087,Customer support is absolutely disappointing. Save your money.,Negative
2088,The packaging is somewhat disappointing. Save your money.,Negative
2089,The quality proved to be mediocre. Might buy again.,Neutral
2090,I think the product is awful. Save your money.,Negative
2091,I think customer support looks terrible. I hate it.,Negative
2092,I think the packaging looks subpar. Save your money.,Negative
2093,The design seems stellar. Best purchase ever.,Positive
2094,I think the service proved to be excellent. Highly recommended!,Positive
2095,The product feels awesome. I love it.,Positive
2096,The quality seems fantastic. Will buy again.,Positive
2097,I think the price looks great. Highly recommended!,Positive
2098,I think the service seems subpar. Total waste of money.,Negative
2099,The quality feels brilliant. Best purchase ever.,Negative
2100,I think the packaging was worst. Will return it.,Negative
2101,I think delivery looks horrible. I hate it.,Negative
2102,My experience proved to be very excellent. I love it.,Positive
2103,The service is absolutely fantastic. Will buy again.,Negative
2104,Customer support seems bad. Total waste of money.,Negative
2105,I think the price seems wonderful. Best purchase ever.,Positive
2106,Customer support proved to be subpar. I hate it.,Negative
2107,My experience was really amazing. I love it.,Positive
2108,I think the design is stellar. Will buy again.,Positive
2109,I think the quality proved to be excellent. Exceeded expectations.,Positive
2110,I think my experience is awful. Save your money.,Negative
2111,The service was fantastic. Exceeded expectations.,Positive
2112,This item looks awesome. Best purchase ever.,Positive
2113,The price seems worst. Will return it.,Negative
2114,I think delivery seems horrible. Total waste of money.,Negative
2115,This item was disappointing. I hate it.,Negative
2116,I think delivery is amazing. Exceeded expectations.,Positive
2117,The service was awful. I hate it.,Negative
2118,My experience looks totally amazing. Will buy again.,Positive
2119,This item is useless. I hate it.,Negative
2120,My experience feels absolutely regular. Might buy again.,Neutral
2121,I think this item seems awesome. Exceeded expectations.,Positive
2122,I think the price looks mediocre. Nothing special.,Neutral
2123,The price feels great. Exceeded expectations.,Positive
2124,I think the product is useless. Save your money.,Negative
2125,The product proved to be completely standard. Serves its purpose.,Neutral
2126,The design looks completely average. Serves its purpose.,Neutral
2127,This item feels awesome. Best purchase ever.,Positive
2128,Customer support seems useless. Total waste of money.,Negative
2129,I think the design feels fair. It does the job.,Neutral
2130,My experience proved to be horrible. I hate it.,Negative
2131,I think the quality proved to be worst. Do not buy.,Negative
2132,This item seems great. Very satisfied.,Positive
2133,Customer support feels dreadful. Do not buy.,Negative
2134,The price is excellent. Very satisfied.,Positive
2135,Customer support feels extremely dreadful. Do not buy.,Negative
2136,The service seems extremely terrible. Do not buy.,Negative
2137,Customer support feels totally awesome. I love it.,Positive
2138,The packaging is totally great. Very satisfied.,Positive
2139,The product looks amazing. Very satisfied.,Positive
2140,I think the price looks great. I love it.,Positive
2141,I think the packaging proved to be perfect. Highly recommended!,Positive
2142,I think this item feels horrible. Save your money.,Negative
2143,The service was really terrible. Do not buy.,Negative
2144,I think the design looks regular. It does the job.,Neutral
2145,The price feels really regular. Nothing special.,Neutral
2146,The packaging looks somewhat standard. Nothing special.,Neutral
2147,I think the design looks great. Highly recommended!,Positive
2148,I think the price looks okay. Might buy again.,Neutral
2149,I think this item seems amazing. Very satisfied.,Positive
2150,The design feels superb. Will buy again.,Positive
2151,The service looks brilliant. Very satisfied.,Positive
2152,The quality looks totally fantastic. Will buy again.,Positive
2153,Customer support seems excellent. Highly recommended!,Positive
2154,I think my experience seems useless. Total waste of money.,Negative
2155,I think the product is acceptable. Nothing special.,Neutral
2156,The quality proved to be average. As expected.,Neutral
2157,I think my experience seems dreadful. Save your money.,Negative
2158,Delivery is acceptable. It does the job.,Positive
2159,My experience feels fairly mediocre. It does the job.,Neutral
2160,I think the quality feels dreadful. Will return it.,Negative
2161,The quality is average. It does the job.,Neutral
2162,The service was dreadful. Do not buy.,Negative
2163,The service feels completely bad. Will return it.,Negative
2164,The packaging looks completely subpar. Save your money.,Negative
2165,My experience proved to be fair. As expected.,Neutral
2166,The packaging was awesome. Highly recommended!,Positive
2167,This item was totally great. Highly recommended!,Positive
2168,The packaging feels terrible. Do not buy.,Negative
2169,Customer support feels somewhat excellent. Exceeded expectations.,Positive
2170,I think this item is terrible. Very frustrated.,Negative
2171,Customer support was wonderful. Will buy again.,Positive
2172,Delivery proved to be poor. I hate it.,Negative
2173,The quality seems wonderful. Exceeded expectations.,Positive
2174,I think customer support looks excellent. Best purchase ever.,Positive
2175,This item seems terrible. Very frustrated.,Negative
2176,The product seems completely poor. Very frustrated.,Negative
2177,The price looks fairly perfect. Highly recommended!,Positive
2178,I think this item feels perfect. I love it.,Positive
2179,I think this item was worst. Do not buy.,Negative
2180,The packaging looks somewhat terrible. I hate it.,Negative
2181,The design looks fairly useless. Will return it.,Neutral
2182,This item seems really acceptable. It does the job.,Neutral
2183,I think the quality proved to be worst. Total waste of money.,Negative
2184,I think the design looks stellar. Highly recommended!,Positive
2185,The packaging is perfect. I love it.,Positive
2186,I think customer support proved to be subpar. I hate it.,Negative
2187,The product is totally typical. As expected.,Neutral
2188,The price seems superb. Highly recommended!,Positive
2189,I think the quality seems superb. Best purchase ever.,Positive
2190,I think the service is bad. Will return it.,Negative
2191,"Customer support seems regular. Not bad, not great.",Neutral
2192,The quality proved to be stellar. Best purchase ever.,Positive
2193,I think delivery seems awful. I hate it.,Negative
2194,Delivery proved to be fairly awesome. Very satisfied.,Positive
2195,I think delivery proved to be horrible. Total waste of money.,Negative
2196,My experience is fairly wonderful. Highly recommended!,Positive
2197,The price was normal. Might buy again.,Neutral
2198,I think this item is perfect. Best purchase ever.,Positive
2199,I think this item looks awful. Very frustrated.,Negative
2200,I think the design looks great. Very satisfied.,Positive
2201,The quality looks absolutely subpar. Do not buy.,Negative
2202,This item feels perfect. I love it.,Positive
2203,The quality was very subpar. Save your money.,Negative
2204,This item feels really subpar. Save your money.,Negative
2205,My experience seems quite awesome. Very satisfied.,Positive
2206,"I think the price seems fair. Not bad, not great.",Positive
2207,The price seems quite useless. Do not buy.,Neutral
2208,"This item looks extremely standard. Not bad, not great.",Neutral
2209,The packaging feels superb. Highly recommended!,Positive
2210,The design feels worst. Total waste of money.,Neutral
2211,I think the packaging looks subpar. Save your money.,Negative
2212,Delivery proved to be very stellar. Will buy again.,Positive
2213,The price is truly great. Highly recommended!,Positive
2214,The product seems brilliant. Highly recommended!,Positive
2215,I think delivery proved to be fantastic. I love it.,Positive
2216,The packaging feels useless. Very frustrated.,Negative
2217,The product feels excellent. Will buy again.,Positive
2218,The design feels completely great. Exceeded expectations.,Positive
2219,I think this item looks great. I love it.,Positive
2220,Customer support proved to be very superb. Highly recommended!,Positive
2221,The service looks wonderful. Highly recommended!,Positive
2222,The price is completely useless. Will return it.,Negative
2223,I think the price is useless. I hate it.,Negative
2224,The design proved to be brilliant. Exceeded expectations.,Positive
2225,The quality is completely wonderful. Very satisfied.,Positive
2226,I think the service proved to be fine. Serves its purpose.,Neutral
2227,Delivery proved to be totally awesome. Will buy again.,Positive
2228,Customer support seems extremely regular. Serves its purpose.,Neutral
2229,I think customer support proved to be brilliant. Will buy again.,Positive
2230,I think the packaging was regular. Might buy again.,Neutral
2231,The packaging feels very terrible. Save your money.,Negative
2232,The price proved to be superb. I love it.,Positive
2233,I think the design seems fantastic. I love it.,Positive
2234,I think customer support is subpar. Save your money.,Neutral
2235,My experience seems extremely fantastic. I love it.,Positive
2236,The product looks somewhat mediocre. Might buy again.,Neutral
2237,I think the quality proved to be disappointing. Very frustrated.,Negative
2238,The quality was brilliant. Highly recommended!,Positive
2239,I think the product was disappointing. Save your money.,Negative
2240,The service was truly useless. Save your money.,Negative
2241,I think the product seems bad. Will return it.,Neutral
2242,This item proved to be completely subpar. Very frustrated.,Negative
2243,I think my experience looks average. As expected.,Neutral
2244,The product feels absolutely perfect. I love it.,Positive
2245,I think the quality was stellar. Will buy again.,Positive
2246,Customer support is truly awesome. Highly recommended!,Positive
2247,Delivery feels somewhat perfect. Highly recommended!,Positive
2248,I think the packaging was mediocre. Serves its purpose.,Neutral
2249,I think the quality looks awesome. Exceeded expectations.,Positive
2250,I think the price is dreadful. I hate it.,Negative
2251,I think the quality was excellent. I love it.,Positive
2252,My experience seems somewhat wonderful. Best purchase ever.,Positive
2253,I think the product proved to be horrible. Very frustrated.,Negative
2254,I think the quality seems disappointing. Very frustrated.,Negative
2255,This item looks really perfect. Highly recommended!,Positive
2256,I think my experience seems awesome. Exceeded expectations.,Positive
2257,This item looks extremely bad. Total waste of money.,Negative
2258,The product is fairly fair. Nothing special.,Neutral
2259,My experience seems horrible. Save your money.,Negative
2260,Delivery seems truly normal. Nothing special.,Neutral
2261,Delivery was totally amazing. Best purchase ever.,Positive
2262,"I think the design seems fine. Not bad, not great.",Neutral
2263,The product seems quite terrible. Save your money.,Negative
2264,The design was absolutely awesome. Highly recommended!,Positive
2265,I think customer support looks excellent. Will buy again.,Positive
2266,I think the service feels awful. I hate it.,Negative
2267,The quality was really disappointing. Total waste of money.,Negative
2268,I think the product proved to be dreadful. Save your money.,Negative
2269,The quality was totally mediocre. Serves its purpose.,Neutral
2270,The price is great. Highly recommended!,Positive
2271,The price proved to be completely awful. Do not buy.,Negative
2272,Customer support seems truly terrible. Total waste of money.,Negative
2273,I think the price seems standard. Serves its purpose.,Neutral
2274,The service was completely stellar. Very satisfied.,Positive
2275,This item is completely bad. Will return it.,Negative
2276,This item is completely bad. Save your money.,Negative
2277,The quality was bad. I hate it.,Negative
2278,I think customer support feels awful. Very frustrated.,Negative
2279,The service proved to be brilliant. Best purchase ever.,Positive
2280,Delivery proved to be completely stellar. I love it.,Positive
2281,Customer support proved to be fairly average. It does the job.,Neutral
2282,The service looks perfect. Highly recommended!,Positive
2283,My experience seems very amazing. Best purchase ever.,Positive
2284,I think the price looks disappointing. Do not buy.,Negative
2285,I think the packaging proved to be standard. As expected.,Neutral
2286,Customer support proved to be absolutely bad. Total waste of money.,Negative
2287,I think the product feels wonderful. Highly recommended!,Positive
2288,I think delivery feels great. Exceeded expectations.,Positive
2289,I think my experience looks fantastic. Best purchase ever.,Positive
2290,Customer support is stellar. Highly recommended!,Positive
2291,The price feels fairly dreadful. Save your money.,Negative
2292,I think the product proved to be brilliant. Exceeded expectations.,Positive
2293,The packaging seems really fine. Serves its purpose.,Neutral
2294,I think the quality is average. It does the job.,Neutral
2295,I think the quality is bad. Save your money.,Negative
2296,The service is excellent. I love it.,Positive
2297,The product looks completely bad. Will return it.,Negative
2298,I think the price looks wonderful. I love it.,Positive
2299,The quality seems extremely awful. Do not buy.,Negative
2300,"The packaging looks totally mediocre. Not bad, not great.",Neutral
2301,The price proved to be bad. Do not buy.,Positive
2302,My experience feels completely wonderful. Exceeded expectations.,Positive
2303,The packaging feels absolutely excellent. Will buy again.,Positive
2304,This item looks extremely subpar. Total waste of money.,Negative
2305,The packaging feels poor. Will return it.,Negative
2306,The service is very awful. I hate it.,Negative
2307,The quality feels absolutely okay. Serves its purpose.,Neutral
2308,The packaging seems very subpar. Very frustrated.,Negative
2309,This item is really disappointing. Very frustrated.,Negative
2310,"The design feels regular. Not bad, not great.",Neutral
2311,Delivery looks truly stellar. Exceeded expectations.,Positive
2312,The product looks useless. Do not buy.,Negative
2313,I think the packaging proved to be useless. Total waste of money.,Negative
2314,I think the product is worst. Save your money.,Negative
2315,This item proved to be bad. Total waste of money.,Negative
2316,I think the design proved to be awesome. Very satisfied.,Positive
2317,I think the design feels average. As expected.,Neutral
2318,The price is acceptable. Nothing special.,Neutral
2319,The quality feels extremely great. I love it.,Positive
2320,I think delivery looks disappointing. I hate it.,Negative
2321,I think my experience feels fantastic. Very satisfied.,Positive
2322,Delivery is extremely useless. Save your money.,Negative
2323,The price seems subpar. Will return it.,Negative
2324,The quality seems stellar. I love it.,Positive
2325,I think the packaging was awful. Save your money.,Negative
2326,The service feels dreadful. Will return it.,Negative
2327,My experience is stellar. Very satisfied.,Positive
2328,I think the packaging proved to be horrible. Will return it.,Negative
2329,The design seems average. It does the job.,Neutral
2330,This item proved to be wonderful. Highly recommended!,Positive
2331,I think delivery proved to be brilliant. Very satisfied.,Positive
2332,I think this item proved to be bad. I hate it.,Negative
2333,The price is fairly wonderful. Will buy again.,Positive
2334,I think this item proved to be awesome. Highly recommended!,Positive
2335,I think customer support was awesome. Will buy again.,Positive
2336,The service seems absolutely superb. Will buy again.,Positive
2337,The design looks stellar. Exceeded expectations.,Positive
2338,I think the product was useless. Will return it.,Negative
2339,The design is very awesome. Very satisfied.,Positive
2340,Customer support feels horrible. I hate it.,Negative
2341,I think the product feels standard. Nothing special.,Neutral
2342,The service is absolutely awesome. Highly recommended!,Positive
2343,This item is terrible. Save your money.,Negative
2344,The price proved to be truly normal. Serves its purpose.,Neutral
2345,The quality proved to be disappointing. Will return it.,Negative
2346,Delivery is okay. It does the job.,Neutral
2347,The product feels somewhat horrible. Very frustrated.,Negative
2348,My experience looks totally stellar. Very satisfied.,Positive
2349,The service seems very fair. Might buy again.,Neutral
2350,The packaging proved to be really dreadful. I hate it.,Negative
2351,I think the quality proved to be awful. Very frustrated.,Negative
2352,The quality seems stellar. Very satisfied.,Positive
2353,The packaging feels average. As expected.,Neutral
2354,The price proved to be somewhat awesome. I love it.,Positive
2355,The price is absolutely bad. Will return it.,Negative
2356,The service was truly subpar. Will return it.,Negative
2357,The packaging looks awesome. Will buy again.,Positive
2358,My experience seems totally worst. Total waste of money.,Negative
2359,I think the quality feels disappointing. I hate it.,Negative
2360,The packaging looks truly subpar. Do not buy.,Negative
2361,The price was completely excellent. Best purchase ever.,Positive
2362,I think the service feels excellent. Very satisfied.,Positive
2363,The product was average. Serves its purpose.,Neutral
2364,Delivery feels awesome. Very satisfied.,Positive
2365,I think this item seems subpar. Save your money.,Negative
2366,This item is awful. Save your money.,Negative
2367,I think the packaging feels subpar. Total waste of money.,Negative
2368,The packaging feels completely wonderful. Very satisfied.,Positive
2369,I think the quality was poor. Very frustrated.,Negative
2370,The design is completely great. Very satisfied.,Positive
2371,The packaging is wonderful. Very satisfied.,Positive
2372,Customer support is really poor. Very frustrated.,Positive
2373,This item seems perfect. Best purchase ever.,Positive
2374,My experience is horrible. Very frustrated.,Negative
2375,This item is great. Exceeded expectations.,Positive
2376,I think delivery seems subpar. I hate it.,Neutral
2377,I think the design is typical. It does the job.,Neutral
2378,This item seems extremely fantastic. Highly recommended!,Positive
2379,I think the design is horrible. Do not buy.,Negative
2380,I think the design looks great. Very satisfied.,Positive
2381,I think delivery is typical. It does the job.,Neutral
2382,This item looks very terrible. Do not buy.,Negative
2383,I think customer support is excellent. I love it.,Positive
2384,I think the service looks okay. Might buy again.,Neutral
2385,This item feels quite bad. Total waste of money.,Negative
2386,Customer support was bad. Save your money.,Negative
2387,The price seems fantastic. Exceeded expectations.,Positive
2388,My experience is totally poor. Very frustrated.,Negative
2389,The quality seems somewhat poor. Very frustrated.,Negative
2390,The packaging proved to be totally superb. I love it.,Positive
2391,My experience proved to be superb. Highly recommended!,Positive
2392,Customer support looks amazing. Very satisfied.,Positive
2393,The service is regular. Serves its purpose.,Neutral
2394,The quality was completely amazing. Very satisfied.,Positive
2395,Delivery seems okay. As expected.,Neutral
2396,Customer support looks very terrible. Do not buy.,Negative
2397,This item looks excellent. Exceeded expectations.,Positive
2398,I think the design feels excellent. Highly recommended!,Positive
2399,The price feels somewhat mediocre. Might buy again.,Neutral
2400,"The design looks mediocre. Not bad, not great.",Neutral
2401,The product feels normal. Might buy again.,Neutral
2402,The price seems wonderful. Highly recommended!,Positive
2403,The packaging feels subpar. Do not buy.,Negative
2404,The product seems very worst. Save your money.,Negative
2405,I think the quality proved to be dreadful. Save your money.,Negative
2406,I think the design seems awful. Total waste of money.,Negative
2407,"I think this item looks fine. Not bad, not great.",Neutral
2408,Delivery looks terrible. I hate it.,Negative
2409,"I think the product feels regular. Not bad, not great.",Neutral
2410,The packaging looks bad. Save your money.,Negative
2411,Delivery proved to be superb. I love it.,Positive
2412,The design feels excellent. Will buy again.,Positive
2413,Delivery looks absolutely subpar. Do not buy.,Negative
2414,Customer support was worst. Total waste of money.,Negative
2415,The product feels absolutely excellent. Exceeded expectations.,Positive
2416,Delivery seems quite normal. Serves its purpose.,Neutral
2417,This item seems worst. Very frustrated.,Negative
2418,I think the product was bad. Very frustrated.,Negative
2419,I think customer support seems superb. I love it.,Neutral
2420,Customer support was quite perfect. I love it.,Positive
2421,I think the service is superb. I love it.,Positive
2422,The design looks completely regular. It does the job.,Neutral
2423,The packaging was somewhat stellar. I love it.,Positive
2424,I think customer support feels superb. Very satisfied.,Positive
2425,I think customer support seems normal. Might buy again.,Neutral
2426,The product was useless. Total waste of money.,Negative
2427,I think the design was regular. Might buy again.,Neutral
2428,The service is brilliant. Exceeded expectations.,Positive
2429,The product feels completely awful. Total waste of money.,Negative
2430,I think the quality feels brilliant. Highly recommended!,Positive
2431,I think the product proved to be dreadful. I hate it.,Negative
2432,The service was extremely poor. I hate it.,Negative
2433,I think delivery proved to be terrible. Save your money.,Negative
2434,The design looks very useless. Total waste of money.,Negative
2435,I think my experience is subpar. Total waste of money.,Negative
2436,The quality feels bad. Will return it.,Negative
2437,Customer support feels extremely brilliant. Very satisfied.,Positive
2438,Delivery was awesome. I love it.,Positive
2439,"This item is okay. Not bad, not great.",Neutral
2440,The product seems worst. Save your money.,Negative
2441,My experience is quite excellent. Very satisfied.,Positive
2442,Customer support looks amazing. Best purchase ever.,Positive
2443,Delivery is completely great. Very satisfied.,Neutral
2444,The product was totally bad. I hate it.,Negative
2445,Customer support proved to be quite subpar. Total waste of money.,Negative
2446,I think my experience feels superb. Highly recommended!,Negative
2447,I think delivery was wonderful. Best purchase ever.,Positive
2448,The service looks quite perfect. Exceeded expectations.,Positive
2449,I think the price feels stellar. I love it.,Negative
2450,"The price feels fairly fine. Not bad, not great.",Neutral
2451,The service proved to be poor. Save your money.,Negative
2452,I think customer support proved to be mediocre. Serves its purpose.,Positive
2453,I think the packaging seems horrible. Will return it.,Negative
2454,I think the service is dreadful. Will return it.,Negative
2455,Customer support looks amazing. Highly recommended!,Negative
2456,My experience was superb. Best purchase ever.,Positive
2457,This item feels absolutely perfect. I love it.,Positive
2458,"The price proved to be typical. Not bad, not great.",Neutral
2459,The quality proved to be bad. I hate it.,Negative
2460,The product is quite bad. Total waste of money.,Negative
2461,My experience feels totally stellar. Highly recommended!,Neutral
2462,The packaging is great. Highly recommended!,Positive
2463,The quality is really amazing. Exceeded expectations.,Positive
2464,The price feels fairly superb. Exceeded expectations.,Positive
2465,Customer support looks perfect. Will buy again.,Positive
2466,I think the price is terrible. Very frustrated.,Negative
2467,The design seems really wonderful. Very satisfied.,Positive
2468,The packaging is really standard. Serves its purpose.,Neutral
2469,Customer support proved to be excellent. I love it.,Positive
2470,The product proved to be great. I love it.,Positive
2471,The product seems amazing. Very satisfied.,Positive
2472,The service proved to be average. Nothing special.,Neutral
2473,Customer support is bad. Will return it.,Negative
2474,The quality feels fairly poor. Very frustrated.,Negative
2475,I think delivery looks brilliant. Will buy again.,Positive
2476,The packaging proved to be bad. Very frustrated.,Negative
2477,I think this item was subpar. Save your money.,Negative
2478,The design looks totally awesome. Best purchase ever.,Positive
2479,Customer support is horrible. Very frustrated.,Negative
2480,The service proved to be fairly brilliant. Exceeded expectations.,Positive
2481,The product seems completely superb. Best purchase ever.,Negative
2482,I think the packaging feels awesome. Will buy again.,Negative
2483,I think customer support seems stellar. Will buy again.,Positive
2484,I think delivery feels wonderful. Best purchase ever.,Positive
2485,I think the price seems stellar. Best purchase ever.,Positive
2486,I think this item is brilliant. Highly recommended!,Positive
2487,The quality proved to be truly typical. As expected.,Neutral
2488,The design looks very poor. Total waste of money.,Negative
2489,The design seems awful. Do not buy.,Negative
2490,I think the price was horrible. Very frustrated.,Negative
2491,This item looks fine. Serves its purpose.,Neutral
2492,Customer support is stellar. Best purchase ever.,Positive
2493,This item proved to be regular. As expected.,Neutral
2494,The packaging looks very brilliant. Will buy again.,Positive
2495,The design feels quite dreadful. I hate it.,Negative
2496,I think the product feels awful. Do not buy.,Negative
2497,I think this item looks perfect. Exceeded expectations.,Positive
2498,I think the quality proved to be horrible. Save your money.,Negative
2499,I think the product feels average. It does the job.,Neutral
2500,The packaging seems somewhat poor. Save your money.,Negative
2501,Delivery is great. Very satisfied.,Positive
2502,The design proved to be poor. Do not buy.,Negative
2503,The quality looks awesome. Very satisfied.,Positive
2504,I think the packaging proved to be superb. I love it.,Positive
2505,Customer support looks fairly mediocre. Serves its purpose.,Neutral
2506,The service feels terrible. Very frustrated.,Negative
2507,I think my experience proved to be fine. Nothing special.,Neutral
2508,The packaging looks normal. It does the job.,Neutral
2509,I think customer support feels excellent. Best purchase ever.,Positive
2510,Customer support seems worst. Will return it.,Negative
2511,The packaging is absolutely stellar. Highly recommended!,Positive
2512,I think the quality seems awesome. Very satisfied.,Positive
2513,My experience was fairly brilliant. Exceeded expectations.,Positive
2514,Delivery proved to be totally wonderful. Highly recommended!,Positive
2515,"The price feels somewhat regular. Not bad, not great.",Neutral
2516,My experience was fine. Nothing special.,Neutral
2517,Customer support is brilliant. Will buy again.,Positive
2518,The design was fantastic. Will buy again.,Positive
2519,I think the quality feels excellent. Exceeded expectations.,Positive
2520,I think the price seems standard. Nothing special.,Neutral
2521,The design seems useless. Very frustrated.,Negative
2522,This item looks very bad. Save your money.,Negative
2523,The quality seems stellar. Very satisfied.,Positive
2524,The design is terrible. I hate it.,Positive
2525,I think my experience looks fantastic. Very satisfied.,Positive
2526,The packaging looks extremely fair. Might buy again.,Neutral
2527,Customer support looks superb. Will buy again.,Positive
2528,Delivery proved to be absolutely excellent. Very satisfied.,Positive
2529,I think this item was okay. It does the job.,Neutral
2530,This item feels totally standard. Might buy again.,Negative
2531,I think this item feels disappointing. Very frustrated.,Negative
2532,The packaging feels wonderful. Very satisfied.,Positive
2533,The product is truly stellar. Exceeded expectations.,Positive
2534,I think the design is subpar. Will return it.,Negative
2535,The design looks worst. Will return it.,Negative
2536,Delivery was fairly dreadful. Will return it.,Negative
2537,I think the product is poor. Do not buy.,Negative
2538,I think delivery looks dreadful. Save your money.,Negative
2539,The packaging seems typical. As expected.,Neutral
2540,This item looks horrible. Very frustrated.,Negative
2541,The service is dreadful. Total waste of money.,Negative
2542,The quality seems totally superb. Exceeded expectations.,Positive
2543,I think the price proved to be subpar. Total waste of money.,Negative
2544,My experience is completely average. Serves its purpose.,Neutral
2545,My experience was fairly brilliant. Exceeded expectations.,Positive
2546,The price is fantastic. Highly recommended!,Positive
2547,I think the product was standard. It does the job.,Neutral
2548,I think the packaging seems useless. Total waste of money.,Negative
2549,I think the design seems acceptable. Serves its purpose.,Neutral
2550,This item looks dreadful. I hate it.,Negative
2551,The packaging feels truly worst. Total waste of money.,Negative
2552,The price proved to be poor. Will return it.,Negative
2553,The product was truly subpar. Will return it.,Negative
2554,I think my experience proved to be acceptable. Nothing special.,Neutral
2555,The service proved to be poor. Very frustrated.,Negative
2556,I think the service was worst. Save your money.,Negative
2557,This item is horrible. Save your money.,Negative
2558,I think the price seems excellent. Very satisfied.,Positive
2559,The product proved to be fairly fine. As expected.,Neutral
2560,The product is really terrible. Save your money.,Negative
2561,I think this item proved to be dreadful. Save your money.,Negative
2562,This item is fairly average. Serves its purpose.,Neutral
2563,Delivery seems brilliant. Highly recommended!,Positive
2564,The design was perfect. Will buy again.,Positive
2565,The product was totally horrible. Total waste of money.,Negative
2566,The design was acceptable. As expected.,Negative
2567,I think the product is useless. Save your money.,Negative
2568,This item was very great. I love it.,Positive
2569,Customer support is great. Exceeded expectations.,Positive
2570,I think customer support was useless. Do not buy.,Negative
2571,I think this item feels useless. I hate it.,Negative
2572,The design feels fantastic. Best purchase ever.,Positive
2573,I think the quality proved to be useless. Save your money.,Negative
2574,The price is truly awesome. Very satisfied.,Positive
2575,The product was perfect. Exceeded expectations.,Positive
2576,The design proved to be stellar. I love it.,Positive
2577,The product looks horrible. I hate it.,Negative
2578,Customer support was perfect. Exceeded expectations.,Positive
2579,The quality is bad. Will return it.,Negative
2580,The packaging is poor. I hate it.,Negative
2581,The packaging feels poor. I hate it.,Negative
2582,The price feels worst. I hate it.,Negative
2583,I think the service looks fantastic. I love it.,Positive
2584,I think this item looks fair. Might buy again.,Neutral
2585,I think the design looks perfect. Will buy again.,Positive
2586,Delivery seems brilliant. I love it.,Positive
2587,I think customer support was bad. Will return it.,Negative
2588,The quality looks subpar. Will return it.,Negative
2589,I think delivery looks awesome. Best purchase ever.,Positive
2590,Customer support is great. Highly recommended!,Positive
2591,This item feels very terrible. Total waste of money.,Negative
2592,I think the design seems subpar. Total waste of money.,Negative
2593,"I think the price feels average. Not bad, not great.",Neutral
2594,The design was superb. I love it.,Positive
2595,The packaging seems really great. Highly recommended!,Positive
2596,I think the service feels superb. Very satisfied.,Positive
2597,The product is quite wonderful. I love it.,Positive
2598,This item looks quite bad. Will return it.,Negative
2599,The service proved to be fairly horrible. I hate it.,Negative
2600,The packaging seems average. Nothing special.,Neutral
2601,The quality proved to be truly fantastic. Highly recommended!,Positive
2602,I think the quality feels amazing. Highly recommended!,Positive
2603,Customer support seems stellar. Very satisfied.,Positive
2604,The quality is awesome. Exceeded expectations.,Positive
2605,I think the packaging feels worst. Very frustrated.,Negative
2606,I think the packaging looks excellent. I love it.,Positive
2607,I think the packaging looks fantastic. Very satisfied.,Positive
2608,I think my experience looks superb. Exceeded expectations.,Positive
2609,I think delivery proved to be fantastic. Best purchase ever.,Positive
2610,I think delivery is horrible. I hate it.,Negative
2611,The quality proved to be really disappointing. Will return it.,Negative
2612,I think the service proved to be standard. Nothing special.,Neutral
2613,Customer support was fantastic. I love it.,Positive
2614,Customer support was fairly disappointing. Save your money.,Negative
2615,The packaging feels extremely perfect. Exceeded expectations.,Positive
2616,I think the price looks worst. Save your money.,Negative
2617,The service is fantastic. Highly recommended!,Positive
2618,Delivery is very awesome. Very satisfied.,Positive
2619,The packaging seems completely dreadful. Do not buy.,Negative
2620,The product feels horrible. I hate it.,Negative
2621,I think delivery looks bad. Will return it.,Positive
2622,The packaging is somewhat dreadful. Total waste of money.,Negative
2623,The product proved to be worst. Save your money.,Negative
2624,"I think the quality was standard. Not bad, not great.",Neutral
2625,This item feels very great. Exceeded expectations.,Positive
2626,I think the product seems superb. Exceeded expectations.,Positive
2627,The design proved to be disappointing. Very frustrated.,Negative
2628,The service is superb. I love it.,Positive
2629,I think the price proved to be awful. Will return it.,Negative
2630,The product is superb. Will buy again.,Positive
2631,I think customer support seems fine. It does the job.,Neutral
2632,The quality proved to be really okay. Might buy again.,Neutral
2633,The design looks awful. Save your money.,Negative
2634,The packaging was quite dreadful. Will return it.,Negative
2635,The design is horrible. Do not buy.,Negative
2636,I think customer support seems normal. It does the job.,Neutral
2637,I think the design was excellent. Will buy again.,Positive
2638,Customer support was very bad. Do not buy.,Negative
2639,Customer support is useless. Total waste of money.,Negative
2640,I think the price was amazing. Best purchase ever.,Positive
2641,The design seems somewhat acceptable. As expected.,Neutral
2642,My experience was fairly wonderful. Will buy again.,Positive
2643,I think the product seems disappointing. Save your money.,Negative
2644,I think the quality feels fair. Serves its purpose.,Neutral
2645,I think the design was subpar. Do not buy.,Negative
2646,I think the packaging was brilliant. Will buy again.,Positive
2647,The packaging proved to be fantastic. I love it.,Positive
2648,The quality seems acceptable. It does the job.,Neutral
2649,I think the design feels dreadful. Very frustrated.,Negative
2650,The packaging seems fairly regular. Serves its purpose.,Neutral
2651,Customer support was very disappointing. Will return it.,Negative
2652,The design proved to be absolutely dreadful. Total waste of money.,Neutral
2653,Delivery seems somewhat horrible. Do not buy.,Negative
2654,I think the product seems poor. Very frustrated.,Negative
2655,I think the service was fine. Might buy again.,Neutral
2656,I think the packaging looks superb. Highly recommended!,Negative
2657,The quality feels very okay. It does the job.,Neutral
2658,"The quality was completely typical. Not bad, not great.",Neutral
2659,I think this item proved to be worst. Will return it.,Negative
2660,The price feels really superb. I love it.,Positive
2661,Customer support is wonderful. Exceeded expectations.,Neutral
2662,The design is completely mediocre. Might buy again.,Neutral
2663,I think customer support looks fine. It does the job.,Neutral
2664,The price proved to be bad. Will return it.,Negative
2665,The product seems fairly poor. Do not buy.,Negative
2666,The service was subpar. Save your money.,Negative
2667,My experience feels truly stellar. Exceeded expectations.,Positive
2668,The service is quite dreadful. Do not buy.,Negative
2669,I think customer support was stellar. Best purchase ever.,Positive
2670,I think the product is excellent. Highly recommended!,Positive
2671,The quality looks perfect. Best purchase ever.,Positive
2672,The design feels regular. As expected.,Neutral
2673,"The price looks regular. Not bad, not great.",Neutral
2674,The quality looks excellent. Best purchase ever.,Positive
2675,The product was somewhat mediocre. Serves its purpose.,Neutral
2676,"This item is absolutely normal. Not bad, not great.",Neutral
2677,My experience proved to be superb. I love it.,Positive
2678,The quality is disappointing. I hate it.,Negative
2679,I think this item feels amazing. I love it.,Positive
2680,This item looks really perfect. I love it.,Positive
2681,I think my experience was stellar. Best purchase ever.,Positive
2682,The service was amazing. Highly recommended!,Positive
2683,I think the product looks poor. Very frustrated.,Negative
2684,The design proved to be subpar. Save your money.,Negative
2685,I think the quality seems awesome. Will buy again.,Positive
2686,The design is extremely regular. As expected.,Neutral
2687,I think the design is typical. It does the job.,Neutral
2688,My experience seems perfect. Exceeded expectations.,Positive
2689,The service looks fair. As expected.,Neutral
2690,I think my experience seems fantastic. Very satisfied.,Positive
2691,The product feels useless. Do not buy.,Negative
2692,The quality was normal. Might buy again.,Neutral
2693,I think delivery is awful. Total waste of money.,Negative
2694,The price feels somewhat subpar. Do not buy.,Negative
2695,Delivery seems extremely useless. Very frustrated.,Negative
2696,The price is truly awesome. Will buy again.,Positive
2697,I think delivery looks brilliant. I love it.,Positive
2698,I think the design feels standard. It does the job.,Neutral
2699,Customer support proved to be absolutely poor. Very frustrated.,Negative
2700,The design seems completely regular. Nothing special.,Neutral
2701,My experience was absolutely disappointing. Total waste of money.,Negative
2702,The price is fine. As expected.,Neutral
2703,The product looks very typical. Might buy again.,Neutral
2704,I think the packaging looks average. As expected.,Neutral
2705,The packaging feels useless. Save your money.,Negative
2706,The quality looks quite useless. Do not buy.,Negative
2707,This item was quite terrible. Do not buy.,Negative
2708,The quality proved to be extremely worst. Save your money.,Negative
2709,I think the packaging was awful. Very frustrated.,Negative
2710,I think delivery looks regular. As expected.,Neutral
2711,The price proved to be fairly fair. As expected.,Neutral
2712,The packaging seems absolutely disappointing. Save your money.,Negative
2713,I think this item proved to be poor. Do not buy.,Positive
2714,The design is bad. Total waste of money.,Negative
2715,The product looks quite disappointing. Do not buy.,Negative
2716,Customer support feels truly normal. Serves its purpose.,Neutral
2717,The price is poor. Do not buy.,Negative
2718,Customer support proved to be awful. Will return it.,Negative
2719,I think delivery feels awesome. Exceeded expectations.,Positive
2720,My experience seems absolutely awesome. I love it.,Positive
2721,Customer support proved to be quite horrible. Very frustrated.,Negative
2722,Delivery looks perfect. Will buy again.,Positive
2723,I think this item proved to be excellent. I love it.,Positive
2724,My experience proved to be fairly okay. Nothing special.,Neutral
2725,My experience is totally subpar. Do not buy.,Negative
2726,The product was useless. I hate it.,Negative
2727,I think the product is fantastic. Highly recommended!,Positive
2728,I think this item feels useless. I hate it.,Negative
2729,My experience is somewhat amazing. Exceeded expectations.,Positive
2730,This item feels completely average. As expected.,Neutral
2731,The price proved to be very disappointing. Very frustrated.,Negative
2732,Customer support is quite normal. Nothing special.,Neutral
2733,I think my experience looks average. Might buy again.,Neutral
2734,The product feels dreadful. Will return it.,Negative
2735,Customer support is really disappointing. I hate it.,Negative
2736,"The quality seems mediocre. Not bad, not great.",Neutral
2737,I think the product is amazing. Exceeded expectations.,Negative
2738,The product proved to be fairly awesome. Best purchase ever.,Positive
2739,I think the design seems awesome. Exceeded expectations.,Positive
2740,This item proved to be regular. It does the job.,Positive
2741,The quality proved to be great. Best purchase ever.,Positive
2742,My experience is brilliant. Exceeded expectations.,Positive
2743,My experience seems stellar. Exceeded expectations.,Positive
2744,I think the price proved to be excellent. Best purchase ever.,Negative
2745,My experience proved to be bad. Save your money.,Negative
2746,The quality looks very worst. Save your money.,Negative
2747,I think delivery was useless. Very frustrated.,Negative
2748,"The service is normal. Not bad, not great.",Neutral
2749,I think the design is poor. Will return it.,Negative
2750,I think this item feels mediocre. As expected.,Positive
2751,I think the product seems terrible. Total waste of money.,Negative
2752,Delivery looks absolutely average. It does the job.,Neutral
2753,The price looks awful. Will return it.,Negative
2754,I think the service was wonderful. Exceeded expectations.,Positive
2755,The price was mediocre. Nothing special.,Neutral
2756,The packaging looks completely brilliant. Highly recommended!,Positive
2757,I think the product looks disappointing. I hate it.,Negative
2758,I think the design feels awesome. Best purchase ever.,Positive
2759,I think the quality was subpar. Very frustrated.,Negative
2760,Customer support looks acceptable. It does the job.,Neutral
2761,I think the quality proved to be awful. Will return it.,Negative
2762,The packaging proved to be okay. As expected.,Neutral
2763,Customer support seems amazing. Exceeded expectations.,Positive
2764,The packaging was normal. Might buy again.,Neutral
2765,Delivery seems very awesome. Highly recommended!,Negative
2766,The packaging seems dreadful. Save your money.,Negative
2767,The service seems absolutely fair. Might buy again.,Neutral
2768,I think the packaging seems perfect. I love it.,Positive
2769,The quality was somewhat perfect. Exceeded expectations.,Positive
2770,The price seems great. Best purchase ever.,Positive
2771,This item seems completely perfect. Will buy again.,Positive
2772,The quality was really perfect. Highly recommended!,Positive
2773,The quality is extremely subpar. Very frustrated.,Negative
2774,This item feels somewhat perfect. Exceeded expectations.,Positive
2775,The design was absolutely subpar. Save your money.,Negative
2776,I think the quality was mediocre. Might buy again.,Neutral
2777,Delivery looks worst. Will return it.,Negative
2778,I think the service proved to be wonderful. Will buy again.,Positive
2779,The price looks totally fantastic. Highly recommended!,Positive
2780,I think delivery feels regular. It does the job.,Neutral
2781,This item proved to be awful. Will return it.,Negative
2782,"I think customer support looks regular. Not bad, not great.",Neutral
2783,The service proved to be fairly disappointing. Total waste of money.,Neutral
2784,Customer support looks horrible. Do not buy.,Negative
2785,Customer support seems quite subpar. Save your money.,Negative
2786,I think delivery proved to be okay. Serves its purpose.,Neutral
2787,Customer support looks fairly brilliant. Will buy again.,Positive
2788,I think the product proved to be subpar. Very frustrated.,Negative
2789,The price seems really poor. Total waste of money.,Negative
2790,I think my experience looks worst. Do not buy.,Negative
2791,The price feels standard. Serves its purpose.,Neutral
2792,The service seems fairly horrible. I hate it.,Negative
2793,The packaging is average. Nothing special.,Neutral
2794,The service looks extremely dreadful. Do not buy.,Negative
2795,The design seems regular. Nothing special.,Neutral
2796,The product feels totally worst. Will return it.,Negative
2797,Delivery seems really great. Will buy again.,Positive
2798,I think delivery seems disappointing. Do not buy.,Negative
2799,I think customer support is stellar. I love it.,Positive
2800,Customer support proved to be terrible. Very frustrated.,Negative
2801,I think the design is worst. Total waste of money.,Negative
2802,I think the product was great. Exceeded expectations.,Positive
2803,The quality seems totally regular. Nothing special.,Neutral
2804,The quality is quite subpar. I hate it.,Negative
2805,The design looks absolutely perfect. Exceeded expectations.,Positive
2806,The packaging feels completely typical. Might buy again.,Positive
2807,The product feels excellent. Best purchase ever.,Positive
2808,Delivery was fairly superb. Highly recommended!,Positive
2809,I think the packaging was terrible. I hate it.,Negative
2810,This item looks awesome. Exceeded expectations.,Positive
2811,"I think this item proved to be fair. Not bad, not great.",Neutral
2812,I think the design was subpar. Very frustrated.,Negative
2813,The quality looks regular. As expected.,Neutral
2814,The price is truly amazing. Highly recommended!,Positive
2815,I think the quality is excellent. Highly recommended!,Positive
2816,Delivery proved to be somewhat worst. Do not buy.,Negative
2817,"I think delivery seems average. Not bad, not great.",Neutral
2818,The service looks poor. Total waste of money.,Negative
2819,Delivery seems truly superb. Highly recommended!,Positive
2820,The service was fantastic. I love it.,Positive
2821,The price feels amazing. Exceeded expectations.,Positive
2822,I think this item proved to be fair. Might buy again.,Neutral
2823,Delivery looks absolutely fantastic. Best purchase ever.,Positive
2824,The product is quite bad. Save your money.,Positive
2825,This item looks normal. It does the job.,Neutral
2826,The quality feels truly excellent. Exceeded expectations.,Positive
2827,The quality is completely fair. Nothing special.,Neutral
2828,I think the design is acceptable. Serves its purpose.,Neutral
2829,Delivery seems truly amazing. Highly recommended!,Positive
2830,The design seems fairly standard. Might buy again.,Neutral
2831,I think this item was terrible. Save your money.,Negative
2832,I think the product is fantastic. Will buy again.,Positive
2833,I think the design is perfect. Best purchase ever.,Positive
2834,Customer support looks wonderful. Exceeded expectations.,Positive
2835,Delivery seems really superb. Very satisfied.,Positive
2836,Delivery seems somewhat stellar. Highly recommended!,Positive
2837,"I think the product is normal. Not bad, not great.",Neutral
2838,I think the service seems terrible. Very frustrated.,Negative
2839,I think the quality looks fine. Nothing special.,Neutral
2840,The service feels absolutely dreadful. Save your money.,Negative
2841,The packaging seems subpar. Do not buy.,Negative
2842,My experience feels worst. Will return it.,Neutral
2843,"Customer support proved to be standard. Not bad, not great.",Neutral
2844,I think the product looks great. Best purchase ever.,Positive
2845,I think delivery seems awesome. Very satisfied.,Positive
2846,I think the packaging proved to be disappointing. Total waste of money.,Negative
2847,Delivery is great. Exceeded expectations.,Positive
2848,This item feels truly superb. Will buy again.,Positive
2849,This item was great. Very satisfied.,Positive
2850,This item proved to be somewhat bad. I hate it.,Negative
2851,I think this item proved to be amazing. Highly recommended!,Positive
2852,The price proved to be fantastic. I love it.,Positive
2853,I think my experience feels poor. Save your money.,Negative
2854,I think the price looks disappointing. Total waste of money.,Negative
2855,The product is totally superb. Highly recommended!,Positive
2856,The quality was horrible. Will return it.,Negative
2857,The design was really superb. I love it.,Positive
2858,The service looks great. Exceeded expectations.,Positive
2859,This item proved to be awesome. Highly recommended!,Neutral
2860,The price proved to be poor. Will return it.,Negative
2861,"The quality proved to be totally regular. Not bad, not great.",Neutral
2862,"The design looks absolutely acceptable. Not bad, not great.",Neutral
2863,The price was disappointing. Save your money.,Negative
2864,The price looks truly fantastic. Exceeded expectations.,Positive
2865,The quality proved to be truly stellar. Best purchase ever.,Positive
2866,Delivery was fantastic. Exceeded expectations.,Positive
2867,This item is useless. Total waste of money.,Negative
2868,The design looks really terrible. I hate it.,Negative
2869,The price proved to be really terrible. Total waste of money.,Negative
2870,I think the service feels mediocre. It does the job.,Neutral
2871,I think the price looks poor. Save your money.,Negative
2872,I think the quality looks dreadful. Very frustrated.,Negative
2873,I think my experience was bad. Do not buy.,Negative
2874,The quality feels excellent. Will buy again.,Positive
2875,The price looks extremely awful. Very frustrated.,Negative
2876,The quality is fantastic. Best purchase ever.,Positive
2877,The design seems wonderful. I love it.,Positive
2878,I think the packaging is horrible. Do not buy.,Negative
2879,I think this item was terrible. Will return it.,Negative
2880,My experience is completely subpar. Very frustrated.,Neutral
2881,I think the product was fair. It does the job.,Neutral
2882,The product feels completely amazing. Highly recommended!,Positive
2883,The quality feels standard. Nothing special.,Neutral
2884,The quality is great. I love it.,Positive
2885,The packaging proved to be completely worst. I hate it.,Negative
2886,This item looks wonderful. Exceeded expectations.,Positive
2887,"The quality was normal. Not bad, not great.",Neutral
2888,The product feels perfect. I love it.,Positive
2889,I think the service proved to be superb. Best purchase ever.,Positive
2890,The product was horrible. Total waste of money.,Negative
2891,The quality is absolutely stellar. I love it.,Positive
2892,I think delivery seems disappointing. Very frustrated.,Negative
2893,I think customer support is great. I love it.,Positive
2894,The service was great. Exceeded expectations.,Positive
2895,The price seems subpar. I hate it.,Negative
2896,The design seems dreadful. Very frustrated.,Negative
2897,I think the product is horrible. I hate it.,Negative
2898,I think my experience looks standard. As expected.,Neutral
2899,The design looks completely terrible. Very frustrated.,Negative
2900,The product proved to be fairly subpar. Total waste of money.,Negative
2901,"I think the service seems regular. Not bad, not great.",Neutral
2902,My experience feels really poor. Total waste of money.,Negative
2903,I think the product feels bad. Do not buy.,Negative
2904,The price looks somewhat excellent. Best purchase ever.,Positive
2905,The price was totally superb. Will buy again.,Positive
2906,"I think the price feels okay. Not bad, not great.",Neutral
2907,I think the price seems fantastic. Best purchase ever.,Positive
2908,My experience looks subpar. Very frustrated.,Negative
2909,Delivery feels awful. I hate it.,Negative
2910,The service was brilliant. Highly recommended!,Positive
2911,This item was extremely brilliant. Best purchase ever.,Positive
2912,I think delivery proved to be subpar. Very frustrated.,Negative
2913,The product feels fairly wonderful. Exceeded expectations.,Positive
2914,The quality proved to be completely excellent. Exceeded expectations.,Positive
2915,The design was bad. Do not buy.,Negative
2916,The design was absolutely disappointing. Will return it.,Negative
2917,The design is horrible. Total waste of money.,Negative
2918,This item is awful. I hate it.,Negative
2919,I think the service is typical. Serves its purpose.,Neutral
2920,Delivery looks terrible. Save your money.,Negative
2921,"My experience feels acceptable. Not bad, not great.",Neutral
2922,I think the quality looks wonderful. Very satisfied.,Positive
2923,The packaging is wonderful. Very satisfied.,Positive
2924,I think this item seems normal. Serves its purpose.,Neutral
2925,I think my experience proved to be useless. I hate it.,Negative
2926,The price proved to be completely acceptable. Might buy again.,Neutral
2927,I think the quality was poor. Very frustrated.,Negative
2928,I think the service seems bad. Will return it.,Negative
2929,Customer support seems terrible. Do not buy.,Negative
2930,I think customer support is useless. Will return it.,Negative
2931,The service feels very wonderful. Exceeded expectations.,Positive
2932,The design feels subpar. Very frustrated.,Negative
2933,This item proved to be absolutely regular. It does the job.,Neutral
2934,I think the price seems awful. I hate it.,Negative
2935,The service seems really regular. Serves its purpose.,Neutral
2936,Customer support looks very useless. Do not buy.,Negative
2937,I think the service looks typical. Serves its purpose.,Neutral
2938,My experience is truly excellent. Highly recommended!,Positive
2939,The packaging is useless. Save your money.,Negative
2940,I think the price is bad. I hate it.,Negative
2941,I think the service feels poor. Save your money.,Negative
2942,The design seems fair. Serves its purpose.,Neutral
2943,This item is somewhat brilliant. Highly recommended!,Positive
2944,Customer support proved to be great. I love it.,Positive
2945,The price seems very fantastic. Very satisfied.,Positive
2946,I think the product proved to be amazing. Best purchase ever.,Positive
2947,I think the price is fine. Nothing special.,Neutral
2948,I think the packaging was average. As expected.,Neutral
2949,The service feels perfect. Best purchase ever.,Positive
2950,I think this item looks subpar. Total waste of money.,Negative
2951,The product is wonderful. Highly recommended!,Positive
2952,I think the quality is wonderful. Highly recommended!,Positive
2953,I think this item looks excellent. Exceeded expectations.,Positive
2954,Delivery looks fine. Might buy again.,Neutral
2955,The product looks absolutely average. It does the job.,Neutral
2956,The quality proved to be totally superb. Will buy again.,Positive
2957,I think delivery was worst. Do not buy.,Negative
2958,I think customer support looks awesome. Exceeded expectations.,Positive
2959,Delivery is quite mediocre. It does the job.,Neutral
2960,The price proved to be mediocre. Serves its purpose.,Neutral
2961,The design feels awesome. Highly recommended!,Positive
2962,The packaging looks extremely fantastic. Exceeded expectations.,Positive
2963,I think the price seems stellar. Very satisfied.,Positive
2964,Customer support is quite fine. As expected.,Neutral
2965,I think my experience seems normal. Serves its purpose.,Neutral
2966,Customer support looks standard. Might buy again.,Neutral
2967,Customer support is extremely horrible. Will return it.,Negative
2968,The design looks fantastic. I love it.,Positive
2969,My experience was regular. Might buy again.,Neutral
2970,The service looks wonderful. Will buy again.,Positive
2971,Delivery proved to be stellar. Very satisfied.,Positive
2972,I think the service seems fine. As expected.,Neutral
2973,Customer support proved to be brilliant. I love it.,Positive
2974,I think the packaging was fantastic. Highly recommended!,Positive
2975,This item looks absolutely bad. Total waste of money.,Negative
2976,I think customer support proved to be subpar. Total waste of money.,Negative
2977,The service proved to be somewhat dreadful. I hate it.,Negative
2978,The design seems very useless. I hate it.,Negative
2979,The service was worst. Save your money.,Negative
2980,I think the product seems superb. Best purchase ever.,Positive
2981,I think delivery feels useless. Total waste of money.,Negative
2982,I think this item looks subpar. Total waste of money.,Negative
2983,Customer support looks worst. Very frustrated.,Negative
2984,I think the price feels brilliant. Best purchase ever.,Positive
2985,The service looks quite excellent. Very satisfied.,Positive
2986,This item seems perfect. Will buy again.,Positive
2987,"This item was absolutely normal. Not bad, not great.",Neutral
2988,I think the product proved to be worst. I hate it.,Negative
2989,The price is fantastic. Best purchase ever.,Positive
2990,"Customer support is okay. Not bad, not great.",Neutral
2991,The product is quite stellar. Highly recommended!,Positive
2992,The design is somewhat stellar. Exceeded expectations.,Positive
2993,The price is truly brilliant. Very satisfied.,Positive
2994,I think the product looks mediocre. It does the job.,Neutral
2995,The product seems useless. Do not buy.,Negative
2996,This item was totally stellar. I love it.,Positive
2997,I think the product is perfect. I love it.,Positive
2998,I think customer support feels amazing. Will buy again.,Positive
2999,"I think the design proved to be typical. Not bad, not great.",Neutral
3000,The price proved to be somewhat standard. As expected.,Neutral
3001,The design looks really perfect. I love it.,Positive
3002,Delivery was fairly subpar. Total waste of money.,Negative
3003,The design is very okay. Nothing special.,Neutral
3004,The packaging feels absolutely amazing. Very satisfied.,Positive
3005,The quality was fairly great. Highly recommended!,Positive
3006,The quality is somewhat okay. It does the job.,Neutral
3007,The quality proved to be absolutely wonderful. Highly recommended!,Positive
3008,This item feels fairly horrible. I hate it.,Negative
3009,I think delivery seems acceptable. As expected.,Neutral
3010,The packaging was really terrible. Will return it.,Negative
3011,I think the product proved to be superb. Very satisfied.,Positive
3012,I think customer support proved to be awesome. Will buy again.,Positive
3013,This item looks amazing. Highly recommended!,Positive
3014,The price feels amazing. Exceeded expectations.,Neutral
3015,I think this item seems stellar. I love it.,Positive
3016,"I think customer support seems regular. Not bad, not great.",Neutral
3017,The product looks very bad. Will return it.,Negative
3018,I think my experience was bad. Very frustrated.,Negative
3019,The design is perfect. Highly recommended!,Positive
3020,The service seems fairly terrible. Do not buy.,Negative
3021,I think my experience seems bad. Very frustrated.,Negative
3022,I think the design feels horrible. Very frustrated.,Negative
3023,The design feels horrible. Very frustrated.,Negative
3024,The product is okay. It does the job.,Neutral
3025,I think the product seems dreadful. Will return it.,Negative
3026,My experience feels really terrible. Very frustrated.,Negative
3027,The design seems somewhat awesome. Will buy again.,Positive
3028,The packaging was quite okay. Nothing special.,Neutral
3029,I think customer support seems regular. As expected.,Neutral
3030,I think the product seems bad. I hate it.,Negative
3031,"Delivery is fair. Not bad, not great.",Neutral
3032,The price was really bad. Save your money.,Positive
3033,I think the price feels bad. Total waste of money.,Negative
3034,The quality is wonderful. Highly recommended!,Positive
3035,This item seems great. Will buy again.,Positive
3036,I think the design looks subpar. Total waste of money.,Positive
3037,I think this item is brilliant. Exceeded expectations.,Positive
3038,The service was completely useless. I hate it.,Negative
3039,The product looks totally poor. Total waste of money.,Negative
3040,I think the price proved to be great. Highly recommended!,Positive
3041,The product proved to be really poor. Save your money.,Negative
3042,I think the price was brilliant. I love it.,Positive
3043,My experience feels stellar. Very satisfied.,Positive
3044,The price feels absolutely awesome. Will buy again.,Positive
3045,The product looks regular. It does the job.,Neutral
3046,The design is absolutely great. Highly recommended!,Positive
3047,The quality proved to be brilliant. Exceeded expectations.,Negative
3048,The design was awful. Very frustrated.,Negative
3049,I think this item looks terrible. I hate it.,Negative
3050,My experience feels average. As expected.,Neutral
3051,The service was stellar. Will buy again.,Positive
3052,The price was fairly standard. Might buy again.,Neutral
3053,The quality feels quite stellar. Very satisfied.,Positive
3054,My experience was superb. Will buy again.,Positive
3055,The packaging was totally awful. Very frustrated.,Negative
3056,I think my experience was superb. Very satisfied.,Positive
3057,I think customer support looks amazing. I love it.,Positive
3058,The design seems disappointing. I hate it.,Negative
3059,The service was great. Very satisfied.,Positive
3060,Customer support was disappointing. Will return it.,Negative
3061,I think delivery proved to be fantastic. Best purchase ever.,Positive
3062,My experience proved to be perfect. I love it.,Positive
3063,Delivery is absolutely poor. I hate it.,Negative
3064,Customer support proved to be very awful. Will return it.,Positive
3065,The packaging seems horrible. Do not buy.,Negative
3066,The design feels absolutely excellent. Exceeded expectations.,Positive
3067,I think this item is great. I love it.,Positive
3068,The design looks subpar. Save your money.,Negative
3069,I think the design is brilliant. Best purchase ever.,Positive
3070,This item seems completely brilliant. Highly recommended!,Positive
3071,I think this item looks terrible. Will return it.,Negative
3072,"My experience looks really average. Not bad, not great.",Neutral
3073,The price feels absolutely subpar. Will return it.,Negative
3074,My experience looks totally mediocre. Nothing special.,Neutral
3075,The product was poor. Very frustrated.,Negative
3076,The design is fair. It does the job.,Neutral
3077,Delivery feels fantastic. Will buy again.,Positive
3078,Delivery seems amazing. Very satisfied.,Positive
3079,I think the design seems horrible. Save your money.,Negative
3080,Delivery was very excellent. Exceeded expectations.,Positive
3081,The quality proved to be truly dreadful. Do not buy.,Negative
3082,The design looks wonderful. Very satisfied.,Positive
3083,The service is okay. Might buy again.,Neutral
3084,The price proved to be fairly great. Will buy again.,Positive
3085,The price looks very wonderful. Very satisfied.,Positive
3086,The quality is terrible. Very frustrated.,Negative
3087,I think my experience seems excellent. Best purchase ever.,Positive
3088,The quality looks dreadful. Will return it.,Negative
3089,I think the design proved to be awesome. Exceeded expectations.,Positive
3090,Customer support seems totally horrible. Very frustrated.,Negative
3091,I think this item seems awesome. Very satisfied.,Positive
3092,The packaging is mediocre. It does the job.,Neutral
3093,The quality feels really awful. Very frustrated.,Negative
3094,The price feels useless. Do not buy.,Negative
3095,This item feels quite terrible. I hate it.,Negative
3096,I think the quality looks fair. Serves its purpose.,Neutral
3097,I think the price feels fantastic. I love it.,Positive
3098,Customer support is subpar. Very frustrated.,Negative
3099,I think the design is fair. Might buy again.,Neutral
3100,Delivery seems okay. It does the job.,Neutral
3101,The price proved to be truly useless. Do not buy.,Negative
3102,This item seems quite excellent. Very satisfied.,Positive
3103,The product is terrible. Total waste of money.,Negative
3104,This item proved to be fairly fair. As expected.,Neutral
3105,I think the packaging is awesome. Exceeded expectations.,Positive
3106,The design was acceptable. Nothing special.,Neutral
3107,This item proved to be fairly awesome. Best purchase ever.,Positive
3108,This item was fairly awesome. Best purchase ever.,Positive
3109,This item proved to be extremely awful. Do not buy.,Negative
3110,The price seems really average. Serves its purpose.,Positive
3111,I think delivery is mediocre. It does the job.,Neutral
3112,This item is somewhat fair. Might buy again.,Neutral
3113,The product proved to be normal. As expected.,Neutral
3114,Delivery feels totally excellent. Very satisfied.,Positive
3115,Delivery feels absolutely poor. I hate it.,Negative
3116,The price is wonderful. Very satisfied.,Positive
3117,I think the packaging is okay. As expected.,Neutral
3118,The packaging is totally okay. As expected.,Neutral
3119,I think the product feels superb. Very satisfied.,Positive
3120,The quality is somewhat regular. It does the job.,Neutral
3121,I think my experience seems disappointing. Will return it.,Negative
3122,This item looks quite great. Will buy again.,Positive
3123,The packaging looks totally average. It does the job.,Neutral
3124,The quality looks truly subpar. Do not buy.,Negative
3125,I think the service looks useless. I hate it.,Negative
3126,I think the price proved to be brilliant. Very satisfied.,Positive
3127,The design seems really great. Exceeded expectations.,Positive
3128,The price looks useless. Save your money.,Negative
3129,Delivery seems very worst. I hate it.,Negative
3130,This item is bad. Will return it.,Negative
3131,I think this item is excellent. I love it.,Positive
3132,Customer support was extremely dreadful. I hate it.,Negative
3133,My experience seems totally awesome. Highly recommended!,Positive
3134,I think the packaging feels perfect. Will buy again.,Positive
3135,I think the service proved to be regular. Might buy again.,Neutral
3136,The packaging feels absolutely perfect. Highly recommended!,Positive
3137,Delivery is extremely amazing. Exceeded expectations.,Positive
3138,The service feels wonderful. Best purchase ever.,Positive
3139,My experience seems absolutely excellent. Exceeded expectations.,Negative
3140,The price proved to be totally awful. Total waste of money.,Negative
3141,The price feels very amazing. Exceeded expectations.,Positive
3142,Delivery seems fair. Nothing special.,Neutral
3143,I think my experience feels brilliant. Will buy again.,Positive
3144,Customer support proved to be superb. Very satisfied.,Positive
3145,"The design proved to be completely normal. Not bad, not great.",Neutral
3146,"The product looks really standard. Not bad, not great.",Neutral
3147,This item feels extremely awful. I hate it.,Negative
3148,Customer support was really dreadful. Total waste of money.,Negative
3149,I think this item seems bad. Total waste of money.,Negative
3150,This item was completely terrible. I hate it.,Negative
3151,The product was absolutely awesome. Best purchase ever.,Positive
3152,Customer support feels very disappointing. Very frustrated.,Negative
3153,I think my experience seems useless. Very frustrated.,Neutral
3154,Delivery seems really normal. It does the job.,Neutral
3155,The service seems totally brilliant. I love it.,Positive
3156,Customer support feels excellent. Exceeded expectations.,Positive
3157,The price proved to be very awesome. Highly recommended!,Positive
3158,I think customer support was useless. Total waste of money.,Negative
3159,The design feels very brilliant. Highly recommended!,Positive
3160,The price proved to be useless. Save your money.,Negative
3161,I think my experience seems bad. Save your money.,Negative
3162,The service proved to be quite amazing. Best purchase ever.,Positive
3163,My experience looks somewhat superb. Best purchase ever.,Positive
3164,I think this item feels horrible. Will return it.,Negative
3165,My experience is great. Exceeded expectations.,Positive
3166,The design feels very acceptable. It does the job.,Neutral
3167,The design feels dreadful. Very frustrated.,Negative
3168,I think the service is great. Will buy again.,Positive
3169,The product was useless. Total waste of money.,Negative
3170,I think the price is subpar. Do not buy.,Negative
3171,Customer support seems stellar. Very satisfied.,Positive
3172,The packaging is subpar. Do not buy.,Negative
3173,My experience was dreadful. Will return it.,Negative
3174,The quality looks worst. Save your money.,Negative
3175,The packaging looks wonderful. Exceeded expectations.,Positive
3176,I think customer support was standard. Serves its purpose.,Neutral
3177,This item was somewhat amazing. Best purchase ever.,Positive
3178,I think the design seems awesome. Best purchase ever.,Positive
3179,I think this item proved to be brilliant. Will buy again.,Positive
3180,The price feels awesome. I love it.,Positive
3181,The price was fairly brilliant. Exceeded expectations.,Positive
3182,The price proved to be great. I love it.,Positive
3183,The product feels very horrible. Very frustrated.,Negative
3184,The design seems truly dreadful. Total waste of money.,Negative
3185,My experience proved to be really wonderful. Will buy again.,Positive
3186,The packaging is extremely average. Nothing special.,Neutral
3187,The price proved to be useless. Do not buy.,Negative
3188,This item was brilliant. Best purchase ever.,Positive
3189,The design feels stellar. Best purchase ever.,Positive
3190,I think delivery seems amazing. I love it.,Positive
3191,This item is typical. Serves its purpose.,Neutral
3192,This item proved to be truly acceptable. Might buy again.,Neutral
3193,I think the design was fair. Nothing special.,Neutral
3194,Customer support was absolutely brilliant. Will buy again.,Positive
3195,I think the product feels awesome. Very satisfied.,Positive
3196,The packaging looks very fine. As expected.,Neutral
3197,I think the price feels terrible. Save your money.,Negative
3198,The service seems fairly horrible. Will return it.,Negative
3199,My experience seems superb. Very satisfied.,Positive
3200,The packaging is brilliant. Very satisfied.,Negative
3201,I think the design seems excellent. Exceeded expectations.,Positive
3202,I think the product proved to be perfect. Very satisfied.,Positive
3203,The design looks fairly disappointing. Very frustrated.,Negative
3204,The design looks wonderful. Very satisfied.,Neutral
3205,"Delivery looks standard. Not bad, not great.",Neutral
3206,Customer support feels totally awful. Total waste of money.,Negative
3207,This item looks wonderful. Very satisfied.,Positive
3208,My experience was completely terrible. Very frustrated.,Negative
3209,The price feels truly bad. Do not buy.,Negative
3210,The packaging was totally amazing. Will buy again.,Negative
3211,Delivery seems truly great. Very satisfied.,Positive
3212,I think the packaging proved to be worst. Total waste of money.,Negative
3213,Customer support is acceptable. Serves its purpose.,Neutral
3214,I think customer support feels wonderful. Very satisfied.,Positive
3215,I think the product looks normal. It does the job.,Neutral
3216,The design is somewhat dreadful. Save your money.,Negative
3217,I think the price is worst. Very frustrated.,Negative
3218,I think delivery proved to be brilliant. I love it.,Positive
3219,I think the price is great. Exceeded expectations.,Positive
3220,The packaging feels okay. As expected.,Neutral
3221,The packaging feels extremely bad. Very frustrated.,Negative
3222,I think the product was awful. Will return it.,Negative
3223,Delivery is fine. Serves its purpose.,Neutral
3224,This item looks somewhat excellent. Highly recommended!,Positive
3225,The service is standard. Might buy again.,Neutral
3226,The design proved to be truly acceptable. Might buy again.,Neutral
3227,The service seems awful. Will return it.,Negative
3228,This item was very stellar. Highly recommended!,Positive
3229,The product proved to be extremely wonderful. Best purchase ever.,Positive
3230,Customer support proved to be poor. Very frustrated.,Negative
3231,The service is truly useless. Do not buy.,Negative
3232,The packaging seems completely superb. Best purchase ever.,Positive
3233,My experience proved to be fairly dreadful. Save your money.,Negative
3234,Customer support was okay. Might buy again.,Neutral
3235,The price was subpar. Save your money.,Negative
3236,"I think the product was mediocre. Not bad, not great.",Neutral
3237,I think the service was mediocre. Serves its purpose.,Neutral
3238,"I think the service is fair. Not bad, not great.",Neutral
3239,The design is totally brilliant. Exceeded expectations.,Positive
3240,The service proved to be totally normal. As expected.,Negative
3241,I think customer support is bad. Save your money.,Negative
3242,I think this item seems horrible. Save your money.,Negative
3243,The design is very dreadful. Do not buy.,Negative
3244,I think this item feels perfect. Best purchase ever.,Positive
3245,The price feels totally average. Serves its purpose.,Neutral
3246,Delivery seems subpar. Very frustrated.,Negative
3247,Delivery is worst. Do not buy.,Negative
3248,Customer support is absolutely poor. Do not buy.,Negative
3249,Customer support seems dreadful. Save your money.,Negative
3250,I think the packaging feels normal. Might buy again.,Neutral
3251,The service was disappointing. Save your money.,Negative
3252,Delivery is fantastic. Highly recommended!,Positive
3253,I think the service seems amazing. I love it.,Positive
3254,I think the service feels wonderful. Will buy again.,Positive
3255,The design feels amazing. Highly recommended!,Negative
3256,The quality proved to be totally excellent. Will buy again.,Positive
3257,My experience feels quite poor. Save your money.,Negative
3258,The design feels extremely awful. Will return it.,Negative
3259,Customer support proved to be totally wonderful. Highly recommended!,Positive
3260,I think this item looks brilliant. Will buy again.,Positive
3261,The quality is poor. Save your money.,Negative
3262,The price seems disappointing. I hate it.,Negative
3263,The service proved to be completely poor. Very frustrated.,Negative
3264,I think the product was stellar. Best purchase ever.,Positive
3265,The service proved to be very stellar. Best purchase ever.,Positive
3266,I think the packaging looks stellar. Will buy again.,Positive
3267,I think the product looks amazing. Best purchase ever.,Positive
3268,This item feels dreadful. Very frustrated.,Negative
3269,I think the quality is amazing. Exceeded expectations.,Positive
3270,I think the packaging seems stellar. Best purchase ever.,Positive
3271,I think my experience looks terrible. Do not buy.,Negative
3272,I think my experience was superb. Will buy again.,Positive
3273,I think the design seems perfect. Very satisfied.,Positive
3274,Customer support was amazing. Highly recommended!,Positive
3275,I think the product is acceptable. As expected.,Neutral
3276,The product looks really standard. Nothing special.,Neutral
3277,My experience feels fine. Might buy again.,Neutral
3278,I think the service proved to be dreadful. Will return it.,Negative
3279,I think customer support proved to be useless. Will return it.,Negative
3280,The service proved to be completely horrible. Save your money.,Negative
3281,I think the design seems poor. I hate it.,Negative
3282,"The packaging feels somewhat regular. Not bad, not great.",Neutral
3283,My experience seems fairly mediocre. Nothing special.,Negative
3284,I think the design is bad. Do not buy.,Negative
3285,I think the quality feels fine. Nothing special.,Neutral
3286,The packaging seems brilliant. Exceeded expectations.,Positive
3287,Customer support feels fantastic. Will buy again.,Positive
3288,Customer support seems very worst. Do not buy.,Negative
3289,"The service was mediocre. Not bad, not great.",Neutral
3290,The service is horrible. Do not buy.,Negative
3291,I think the price was brilliant. Will buy again.,Positive
3292,The design looks poor. I hate it.,Negative
3293,The product seems dreadful. Very frustrated.,Negative
3294,The quality was somewhat awful. I hate it.,Negative
3295,I think this item proved to be superb. Best purchase ever.,Positive
3296,I think customer support was worst. Total waste of money.,Negative
3297,I think my experience looks stellar. Best purchase ever.,Positive
3298,My experience feels really acceptable. It does the job.,Neutral
3299,I think the design seems excellent. Very satisfied.,Positive
3300,The service is absolutely superb. Exceeded expectations.,Positive
3301,I think the design proved to be wonderful. Highly recommended!,Positive
3302,Customer support was fairly okay. Might buy again.,Negative
3303,My experience looks somewhat superb. Very satisfied.,Positive
3304,I think my experience is horrible. Total waste of money.,Negative
3305,The service is stellar. Will buy again.,Positive
3306,This item looks completely horrible. Save your money.,Negative
3307,Customer support seems quite dreadful. Total waste of money.,Negative
3308,"I think the packaging seems fine. Not bad, not great.",Neutral
3309,My experience is standard. Might buy again.,Neutral
3310,Delivery feels extremely subpar. Do not buy.,Negative
3311,I think delivery feels dreadful. Total waste of money.,Negative
3312,I think the price looks horrible. Will return it.,Negative
3313,The price proved to be fairly perfect. Highly recommended!,Negative
3314,The packaging feels awful. Very frustrated.,Negative
3315,I think the packaging is regular. Nothing special.,Neutral
3316,I think the packaging seems typical. Might buy again.,Neutral
3317,The quality proved to be extremely awesome. Will buy again.,Positive
3318,I think this item feels perfect. Will buy again.,Neutral
3319,I think the product proved to be terrible. Do not buy.,Negative
3320,The price was fair. Nothing special.,Neutral
3321,Delivery looks fair. Nothing special.,Neutral
3322,I think customer support feels great. I love it.,Positive
3323,Delivery was somewhat regular. It does the job.,Neutral
3324,I think the quality was worst. Save your money.,Negative
3325,My experience is truly worst. Save your money.,Negative
3326,I think delivery seems typical. As expected.,Neutral
3327,I think customer support is brilliant. Exceeded expectations.,Positive
3328,I think customer support was okay. Nothing special.,Neutral
3329,The price seems totally useless. Will return it.,Negative
3330,The service proved to be totally dreadful. Total waste of money.,Negative
3331,"Delivery looks quite regular. Not bad, not great.",Neutral
3332,I think customer support was amazing. Exceeded expectations.,Negative
3333,My experience feels bad. Very frustrated.,Negative
3334,This item is absolutely acceptable. Nothing special.,Neutral
3335,I think the service was great. Highly recommended!,Neutral
3336,Customer support was truly brilliant. I love it.,Positive
3337,The price proved to be extremely perfect. Best purchase ever.,Positive
3338,I think the design proved to be subpar. Save your money.,Negative
3339,I think the product feels poor. Total waste of money.,Negative
3340,Customer support looks perfect. Exceeded expectations.,Positive
3341,I think the design was bad. Total waste of money.,Negative
3342,The packaging seems absolutely bad. Total waste of money.,Negative
3343,I think the product was mediocre. Might buy again.,Neutral
3344,The packaging seems horrible. Very frustrated.,Negative
3345,This item proved to be useless. Very frustrated.,Negative
3346,I think delivery is horrible. Will return it.,Negative
3347,I think this item was amazing. Highly recommended!,Positive
3348,This item proved to be useless. I hate it.,Negative
3349,Customer support seems very perfect. Best purchase ever.,Positive
3350,This item seems fairly amazing. Highly recommended!,Positive
3351,The quality is absolutely fine. As expected.,Neutral
3352,Customer support seems very normal. Nothing special.,Neutral
3353,The product is fair. Serves its purpose.,Neutral
3354,Delivery feels horrible. I hate it.,Negative
3355,The packaging seems awful. Do not buy.,Negative
3356,I think this item is terrible. Do not buy.,Negative
3357,I think the price looks horrible. Do not buy.,Negative
3358,I think this item proved to be awesome. Very satisfied.,Positive
3359,My experience seems absolutely wonderful. I love it.,Positive
3360,I think the design feels awesome. Exceeded expectations.,Negative
3361,This item seems completely awesome. I love it.,Positive
3362,The service is extremely worst. I hate it.,Negative
3363,The service seems quite fair. As expected.,Neutral
3364,The price was awful. Very frustrated.,Negative
3365,I think the product was normal. Serves its purpose.,Neutral
3366,My experience was awesome. Will buy again.,Positive
3367,The design feels absolutely useless. I hate it.,Negative
3368,I think the quality proved to be great. Very satisfied.,Positive
3369,Customer support seems completely mediocre. Nothing special.,Neutral
3370,Delivery looks terrible. Do not buy.,Negative
3371,Delivery is dreadful. Save your money.,Negative
3372,Delivery was horrible. Very frustrated.,Negative
3373,The packaging looks awful. Save your money.,Negative
3374,The packaging was horrible. Total waste of money.,Negative
3375,The price feels stellar. I love it.,Positive
3376,Customer support looks absolutely mediocre. Might buy again.,Neutral
3377,This item is fantastic. Exceeded expectations.,Positive
3378,This item seems perfect. Highly recommended!,Positive
3379,The packaging proved to be very okay. Nothing special.,Neutral
3380,I think my experience proved to be dreadful. Will return it.,Negative
3381,This item feels standard. Serves its purpose.,Neutral
3382,Delivery feels fairly disappointing. Do not buy.,Negative
3383,I think my experience seems awful. Very frustrated.,Negative
3384,I think the quality proved to be horrible. Will return it.,Positive
3385,I think the product is bad. Do not buy.,Negative
3386,The price was awesome. Highly recommended!,Positive
3387,I think the service is disappointing. Will return it.,Negative
3388,The quality proved to be extremely excellent. Best purchase ever.,Positive
3389,The packaging is extremely superb. Highly recommended!,Negative
3390,The service looks regular. Might buy again.,Neutral
3391,The price is perfect. Very satisfied.,Positive
3392,I think delivery was perfect. I love it.,Positive
3393,My experience proved to be useless. Do not buy.,Positive
3394,I think the service proved to be brilliant. I love it.,Positive
3395,Customer support seems wonderful. Very satisfied.,Positive
3396,I think the service feels acceptable. It does the job.,Neutral
3397,The price is absolutely subpar. Save your money.,Negative
3398,I think delivery is dreadful. Total waste of money.,Negative
3399,My experience looks very fantastic. Will buy again.,Positive
3400,I think customer support looks worst. Very frustrated.,Negative
3401,The price feels terrible. Do not buy.,Negative
3402,I think the packaging looks fantastic. Best purchase ever.,Negative
3403,The service is absolutely stellar. Best purchase ever.,Positive
3404,My experience was totally superb. Very satisfied.,Positive
3405,Customer support seems bad. Will return it.,Negative
3406,This item looks fairly brilliant. Will buy again.,Positive
3407,The packaging looks fine. Serves its purpose.,Neutral
3408,The product is extremely normal. Nothing special.,Neutral
3409,Customer support is mediocre. Nothing special.,Neutral
3410,This item is completely horrible. Total waste of money.,Negative
3411,The design proved to be poor. I hate it.,Negative
3412,I think customer support is useless. Very frustrated.,Negative
3413,I think customer support feels perfect. Highly recommended!,Neutral
3414,My experience was disappointing. I hate it.,Negative
3415,The design was very typical. Might buy again.,Neutral
3416,I think customer support was subpar. Do not buy.,Negative
3417,Customer support feels completely disappointing. Will return it.,Negative
3418,The price looks superb. Will buy again.,Positive
3419,This item seems amazing. I love it.,Positive
3420,I think the quality looks excellent. I love it.,Positive
3421,I think the service looks fantastic. Best purchase ever.,Positive
3422,Delivery proved to be fantastic. Highly recommended!,Positive
3423,The product proved to be great. Best purchase ever.,Positive
3424,The design feels very terrible. Will return it.,Negative
3425,This item seems awful. Save your money.,Negative
3426,Customer support seems completely horrible. I hate it.,Negative
3427,The service seems really amazing. Very satisfied.,Positive
3428,The price seems brilliant. Highly recommended!,Positive
3429,This item proved to be useless. I hate it.,Negative
3430,Customer support looks quite worst. I hate it.,Negative
3431,Customer support was really fantastic. I love it.,Positive
3432,"I think the product feels regular. Not bad, not great.",Neutral
3433,The packaging proved to be mediocre. Might buy again.,Neutral
3434,Delivery proved to be fairly acceptable. Might buy again.,Neutral
3435,I think the quality looks poor. Total waste of money.,Negative
3436,I think my experience was fantastic. Exceeded expectations.,Positive
3437,I think this item looks subpar. Save your money.,Negative
3438,The price looks standard. Serves its purpose.,Neutral
3439,The product is really worst. Save your money.,Negative
3440,I think customer support feels amazing. Highly recommended!,Positive
3441,The service seems superb. Highly recommended!,Positive
3442,The quality proved to be somewhat disappointing. I hate it.,Negative
3443,I think delivery seems useless. I hate it.,Negative
3444,"The service was somewhat mediocre. Not bad, not great.",Neutral
3445,The quality seems fair. Nothing special.,Neutral
3446,I think the service proved to be horrible. Do not buy.,Negative
3447,The price was extremely subpar. Total waste of money.,Negative
3448,The quality proved to be okay. Serves its purpose.,Neutral
3449,I think the quality looks superb. I love it.,Positive
3450,The service is subpar. Will return it.,Negative
3451,Customer support proved to be perfect. Highly recommended!,Positive
3452,I think the quality feels subpar. Save your money.,Neutral
3453,My experience proved to be very subpar. I hate it.,Negative
3454,The product looks totally awful. Do not buy.,Negative
3455,The packaging proved to be mediocre. Nothing special.,Neutral
3456,The product looks worst. Total waste of money.,Negative
3457,This item seems really mediocre. Nothing special.,Neutral
3458,The service is somewhat fantastic. Best purchase ever.,Positive
3459,The design is stellar. I love it.,Positive
3460,Customer support was awful. Total waste of money.,Negative
3461,This item looks absolutely acceptable. Nothing special.,Neutral
3462,My experience looks okay. It does the job.,Neutral
3463,I think customer support feels worst. I hate it.,Negative
3464,I think delivery was brilliant. Very satisfied.,Positive
3465,"The quality was somewhat mediocre. Not bad, not great.",Neutral
3466,I think the design is great. I love it.,Positive
3467,My experience seems fair. Nothing special.,Neutral
3468,I think delivery proved to be brilliant. Best purchase ever.,Positive
3469,This item feels truly subpar. Save your money.,Negative
3470,The quality is great. Very satisfied.,Positive
3471,My experience seems fairly perfect. Exceeded expectations.,Positive
3472,The price looks fairly excellent. I love it.,Positive
3473,The quality is perfect. Will buy again.,Positive
3474,"This item seems typical. Not bad, not great.",Neutral
3475,The packaging seems somewhat useless. Will return it.,Negative
3476,I think delivery seems fair. It does the job.,Neutral
3477,The quality seems fairly worst. Will return it.,Negative
3478,Customer support was subpar. Will return it.,Negative
3479,The quality was fairly brilliant. Exceeded expectations.,Positive
3480,My experience is horrible. Save your money.,Negative
3481,The design proved to be truly brilliant. Will buy again.,Positive
3482,The design seems really worst. Will return it.,Negative
3483,I think delivery was horrible. Do not buy.,Negative
3484,Customer support seems truly great. Highly recommended!,Positive
3485,The quality was somewhat superb. Exceeded expectations.,Positive
3486,The quality is amazing. Will buy again.,Positive
3487,I think the service looks great. Best purchase ever.,Positive
3488,The product looks bad. I hate it.,Negative
3489,The quality is awesome. Very satisfied.,Positive
3490,Customer support seems fairly superb. Very satisfied.,Negative
3491,I think this item is awesome. Very satisfied.,Positive
3492,I think the service proved to be worst. I hate it.,Negative
3493,I think the price proved to be awesome. I love it.,Neutral
3494,"Delivery looks normal. Not bad, not great.",Neutral
3495,My experience proved to be mediocre. Might buy again.,Neutral
3496,Customer support feels bad. Do not buy.,Negative
3497,The design feels normal. Might buy again.,Neutral
3498,Delivery seems somewhat poor. Do not buy.,Negative
3499,I think the design is brilliant. Highly recommended!,Positive
3500,My experience proved to be perfect. Best purchase ever.,Positive
3501,The product was fairly terrible. Do not buy.,Negative
3502,Customer support looks standard. Might buy again.,Neutral
3503,The service looks very amazing. Best purchase ever.,Positive
3504,Delivery feels extremely awesome. Best purchase ever.,Positive
3505,The product proved to be quite great. Best purchase ever.,Positive
3506,I think customer support feels subpar. Very frustrated.,Negative
3507,The product was very fine. Nothing special.,Neutral
3508,Customer support seems subpar. Total waste of money.,Negative
3509,Customer support is totally horrible. Will return it.,Negative
3510,I think the price was awesome. Exceeded expectations.,Positive
3511,I think the price feels awesome. I love it.,Positive
3512,I think the design proved to be acceptable. As expected.,Neutral
3513,The service looks quite fantastic. I love it.,Positive
3514,The design seems brilliant. Very satisfied.,Positive
3515,The design seems fantastic. Will buy again.,Positive
3516,I think the product is acceptable. Nothing special.,Neutral
3517,Customer support proved to be totally perfect. Exceeded expectations.,Positive
3518,Customer support looks absolutely stellar. Best purchase ever.,Positive
3519,I think the service proved to be okay. Might buy again.,Neutral
3520,I think the price was terrible. Save your money.,Negative
3521,The product is really horrible. Very frustrated.,Negative
3522,The packaging seems extremely horrible. Very frustrated.,Negative
3523,I think customer support seems fine. As expected.,Neutral
3524,I think the packaging proved to be bad. Do not buy.,Negative
3525,The design proved to be mediocre. Serves its purpose.,Neutral
3526,The product was perfect. Will buy again.,Positive
3527,I think the service looks useless. I hate it.,Negative
3528,Delivery was really poor. Do not buy.,Negative
3529,My experience was normal. Might buy again.,Neutral
3530,I think the product feels normal. It does the job.,Neutral
3531,I think the product looks superb. Will buy again.,Positive
3532,This item was fairly wonderful. Exceeded expectations.,Positive
3533,Customer support is terrible. Total waste of money.,Negative
3534,The design is really horrible. Total waste of money.,Negative
3535,Delivery feels awful. Very frustrated.,Negative
3536,"The quality was totally fine. Not bad, not great.",Neutral
3537,The design is truly awful. Total waste of money.,Negative
3538,Customer support is absolutely bad. Do not buy.,Negative
3539,The product was poor. Total waste of money.,Negative
3540,I think the price was regular. As expected.,Neutral
3541,I think my experience feels excellent. Exceeded expectations.,Positive
3542,I think delivery is terrible. Save your money.,Negative
3543,I think this item looks mediocre. As expected.,Neutral
3544,I think the packaging feels average. As expected.,Neutral
3545,I think the product proved to be excellent. Best purchase ever.,Positive
3546,The service looks perfect. Highly recommended!,Positive
3547,I think the product is standard. Might buy again.,Neutral
3548,The service is awful. Very frustrated.,Negative
3549,"This item is average. Not bad, not great.",Neutral
3550,I think this item proved to be disappointing. Do not buy.,Negative
3551,My experience looks really regular. As expected.,Neutral
3552,Delivery looks disappointing. I hate it.,Negative
3553,Customer support was wonderful. Best purchase ever.,Positive
3554,I think my experience proved to be wonderful. Exceeded expectations.,Positive
3555,This item proved to be truly horrible. Save your money.,Negative
3556,My experience is superb. Exceeded expectations.,Positive
3557,I think the service seems terrible. I hate it.,Negative
3558,I think customer support is amazing. Very satisfied.,Positive
3559,The packaging was standard. As expected.,Neutral
3560,The price seems extremely awesome. Highly recommended!,Positive
3561,This item is really excellent. Best purchase ever.,Positive
3562,The quality seems fairly brilliant. Will buy again.,Positive
3563,I think the product feels stellar. Highly recommended!,Positive
3564,The price proved to be very disappointing. I hate it.,Negative
3565,My experience seems excellent. I love it.,Neutral
3566,I think my experience proved to be terrible. Will return it.,Negative
3567,The design was awful. Save your money.,Negative
3568,I think the design proved to be awesome. I love it.,Positive
3569,The price seems awful. Will return it.,Negative
3570,I think my experience seems fantastic. Very satisfied.,Positive
3571,The quality feels horrible. Total waste of money.,Negative
3572,"I think my experience feels regular. Not bad, not great.",Neutral
3573,This item is fairly subpar. Save your money.,Negative
3574,"My experience feels absolutely mediocre. Not bad, not great.",Neutral
3575,I think the quality was worst. Do not buy.,Negative
3576,The design feels quite brilliant. Will buy again.,Positive
3577,I think this item looks great. I love it.,Positive
3578,I think the service proved to be fantastic. Very satisfied.,Positive
3579,I think the price is bad. Total waste of money.,Negative
3580,This item proved to be superb. Best purchase ever.,Positive
3581,The design is wonderful. Best purchase ever.,Positive
3582,This item feels completely bad. Do not buy.,Negative
3583,This item proved to be fantastic. Best purchase ever.,Positive
3584,Customer support looks stellar. Highly recommended!,Positive
3585,The price seems truly useless. Very frustrated.,Negative
3586,The service feels fairly worst. Will return it.,Negative
3587,I think the packaging seems poor. Will return it.,Negative
3588,The price is subpar. Very frustrated.,Negative
3589,This item feels very normal. As expected.,Neutral
3590,The packaging is terrible. Do not buy.,Negative
3591,I think the packaging proved to be horrible. Will return it.,Negative
3592,I think the packaging was subpar. I hate it.,Positive
3593,I think delivery feels terrible. Do not buy.,Negative
3594,My experience proved to be very fantastic. Best purchase ever.,Positive
3595,The packaging seems poor. Do not buy.,Negative
3596,I think delivery looks fair. It does the job.,Neutral
3597,The product seems perfect. Highly recommended!,Positive
3598,The service feels very disappointing. Save your money.,Negative
3599,I think my experience looks great. Best purchase ever.,Positive
3600,I think my experience feels excellent. Highly recommended!,Positive
3601,The quality feels dreadful. Do not buy.,Positive
3602,I think the service was horrible. Very frustrated.,Negative
3603,I think my experience proved to be bad. Save your money.,Negative
3604,I think delivery was brilliant. Very satisfied.,Positive
3605,I think customer support proved to be dreadful. Do not buy.,Negative
3606,The price feels brilliant. Best purchase ever.,Positive
3607,The price was terrible. I hate it.,Negative
3608,I think the price seems useless. Will return it.,Negative
3609,The price looks superb. Will buy again.,Positive
3610,I think the design was average. Serves its purpose.,Neutral
3611,The design was completely perfect. Will buy again.,Positive
3612,The packaging feels acceptable. Might buy again.,Neutral
3613,The quality seems terrible. Do not buy.,Negative
3614,I think customer support was dreadful. Total waste of money.,Negative
3615,I think customer support was average. Serves its purpose.,Neutral
3616,Delivery seems very brilliant. Exceeded expectations.,Positive
3617,I think the product seems stellar. I love it.,Positive
3618,This item proved to be perfect. I love it.,Positive
3619,I think the service is stellar. Highly recommended!,Positive
3620,I think the product was excellent. Very satisfied.,Positive
3621,The packaging proved to be disappointing. Save your money.,Positive
3622,This item is awesome. Will buy again.,Positive
3623,The design proved to be quite normal. Nothing special.,Neutral
3624,The quality feels acceptable. As expected.,Neutral
3625,The design seems stellar. Best purchase ever.,Positive
3626,I think this item looks fair. Nothing special.,Neutral
3627,The service was dreadful. Total waste of money.,Negative
3628,The product looks absolutely dreadful. Total waste of money.,Negative
3629,I think the price was excellent. Will buy again.,Positive
3630,I think the service feels bad. Very frustrated.,Negative
3631,I think the price feels useless. Will return it.,Negative
3632,I think my experience is fair. Nothing special.,Neutral
3633,I think delivery is awful. Do not buy.,Negative
3634,Customer support is very superb. Highly recommended!,Positive
3635,The service is totally horrible. Very frustrated.,Negative
3636,I think this item feels average. Serves its purpose.,Positive
3637,My experience looks horrible. Very frustrated.,Negative
3638,The service is awesome. Best purchase ever.,Positive
3639,Customer support proved to be truly superb. I love it.,Positive
3640,The service seems awesome. Best purchase ever.,Positive
3641,The price was very perfect. Exceeded expectations.,Positive
3642,The service looks completely acceptable. As expected.,Neutral
3643,Customer support is fairly awesome. I love it.,Positive
3644,The quality proved to be quite fantastic. Best purchase ever.,Positive
3645,The price proved to be fine. As expected.,Neutral
3646,The design was great. Highly recommended!,Positive
3647,The design was disappointing. Very frustrated.,Negative
3648,"I think the product feels normal. Not bad, not great.",Neutral
3649,The service is bad. I hate it.,Negative
3650,I think the quality proved to be fantastic. Very satisfied.,Positive
3651,The design looks quite awesome. I love it.,Positive
3652,"I think the design looks standard. Not bad, not great.",Neutral
3653,This item seems truly terrible. Will return it.,Negative
3654,My experience proved to be perfect. Exceeded expectations.,Positive
3655,The quality feels superb. Exceeded expectations.,Positive
3656,The design was terrible. Save your money.,Negative
3657,I think the product looks great. I love it.,Positive
3658,The product feels superb. I love it.,Positive
3659,The packaging is bad. I hate it.,Negative
3660,I think the product feels fantastic. Highly recommended!,Positive
3661,I think this item is awful. Do not buy.,Negative
3662,I think the design proved to be useless. Very frustrated.,Positive
3663,The price proved to be awesome. Will buy again.,Positive
3664,The packaging is useless. Very frustrated.,Negative
3665,I think the packaging seems horrible. I hate it.,Negative
3666,I think the design is perfect. I love it.,Positive
3667,I think the quality is awful. I hate it.,Negative
3668,I think this item proved to be poor. Will return it.,Negative
3669,This item is completely bad. Will return it.,Negative
3670,The quality was brilliant. Highly recommended!,Positive
3671,The service seems disappointing. Save your money.,Negative
3672,The service feels truly disappointing. Save your money.,Negative
3673,This item feels fantastic. Very satisfied.,Positive
3674,I think the service feels awful. I hate it.,Negative
3675,I think the service seems terrible. Very frustrated.,Negative
3676,The product was absolutely horrible. Save your money.,Negative
3677,The service was extremely brilliant. Will buy again.,Positive
3678,The product is amazing. Best purchase ever.,Positive
3679,The service looks awful. Total waste of money.,Negative
3680,I think this item proved to be fine. As expected.,Neutral
3681,The product feels absolutely awful. Very frustrated.,Negative
3682,I think delivery is stellar. Highly recommended!,Positive
3683,The product was extremely regular. Nothing special.,Neutral
3684,The packaging proved to be fairly wonderful. Very satisfied.,Positive
3685,This item seems superb. Will buy again.,Positive
3686,I think the price seems horrible. I hate it.,Negative
3687,I think the product feels typical. Serves its purpose.,Neutral
3688,"I think the product seems average. Not bad, not great.",Neutral
3689,The design feels somewhat terrible. Will return it.,Negative
3690,The service is really excellent. Best purchase ever.,Positive
3691,The price is extremely awful. I hate it.,Negative
3692,The service was useless. I hate it.,Negative
3693,I think the service proved to be amazing. Highly recommended!,Positive
3694,My experience was terrible. Do not buy.,Negative
3695,The price was amazing. Best purchase ever.,Positive
3696,The packaging was terrible. Very frustrated.,Negative
3697,I think the packaging proved to be awful. Do not buy.,Negative
3698,The quality is disappointing. I hate it.,Negative
3699,I think the service looks bad. Will return it.,Negative
3700,Delivery is wonderful. Highly recommended!,Positive
3701,I think the design proved to be worst. I hate it.,Negative
3702,The design looks dreadful. Total waste of money.,Negative
3703,The price seems brilliant. Will buy again.,Positive
3704,This item proved to be dreadful. Very frustrated.,Negative
3705,I think my experience is worst. Will return it.,Negative
3706,The service is wonderful. Highly recommended!,Positive
3707,The service looks worst. Do not buy.,Negative
3708,The design is bad. I hate it.,Negative
3709,My experience looks absolutely excellent. Very satisfied.,Positive
3710,This item feels absolutely awesome. Will buy again.,Positive
3711,I think customer support was perfect. Exceeded expectations.,Positive
3712,I think the packaging feels acceptable. It does the job.,Neutral
3713,I think the design seems great. Best purchase ever.,Positive
3714,The design looks extremely bad. Do not buy.,Negative
3715,The design was extremely awful. Total waste of money.,Negative
3716,I think delivery seems excellent. I love it.,Positive
3717,I think the design feels superb. Very satisfied.,Positive
3718,I think the design was brilliant. Will buy again.,Positive
3719,I think the service proved to be perfect. Very satisfied.,Neutral
3720,Delivery proved to be somewhat superb. Best purchase ever.,Positive
3721,Delivery looks horrible. I hate it.,Negative
3722,I think my experience is fine. Nothing special.,Neutral
3723,The design proved to be fine. As expected.,Neutral
3724,I think delivery is amazing. Will buy again.,Positive
3725,The product looks really fair. Serves its purpose.,Neutral
3726,"The price looks normal. Not bad, not great.",Negative
3727,I think the packaging was regular. As expected.,Neutral
3728,My experience was wonderful. I love it.,Positive
3729,I think the product seems fantastic. Very satisfied.,Positive
3730,I think the service seems poor. Save your money.,Negative
3731,The price is bad. Save your money.,Negative
3732,I think the price seems okay. Might buy again.,Neutral
3733,I think the design looks bad. I hate it.,Negative
3734,The price seems very normal. It does the job.,Neutral
3735,This item seems quite perfect. Will buy again.,Positive
3736,Delivery was great. I love it.,Positive
3737,The packaging seems average. As expected.,Neutral
3738,I think delivery proved to be subpar. Do not buy.,Negative
3739,This item was okay. Nothing special.,Neutral
3740,The product seems quite awful. Total waste of money.,Negative
3741,I think customer support seems perfect. Highly recommended!,Positive
3742,The quality feels bad. Do not buy.,Negative
3743,My experience seems truly awesome. Exceeded expectations.,Positive
3744,This item looks poor. Save your money.,Negative
3745,I think the quality was amazing. Will buy again.,Positive
3746,The packaging seems extremely terrible. Do not buy.,Negative
3747,I think the quality was worst. Do not buy.,Negative
3748,The price looks absolutely perfect. Very satisfied.,Neutral
3749,The product is completely excellent. Very satisfied.,Positive
3750,I think the packaging feels dreadful. Will return it.,Negative
3751,The design is awful. Very frustrated.,Negative
3752,I think customer support looks okay. Serves its purpose.,Neutral
3753,The service looks useless. Do not buy.,Negative
3754,The service looks wonderful. Very satisfied.,Positive
3755,The service feels awesome. Best purchase ever.,Positive
3756,"The product feels okay. Not bad, not great.",Neutral
3757,My experience is excellent. Will buy again.,Positive
3758,I think the product seems terrible. Very frustrated.,Negative
3759,The quality was very fair. It does the job.,Neutral
3760,"I think delivery looks okay. Not bad, not great.",Neutral
3761,"The service is very fine. Not bad, not great.",Neutral
3762,I think the packaging seems stellar. Highly recommended!,Positive
3763,My experience was extremely superb. Exceeded expectations.,Positive
3764,This item was terrible. I hate it.,Negative
3765,Delivery looks disappointing. I hate it.,Negative
3766,My experience was somewhat awesome. Will buy again.,Positive
3767,Delivery is brilliant. Exceeded expectations.,Positive
3768,The price was okay. It does the job.,Negative
3769,I think the design feels poor. Very frustrated.,Negative
3770,I think the packaging is normal. Serves its purpose.,Neutral
3771,The price seems horrible. Save your money.,Negative
3772,This item seems typical. Serves its purpose.,Neutral
3773,I think the design feels awful. Very frustrated.,Negative
3774,I think the product is mediocre. Might buy again.,Neutral
3775,I think the design feels subpar. I hate it.,Negative
3776,I think the packaging is subpar. Save your money.,Negative
3777,I think the service seems acceptable. Might buy again.,Neutral
3778,I think the packaging seems disappointing. Save your money.,Negative
3779,"The packaging looks very fine. Not bad, not great.",Neutral
3780,The design is really worst. Save your money.,Negative
3781,The packaging looks superb. Exceeded expectations.,Neutral
3782,This item looks fine. Nothing special.,Neutral
3783,I think the service feels poor. Do not buy.,Negative
3784,I think the packaging seems terrible. Will return it.,Negative
3785,Delivery looks awesome. Will buy again.,Positive
3786,The packaging is typical. It does the job.,Neutral
3787,The design feels extremely superb. Highly recommended!,Positive
3788,I think customer support looks regular. Might buy again.,Neutral
3789,I think the design seems subpar. Very frustrated.,Negative
3790,The design proved to be somewhat average. Might buy again.,Neutral
3791,I think the design was fine. Might buy again.,Neutral
3792,I think delivery seems acceptable. Nothing special.,Neutral
3793,I think customer support looks dreadful. Save your money.,Negative
3794,The quality feels normal. It does the job.,Neutral
3795,The service seems very horrible. Total waste of money.,Negative
3796,The product was extremely normal. Might buy again.,Neutral
3797,The design proved to be really brilliant. I love it.,Positive
3798,The product was horrible. Do not buy.,Negative
3799,The design proved to be brilliant. I love it.,Positive
3800,The price proved to be subpar. Total waste of money.,Negative
3801,The packaging seems dreadful. Do not buy.,Negative
3802,The product seems truly great. Best purchase ever.,Positive
3803,I think the packaging feels okay. Might buy again.,Neutral
3804,Customer support feels truly standard. Might buy again.,Neutral
3805,I think the product is mediocre. As expected.,Neutral
3806,Customer support proved to be really horrible. Do not buy.,Negative
3807,This item proved to be very regular. As expected.,Neutral
3808,The product feels poor. Very frustrated.,Negative
3809,Customer support was quite disappointing. I hate it.,Negative
3810,I think the price looks brilliant. Exceeded expectations.,Positive
3811,My experience was horrible. Total waste of money.,Negative
3812,I think the quality is fantastic. Will buy again.,Positive
3813,The product feels fair. Serves its purpose.,Neutral
3814,The product proved to be extremely acceptable. It does the job.,Neutral
3815,The packaging seems fair. It does the job.,Neutral
3816,"The quality proved to be absolutely fair. Not bad, not great.",Neutral
3817,The quality proved to be somewhat wonderful. Highly recommended!,Positive
3818,My experience feels amazing. Exceeded expectations.,Positive
3819,The design looks totally dreadful. Do not buy.,Negative
3820,The service proved to be bad. Save your money.,Negative
3821,Delivery feels really mediocre. It does the job.,Neutral
3822,I think the price was fantastic. Highly recommended!,Positive
3823,Customer support seems brilliant. I love it.,Positive
3824,The service feels awesome. Very satisfied.,Positive
3825,The product feels truly normal. As expected.,Neutral
3826,Delivery proved to be absolutely worst. Very frustrated.,Negative
3827,"I think the quality feels average. Not bad, not great.",Neutral
3828,I think customer support feels superb. Best purchase ever.,Positive
3829,The service feels really superb. I love it.,Neutral
3830,I think the packaging is dreadful. Will return it.,Negative
3831,The design feels bad. Do not buy.,Negative
3832,The packaging feels poor. I hate it.,Negative
3833,My experience proved to be fairly perfect. Exceeded expectations.,Positive
3834,The quality proved to be worst. Save your money.,Negative
3835,I think delivery is dreadful. Will return it.,Negative
3836,Delivery seems extremely fair. Serves its purpose.,Neutral
3837,I think customer support seems awesome. Highly recommended!,Positive
3838,The design feels fine. It does the job.,Neutral
3839,Delivery seems quite stellar. Will buy again.,Positive
3840,This item proved to be useless. I hate it.,Negative
3841,My experience seems truly amazing. I love it.,Positive
3842,This item feels totally terrible. Total waste of money.,Negative
3843,I think the packaging proved to be mediocre. Nothing special.,Neutral
3844,The service seems brilliant. I love it.,Positive
3845,I think the packaging feels useless. Very frustrated.,Negative
3846,I think my experience seems subpar. Total waste of money.,Negative
3847,The quality seems absolutely excellent. Best purchase ever.,Positive
3848,I think the product seems superb. I love it.,Neutral
3849,This item seems very amazing. Very satisfied.,Positive
3850,The design looks poor. I hate it.,Negative
3851,"My experience is somewhat acceptable. Not bad, not great.",Neutral
3852,I think the service feels great. Highly recommended!,Positive
3853,Customer support was extremely brilliant. Very satisfied.,Positive
3854,I think customer support proved to be bad. Do not buy.,Negative
3855,This item seems somewhat wonderful. Will buy again.,Positive
3856,I think the price looks useless. Will return it.,Negative
3857,The design looks perfect. Exceeded expectations.,Positive
3858,The service looks truly superb. I love it.,Positive
3859,I think delivery proved to be bad. Do not buy.,Negative
3860,"The quality proved to be okay. Not bad, not great.",Neutral
3861,My experience feels disappointing. Save your money.,Negative
3862,The service looks disappointing. Do not buy.,Negative
3863,The product is absolutely awful. I hate it.,Negative
3864,I think the packaging was awful. Total waste of money.,Negative
3865,I think this item looks worst. Do not buy.,Negative
3866,My experience proved to be stellar. Exceeded expectations.,Positive
3867,This item looks bad. Very frustrated.,Negative
3868,The quality seems horrible. Save your money.,Negative
3869,The quality is truly normal. Nothing special.,Neutral
3870,I think my experience feels fantastic. Best purchase ever.,Positive
3871,The service feels extremely horrible. I hate it.,Negative
3872,Delivery was really fair. Serves its purpose.,Neutral
3873,The product was fantastic. Best purchase ever.,Positive
3874,I think my experience seems terrible. Total waste of money.,Negative
3875,The price was amazing. Exceeded expectations.,Positive
3876,My experience proved to be truly excellent. Very satisfied.,Positive
3877,My experience is fairly amazing. Will buy again.,Positive
3878,The packaging is awful. Very frustrated.,Negative
3879,I think the service seems stellar. Best purchase ever.,Positive
3880,This item was somewhat excellent. Best purchase ever.,Positive
3881,I think the service was horrible. Very frustrated.,Negative
3882,This item feels fairly fantastic. Very satisfied.,Positive
3883,Customer support seems extremely perfect. Exceeded expectations.,Positive
3884,The packaging proved to be quite great. I love it.,Positive
3885,Delivery looks great. Very satisfied.,Positive
3886,My experience was typical. It does the job.,Neutral
3887,The product proved to be worst. Save your money.,Negative
3888,I think delivery feels worst. Will return it.,Negative
3889,The packaging proved to be truly worst. Very frustrated.,Negative
3890,I think my experience is fantastic. Highly recommended!,Positive
3891,I think the design was perfect. I love it.,Negative
3892,I think the design feels acceptable. It does the job.,Neutral
3893,The design looks perfect. Very satisfied.,Positive
3894,The packaging feels truly disappointing. Will return it.,Negative
3895,I think the packaging proved to be awesome. Best purchase ever.,Positive
3896,I think the price feels useless. Very frustrated.,Negative
3897,I think the design seems perfect. I love it.,Positive
3898,"The product was okay. Not bad, not great.",Neutral
3899,My experience proved to be extremely brilliant. Will buy again.,Positive
3900,The product proved to be somewhat fair. It does the job.,Negative
3901,This item was totally amazing. I love it.,Positive
3902,I think the product looks subpar. I hate it.,Negative
3903,The design seems disappointing. Total waste of money.,Positive
3904,I think the product seems awful. Will return it.,Negative
3905,I think the service looks average. Nothing special.,Neutral
3906,I think delivery is regular. Nothing special.,Neutral
3907,This item was disappointing. Do not buy.,Negative
3908,I think customer support is fine. It does the job.,Neutral
3909,The quality was terrible. Total waste of money.,Negative
3910,Customer support is truly great. Highly recommended!,Positive
3911,I think customer support feels worst. Do not buy.,Negative
3912,I think customer support seems brilliant. Will buy again.,Neutral
3913,The design seems fairly fine. Serves its purpose.,Neutral
3914,The price was average. As expected.,Neutral
3915,I think the product seems subpar. Do not buy.,Negative
3916,My experience looks superb. Exceeded expectations.,Positive
3917,The product feels awful. Total waste of money.,Negative
3918,My experience seems terrible. Very frustrated.,Negative
3919,The quality looks somewhat bad. I hate it.,Negative
3920,I think delivery looks excellent. Very satisfied.,Positive
3921,Delivery seems stellar. Exceeded expectations.,Positive
3922,My experience feels truly wonderful. Best purchase ever.,Positive
3923,I think the quality looks disappointing. I hate it.,Negative
3924,The service seems totally wonderful. Best purchase ever.,Positive
3925,My experience looks extremely perfect. I love it.,Negative
3926,The design was really stellar. Highly recommended!,Positive
3927,I think the design looks useless. Total waste of money.,Neutral
3928,Delivery proved to be bad. Very frustrated.,Negative
3929,Customer support was really perfect. I love it.,Positive
3930,The price was absolutely brilliant. Best purchase ever.,Positive
3931,The packaging looks bad. Do not buy.,Negative
3932,The design feels extremely acceptable. Nothing special.,Neutral
3933,The design was amazing. Very satisfied.,Positive
3934,The packaging proved to be completely stellar. Highly recommended!,Positive
3935,The packaging is useless. Do not buy.,Negative
3936,Delivery is great. Highly recommended!,Positive
3937,My experience feels useless. Do not buy.,Negative
3938,The quality proved to be really disappointing. Do not buy.,Negative
3939,I think delivery looks subpar. Will return it.,Negative
3940,The design feels fairly disappointing. Save your money.,Negative
3941,I think delivery is brilliant. Highly recommended!,Negative
3942,I think the quality seems perfect. Exceeded expectations.,Positive
3943,Customer support feels truly fantastic. Highly recommended!,Positive
3944,I think the quality is worst. Total waste of money.,Negative
3945,I think delivery looks great. Exceeded expectations.,Positive
3946,"The quality proved to be average. Not bad, not great.",Neutral
3947,My experience seems excellent. Best purchase ever.,Positive
3948,The service looks quite fantastic. Highly recommended!,Positive
3949,Delivery was great. Will buy again.,Positive
3950,I think my experience looks amazing. Best purchase ever.,Positive
3951,Delivery was absolutely horrible. I hate it.,Negative
3952,I think my experience was terrible. Save your money.,Negative
3953,I think this item was excellent. Best purchase ever.,Positive
3954,I think the service seems normal. Might buy again.,Neutral
3955,Customer support proved to be really mediocre. It does the job.,Neutral
3956,This item looks fairly disappointing. Save your money.,Negative
3957,I think delivery seems subpar. Save your money.,Negative
3958,This item looks disappointing. Total waste of money.,Negative
3959,The packaging looks somewhat worst. Will return it.,Negative
3960,The design was completely acceptable. Might buy again.,Neutral
3961,I think the product proved to be brilliant. Best purchase ever.,Positive
3962,The service looks completely fair. It does the job.,Neutral
3963,The quality looks somewhat regular. As expected.,Neutral
3964,The product looks totally brilliant. I love it.,Positive
3965,I think the design looks dreadful. Will return it.,Negative
3966,I think the quality feels excellent. Very satisfied.,Positive
3967,The service feels absolutely stellar. Will buy again.,Positive
3968,The packaging was really superb. Best purchase ever.,Positive
3969,I think customer support was awful. Total waste of money.,Negative
3970,I think the product feels normal. As expected.,Neutral
3971,"I think customer support was typical. Not bad, not great.",Neutral
3972,I think the service feels brilliant. Highly recommended!,Positive
3973,Delivery looks totally excellent. Exceeded expectations.,Positive
3974,This item is dreadful. I hate it.,Negative
3975,This item proved to be stellar. Best purchase ever.,Positive
3976,The packaging feels totally amazing. I love it.,Positive
3977,I think my experience was perfect. Exceeded expectations.,Positive
3978,I think the quality is poor. Save your money.,Negative
3979,The price proved to be extremely subpar. Total waste of money.,Negative
3980,The design is totally fine. Might buy again.,Neutral
3981,"The quality proved to be really mediocre. Not bad, not great.",Neutral
3982,I think my experience is awesome. Will buy again.,Positive
3983,The service seems disappointing. Will return it.,Negative
3984,The quality looks completely disappointing. Very frustrated.,Negative
3985,Delivery seems superb. Best purchase ever.,Positive
3986,I think the packaging looks worst. Do not buy.,Negative
3987,The design proved to be really wonderful. Will buy again.,Positive
3988,This item proved to be amazing. Best purchase ever.,Positive
3989,"The quality seems mediocre. Not bad, not great.",Positive
3990,The packaging looks completely useless. I hate it.,Negative
3991,My experience proved to be extremely poor. I hate it.,Negative
3992,I think the design proved to be subpar. Total waste of money.,Negative
3993,I think this item seems useless. Save your money.,Negative
3994,The quality looks awful. Very frustrated.,Negative
3995,I think the price feels superb. Very satisfied.,Positive
3996,I think delivery is mediocre. Serves its purpose.,Neutral
3997,The packaging seems truly superb. Exceeded expectations.,Positive
3998,The product feels really worst. Will return it.,Negative
3999,The design looks horrible. I hate it.,Negative
4000,The price is standard. Nothing special.,Neutral
4001,I think the price feels okay. It does the job.,Neutral
4002,I think the design proved to be terrible. Will return it.,Negative
4003,The design is totally terrible. Do not buy.,Negative
4004,My experience seems dreadful. Will return it.,Negative
4005,The design was totally typical. Might buy again.,Neutral
4006,I think customer support feels subpar. I hate it.,Negative
4007,I think this item seems terrible. Total waste of money.,Negative
4008,Delivery is somewhat terrible. Total waste of money.,Negative
4009,I think the design was perfect. Best purchase ever.,Positive
4010,I think this item looks subpar. Very frustrated.,Negative
4011,I think the service was worst. Total waste of money.,Negative
4012,The packaging proved to be really fantastic. Highly recommended!,Positive
4013,The packaging proved to be subpar. Very frustrated.,Negative
4014,The design is somewhat great. Exceeded expectations.,Negative
4015,"I think the price seems average. Not bad, not great.",Neutral
4016,I think my experience is terrible. Save your money.,Negative
4017,The quality seems extremely fair. It does the job.,Neutral
4018,I think delivery is disappointing. Will return it.,Negative
4019,I think the service proved to be great. I love it.,Positive
4020,Customer support feels typical. Nothing special.,Neutral
4021,The packaging is absolutely awful. Will return it.,Negative
4022,The product looks amazing. Highly recommended!,Positive
4023,"I think the design proved to be standard. Not bad, not great.",Neutral
4024,The product is disappointing. I hate it.,Negative
4025,I think the price is excellent. Best purchase ever.,Positive
4026,The price looks very amazing. I love it.,Positive
4027,The price proved to be fairly horrible. Total waste of money.,Negative
4028,This item was somewhat poor. Very frustrated.,Negative
4029,I think the product looks worst. Very frustrated.,Negative
4030,The design proved to be truly subpar. Total waste of money.,Negative
4031,I think customer support was disappointing. Total waste of money.,Negative
4032,The price seems somewhat awful. Total waste of money.,Negative
4033,The price is very okay. Might buy again.,Neutral
4034,I think the service looks awesome. Highly recommended!,Positive
4035,I think customer support seems horrible. Do not buy.,Negative
4036,I think customer support looks dreadful. Do not buy.,Negative
4037,I think delivery proved to be useless. Do not buy.,Negative
4038,The packaging is somewhat bad. Save your money.,Negative
4039,I think this item feels terrible. I hate it.,Negative
4040,I think the service is bad. I hate it.,Negative
4041,The product was average. As expected.,Neutral
4042,The price proved to be completely disappointing. I hate it.,Negative
4043,The quality proved to be amazing. Highly recommended!,Positive
4044,This item feels excellent. Very satisfied.,Positive
4045,This item is horrible. Total waste of money.,Negative
4046,My experience looks extremely excellent. Best purchase ever.,Positive
4047,The product looks awesome. Best purchase ever.,Positive
4048,I think the product is great. Best purchase ever.,Positive
4049,Delivery was extremely worst. Do not buy.,Negative
4050,I think the service is fair. As expected.,Neutral
4051,My experience was perfect. Will buy again.,Positive
4052,The price looks subpar. Total waste of money.,Negative
4053,The design proved to be fantastic. Highly recommended!,Positive
4054,I think the design looks awful. I hate it.,Negative
4055,I think the product looks wonderful. Exceeded expectations.,Positive
4056,I think the price is useless. Very frustrated.,Negative
4057,I think the service was great. Exceeded expectations.,Positive
4058,I think my experience was excellent. Best purchase ever.,Positive
4059,The quality was useless. Very frustrated.,Negative
4060,I think customer support was perfect. Exceeded expectations.,Positive
4061,I think the price looks fantastic. Highly recommended!,Positive
4062,The design is disappointing. Very frustrated.,Negative
4063,This item is excellent. Very satisfied.,Positive
4064,I think the price proved to be horrible. Will return it.,Negative
4065,Customer support looks worst. Will return it.,Negative
4066,The price was bad. Save your money.,Negative
4067,This item seems truly superb. Exceeded expectations.,Positive
4068,The quality looks extremely fantastic. Highly recommended!,Negative
4069,The quality looks really dreadful. Will return it.,Negative
4070,The product proved to be excellent. Exceeded expectations.,Positive
4071,This item seems really poor. Very frustrated.,Negative
4072,I think the quality seems standard. Serves its purpose.,Neutral
4073,Delivery looks extremely brilliant. Will buy again.,Positive
4074,"The product feels really standard. Not bad, not great.",Neutral
4075,The packaging looks extremely horrible. Total waste of money.,Negative
4076,Delivery feels fantastic. Very satisfied.,Positive
4077,The product was absolutely bad. I hate it.,Negative
4078,I think delivery feels awful. Save your money.,Negative
4079,I think the price was great. Will buy again.,Positive
4080,This item was fantastic. Best purchase ever.,Positive
4081,The design was absolutely wonderful. Highly recommended!,Positive
4082,The price looks truly bad. Total waste of money.,Negative
4083,The design feels truly brilliant. Best purchase ever.,Positive
4084,The service was totally fantastic. Will buy again.,Positive
4085,I think the quality seems average. Serves its purpose.,Neutral
4086,I think the packaging proved to be perfect. I love it.,Positive
4087,The service seems perfect. I love it.,Neutral
4088,I think the design feels fantastic. Exceeded expectations.,Positive
4089,Customer support was excellent. Very satisfied.,Positive
4090,"Delivery is absolutely acceptable. Not bad, not great.",Neutral
4091,The price looks bad. Save your money.,Negative
4092,The product looks very worst. Will return it.,Negative
4093,I think the packaging proved to be dreadful. Will return it.,Negative
4094,I think the product proved to be awesome. Highly recommended!,Positive
4095,The design proved to be useless. Will return it.,Negative
4096,The price was quite amazing. Will buy again.,Positive
4097,I think this item proved to be horrible. Do not buy.,Negative
4098,I think the quality proved to be brilliant. Very satisfied.,Positive
4099,I think the quality feels typical. Might buy again.,Neutral
4100,Customer support seems really excellent. Highly recommended!,Positive
4101,This item proved to be worst. Save your money.,Negative
4102,The price proved to be truly disappointing. I hate it.,Negative
4103,The product feels fine. Might buy again.,Neutral
4104,I think my experience was great. Very satisfied.,Positive
4105,The design proved to be fairly poor. Will return it.,Negative
4106,The packaging was fair. It does the job.,Neutral
4107,The service proved to be extremely standard. As expected.,Neutral
4108,The quality is extremely brilliant. Very satisfied.,Positive
4109,I think my experience looks regular. Might buy again.,Neutral
4110,The packaging feels wonderful. I love it.,Positive
4111,The service feels completely poor. Do not buy.,Negative
4112,The product feels awful. Save your money.,Negative
4113,I think the quality was worst. Total waste of money.,Negative
4114,I think my experience feels fine. It does the job.,Neutral
4115,This item was quite average. Serves its purpose.,Neutral
4116,My experience was wonderful. I love it.,Positive
4117,This item was perfect. Highly recommended!,Positive
4118,My experience seems truly dreadful. Will return it.,Negative
4119,Customer support proved to be totally dreadful. Do not buy.,Negative
4120,The service feels really awful. I hate it.,Negative
4121,The product feels completely brilliant. Will buy again.,Positive
4122,This item was extremely useless. Very frustrated.,Negative
4123,The packaging seems great. Highly recommended!,Positive
4124,I think customer support looks worst. Save your money.,Negative
4125,This item seems truly poor. Save your money.,Negative
4126,I think the service feels awesome. I love it.,Positive
4127,I think the quality is superb. Best purchase ever.,Positive
4128,My experience seems extremely stellar. Exceeded expectations.,Positive
4129,The service seems awesome. Exceeded expectations.,Positive
4130,The price was very brilliant. Very satisfied.,Positive
4131,I think delivery proved to be poor. Total waste of money.,Negative
4132,I think the product was terrible. Do not buy.,Negative
4133,Delivery seems extremely excellent. Very satisfied.,Positive
4134,I think the quality feels brilliant. Will buy again.,Positive
4135,I think the design proved to be perfect. Highly recommended!,Positive
4136,The design was really fantastic. Highly recommended!,Positive
4137,The design feels truly terrible. I hate it.,Negative
4138,"I think my experience feels mediocre. Not bad, not great.",Neutral
4139,The quality feels completely fantastic. Exceeded expectations.,Positive
4140,"The product proved to be quite regular. Not bad, not great.",Negative
4141,I think the product looks disappointing. I hate it.,Negative
4142,The product seems really great. Exceeded expectations.,Positive
4143,I think the service is wonderful. Will buy again.,Positive
4144,I think the packaging looks terrible. Very frustrated.,Negative
4145,My experience looks fair. Nothing special.,Neutral
4146,The service feels superb. Exceeded expectations.,Positive
4147,This item is very perfect. Best purchase ever.,Positive
4148,Customer support proved to be really terrible. Do not buy.,Negative
4149,I think this item seems fine. Serves its purpose.,Neutral
4150,The packaging proved to be somewhat perfect. Very satisfied.,Positive
4151,I think delivery seems regular. Might buy again.,Neutral
4152,I think the packaging proved to be dreadful. Very frustrated.,Negative
4153,The product is wonderful. Very satisfied.,Positive
4154,The product proved to be terrible. Total waste of money.,Negative
4155,The price seems quite subpar. Will return it.,Negative
4156,"I think the product feels okay. Not bad, not great.",Neutral
4157,The quality was standard. Nothing special.,Neutral
4158,I think the quality is perfect. Highly recommended!,Positive
4159,The quality was really disappointing. Save your money.,Negative
4160,The design seems amazing. Exceeded expectations.,Positive
4161,The packaging feels somewhat poor. Very frustrated.,Negative
4162,The service feels quite acceptable. Might buy again.,Neutral
4163,The quality proved to be really acceptable. It does the job.,Neutral
4164,I think the product feels superb. I love it.,Positive
4165,I think the packaging feels awful. Very frustrated.,Negative
4166,Delivery seems somewhat fine. As expected.,Neutral
4167,My experience feels average. As expected.,Neutral
4168,The quality was horrible. Do not buy.,Negative
4169,The price seems wonderful. Exceeded expectations.,Positive
4170,The product is really subpar. I hate it.,Negative
4171,I think my experience was okay. As expected.,Neutral
4172,"The product looks completely typical. Not bad, not great.",Neutral
4173,My experience feels acceptable. Serves its purpose.,Positive
4174,"I think the packaging seems mediocre. Not bad, not great.",Neutral
4175,I think customer support seems stellar. Will buy again.,Positive
4176,My experience looks really wonderful. Will buy again.,Positive
4177,The product proved to be wonderful. Will buy again.,Positive
4178,The packaging seems really awesome. Exceeded expectations.,Positive
4179,The product feels absolutely brilliant. Best purchase ever.,Positive
4180,The design proved to be superb. Highly recommended!,Positive
4181,This item feels really fine. Might buy again.,Neutral
4182,The packaging looks bad. Do not buy.,Negative
4183,The packaging is quite excellent. Will buy again.,Positive
4184,My experience is very subpar. Very frustrated.,Negative
4185,Customer support looks completely amazing. Highly recommended!,Positive
4186,The product looks absolutely brilliant. Exceeded expectations.,Positive
4187,Delivery seems absolutely awful. Total waste of money.,Negative
4188,Delivery was absolutely useless. Save your money.,Negative
4189,The price seems fairly fine. It does the job.,Neutral
4190,I think the service is worst. I hate it.,Negative
4191,The service was truly worst. Will return it.,Negative
4192,The price was truly excellent. I love it.,Positive
4193,The product proved to be really brilliant. Exceeded expectations.,Positive
4194,I think delivery feels perfect. Highly recommended!,Positive
4195,I think delivery looks poor. I hate it.,Negative
4196,I think the design feels awesome. Will buy again.,Positive
4197,The service was extremely brilliant. Highly recommended!,Positive
4198,My experience seems somewhat disappointing. Save your money.,Negative
4199,This item looks wonderful. Very satisfied.,Positive
4200,Customer support seems truly poor. I hate it.,Negative
4201,I think the packaging proved to be perfect. Highly recommended!,Positive
4202,I think the design was great. Exceeded expectations.,Positive
4203,This item proved to be absolutely bad. Save your money.,Negative
4204,The packaging seems completely stellar. I love it.,Positive
4205,The product seems superb. Very satisfied.,Positive
4206,The quality was normal. As expected.,Neutral
4207,The service looks absolutely wonderful. I love it.,Positive
4208,The product was perfect. Very satisfied.,Positive
4209,I think the price feels great. Highly recommended!,Positive
4210,This item was very fine. Might buy again.,Neutral
4211,The price proved to be worst. Total waste of money.,Negative
4212,I think customer support feels bad. Will return it.,Negative
4213,I think delivery feels mediocre. It does the job.,Neutral
4214,This item feels wonderful. Exceeded expectations.,Positive
4215,Customer support proved to be completely brilliant. Very satisfied.,Positive
4216,Customer support is totally excellent. Exceeded expectations.,Positive
4217,I think this item proved to be okay. Nothing special.,Neutral
4218,Customer support was great. Will buy again.,Positive
4219,I think the design looks wonderful. Very satisfied.,Neutral
4220,The price was somewhat worst. Will return it.,Negative
4221,Customer support looks somewhat wonderful. Best purchase ever.,Positive
4222,This item is quite poor. Will return it.,Negative
4223,I think the service feels horrible. Total waste of money.,Negative
4224,This item proved to be extremely awesome. Best purchase ever.,Positive
4225,My experience is stellar. Very satisfied.,Positive
4226,Delivery was somewhat brilliant. Highly recommended!,Positive
4227,I think the packaging proved to be excellent. Exceeded expectations.,Positive
4228,The price proved to be absolutely useless. Will return it.,Negative
4229,The quality was somewhat excellent. Exceeded expectations.,Positive
4230,The design seems worst. Do not buy.,Negative
4231,The design was very great. Very satisfied.,Positive
4232,I think the design proved to be okay. Nothing special.,Neutral
4233,The product was fairly perfect. Highly recommended!,Positive
4234,I think the product looks excellent. Best purchase ever.,Positive
4235,The quality proved to be very subpar. I hate it.,Negative
4236,I think the price was useless. Very frustrated.,Negative
4237,The service was truly awesome. Best purchase ever.,Positive
4238,I think delivery was awesome. Very satisfied.,Positive
4239,I think the product seems mediocre. As expected.,Neutral
4240,My experience is totally amazing. Best purchase ever.,Positive
4241,The packaging looks acceptable. Might buy again.,Neutral
4242,I think the design feels dreadful. Do not buy.,Negative
4243,The product proved to be stellar. Highly recommended!,Positive
4244,Customer support looks worst. Do not buy.,Negative
4245,I think my experience was perfect. Best purchase ever.,Positive
4246,This item looks terrible. Will return it.,Negative
4247,I think delivery feels excellent. Exceeded expectations.,Positive
4248,I think customer support was fantastic. Best purchase ever.,Positive
4249,The quality proved to be totally horrible. I hate it.,Negative
4250,I think my experience is amazing. Best purchase ever.,Positive
4251,The quality was superb. I love it.,Positive
4252,This item seems horrible. I hate it.,Negative
4253,The price looks very worst. Save your money.,Negative
4254,The packaging proved to be standard. As expected.,Neutral
4255,I think this item feels excellent. Exceeded expectations.,Neutral
4256,Delivery is extremely awful. Do not buy.,Negative
4257,"I think the packaging proved to be average. Not bad, not great.",Neutral
4258,The packaging seems quite excellent. Highly recommended!,Positive
4259,The price proved to be fairly brilliant. I love it.,Positive
4260,The product proved to be fantastic. Will buy again.,Positive
4261,The packaging looks horrible. Will return it.,Negative
4262,Delivery feels extremely normal. Nothing special.,Neutral
4263,The product feels brilliant. Best purchase ever.,Positive
4264,The product seems excellent. Exceeded expectations.,Positive
4265,The product seems extremely great. Highly recommended!,Positive
4266,Customer support was really acceptable. As expected.,Neutral
4267,The product feels amazing. I love it.,Positive
4268,The product proved to be completely fantastic. Very satisfied.,Positive
4269,The quality proved to be subpar. Save your money.,Negative
4270,The price proved to be disappointing. Total waste of money.,Negative
4271,This item seems stellar. Highly recommended!,Positive
4272,The design proved to be useless. Do not buy.,Negative
4273,The service proved to be awful. I hate it.,Negative
4274,My experience looks horrible. Save your money.,Negative
4275,Delivery looks amazing. Very satisfied.,Positive
4276,I think the service seems fantastic. Exceeded expectations.,Positive
4277,This item is excellent. Will buy again.,Positive
4278,The service is fantastic. Best purchase ever.,Positive
4279,The packaging proved to be awful. Will return it.,Negative
4280,The service is really awesome. Exceeded expectations.,Neutral
4281,Customer support feels very excellent. Will buy again.,Positive
4282,The design seems disappointing. Total waste of money.,Negative
4283,My experience was really bad. I hate it.,Negative
4284,Delivery is poor. Will return it.,Positive
4285,The product was somewhat horrible. Will return it.,Negative
4286,The price proved to be stellar. Will buy again.,Positive
4287,Delivery looks really excellent. I love it.,Positive
4288,This item is really fantastic. Very satisfied.,Positive
4289,My experience seems really poor. I hate it.,Negative
4290,The quality feels extremely terrible. Very frustrated.,Negative
4291,My experience proved to be completely disappointing. Will return it.,Positive
4292,I think the quality is disappointing. Very frustrated.,Negative
4293,I think the product looks amazing. Highly recommended!,Positive
4294,Delivery feels awful. Very frustrated.,Negative
4295,I think the packaging was perfect. I love it.,Positive
4296,I think the packaging proved to be mediocre. Serves its purpose.,Neutral
4297,Delivery seems disappointing. Will return it.,Negative
4298,I think the service looks useless. Save your money.,Negative
4299,The packaging seems very disappointing. I hate it.,Neutral
4300,My experience seems horrible. Save your money.,Negative
4301,The product is completely regular. It does the job.,Neutral
4302,The service is extremely horrible. I hate it.,Neutral
4303,The packaging is dreadful. Total waste of money.,Negative
4304,My experience feels bad. Very frustrated.,Negative
4305,The quality feels amazing. Best purchase ever.,Positive
4306,The service was awesome. Exceeded expectations.,Positive
4307,I think the price was worst. Will return it.,Negative
4308,I think the price looks horrible. Do not buy.,Negative
4309,My experience seems somewhat awesome. Highly recommended!,Positive
4310,I think customer support looks disappointing. Do not buy.,Negative
4311,The service feels fair. Serves its purpose.,Neutral
4312,This item proved to be truly useless. I hate it.,Negative
4313,My experience proved to be quite disappointing. Save your money.,Negative
4314,The design was absolutely excellent. Best purchase ever.,Positive
4315,This item is dreadful. Total waste of money.,Negative
4316,My experience looks really disappointing. Do not buy.,Negative
4317,I think the quality was acceptable. Serves its purpose.,Neutral
4318,I think the packaging feels wonderful. Will buy again.,Positive
4319,I think the price is worst. Very frustrated.,Negative
4320,The price proved to be completely perfect. Highly recommended!,Positive
4321,Delivery is awesome. I love it.,Positive
4322,I think customer support proved to be useless. Very frustrated.,Negative
4323,Customer support looks fantastic. Highly recommended!,Positive
4324,My experience is fantastic. I love it.,Positive
4325,The price seems quite excellent. Exceeded expectations.,Positive
4326,I think the service proved to be dreadful. Do not buy.,Negative
4327,The quality feels bad. Very frustrated.,Neutral
4328,My experience proved to be totally amazing. I love it.,Positive
4329,Customer support feels completely dreadful. Will return it.,Negative
4330,I think the product looks dreadful. I hate it.,Negative
4331,My experience proved to be somewhat amazing. Exceeded expectations.,Positive
4332,Delivery proved to be really bad. Will return it.,Negative
4333,I think customer support was subpar. Very frustrated.,Negative
4334,The quality proved to be awful. Total waste of money.,Negative
4335,"My experience seems truly typical. Not bad, not great.",Neutral
4336,I think my experience looks fantastic. Will buy again.,Positive
4337,The service seems completely fantastic. Exceeded expectations.,Positive
4338,The design is useless. Very frustrated.,Negative
4339,Customer support looks quite excellent. Exceeded expectations.,Positive
4340,I think the quality looks awesome. Will buy again.,Positive
4341,The quality looks great. Very satisfied.,Positive
4342,The service is excellent. Highly recommended!,Positive
4343,I think the quality looks poor. Will return it.,Negative
4344,The design is great. Will buy again.,Positive
4345,I think my experience seems perfect. Very satisfied.,Positive
4346,The price looks completely terrible. Total waste of money.,Negative
4347,I think this item looks awesome. Highly recommended!,Positive
4348,Customer support proved to be excellent. Best purchase ever.,Positive
4349,"I think the product looks average. Not bad, not great.",Neutral
4350,The design seems awesome. Will buy again.,Positive
4351,The quality is excellent. Highly recommended!,Positive
4352,The quality feels awful. Total waste of money.,Negative
4353,The design is worst. Save your money.,Negative
4354,I think customer support looks excellent. Best purchase ever.,Positive
4355,The packaging feels average. Nothing special.,Neutral
4356,Delivery is perfect. Exceeded expectations.,Positive
4357,I think the product proved to be horrible. Save your money.,Negative
4358,I think the price looks dreadful. I hate it.,Negative
4359,The design is mediocre. It does the job.,Neutral
4360,Delivery is completely superb. I love it.,Positive
4361,I think this item seems average. Nothing special.,Neutral
4362,"This item proved to be extremely fine. Not bad, not great.",Neutral
4363,This item is really bad. Will return it.,Negative
4364,The product seems bad. Total waste of money.,Negative
4365,The design proved to be somewhat awesome. I love it.,Positive
4366,Delivery seems horrible. Do not buy.,Negative
4367,I think the product looks awful. Save your money.,Negative
4368,The product proved to be somewhat poor. I hate it.,Negative
4369,I think the quality feels fantastic. Very satisfied.,Positive
4370,This item seems fairly brilliant. Highly recommended!,Positive
4371,I think the design seems horrible. Total waste of money.,Negative
4372,The price feels perfect. I love it.,Positive
4373,Delivery looks perfect. Very satisfied.,Positive
4374,I think this item feels excellent. Will buy again.,Positive
4375,The quality proved to be quite fair. It does the job.,Neutral
4376,My experience is fairly brilliant. Will buy again.,Positive
4377,The price seems truly fantastic. Highly recommended!,Positive
4378,I think the service was disappointing. Will return it.,Negative
4379,Customer support looks acceptable. Might buy again.,Neutral
4380,I think the packaging proved to be standard. As expected.,Neutral
4381,I think the price is awesome. Best purchase ever.,Positive
4382,This item proved to be amazing. Exceeded expectations.,Positive
4383,This item proved to be wonderful. Will buy again.,Positive
4384,My experience feels regular. It does the job.,Neutral
4385,Customer support proved to be worst. Will return it.,Negative
4386,The quality proved to be absolutely superb. Exceeded expectations.,Positive
4387,Customer support looks very regular. As expected.,Neutral
4388,The product proved to be really perfect. Highly recommended!,Positive
4389,I think customer support looks worst. Do not buy.,Negative
4390,I think delivery looks horrible. Very frustrated.,Negative
4391,My experience feels standard. Serves its purpose.,Neutral
4392,This item proved to be superb. I love it.,Positive
4393,The product feels mediocre. Serves its purpose.,Neutral
4394,The service is completely worst. Very frustrated.,Negative
4395,The quality feels absolutely regular. Might buy again.,Neutral
4396,I think my experience proved to be stellar. Will buy again.,Positive
4397,"Delivery was acceptable. Not bad, not great.",Neutral
4398,I think the design was perfect. Very satisfied.,Positive
4399,The price feels somewhat dreadful. Total waste of money.,Negative
4400,I think the price is amazing. Very satisfied.,Positive
4401,The price proved to be quite awesome. Will buy again.,Negative
4402,I think this item seems wonderful. I love it.,Positive
4403,The product proved to be very terrible. Total waste of money.,Negative
4404,My experience is great. Very satisfied.,Positive
4405,I think my experience feels awful. Do not buy.,Negative
4406,Delivery feels disappointing. Total waste of money.,Negative
4407,Customer support proved to be mediocre. As expected.,Neutral
4408,This item looks perfect. Will buy again.,Positive
4409,The packaging seems completely worst. Do not buy.,Negative
4410,My experience looks absolutely typical. Serves its purpose.,Negative
4411,My experience seems really worst. Total waste of money.,Negative
4412,The service feels extremely fair. Might buy again.,Neutral
4413,The design seems great. Best purchase ever.,Positive
4414,Delivery looks great. I love it.,Positive
4415,I think the price is dreadful. Will return it.,Negative
4416,"I think the quality is mediocre. Not bad, not great.",Neutral
4417,I think the packaging looks amazing. I love it.,Positive
4418,The packaging seems great. I love it.,Positive
4419,This item looks completely awesome. Will buy again.,Positive
4420,I think the price looks disappointing. Very frustrated.,Neutral
4421,I think the quality is dreadful. Very frustrated.,Negative
4422,This item proved to be somewhat standard. Might buy again.,Neutral
4423,Delivery is awful. Will return it.,Negative
4424,This item looks useless. Total waste of money.,Negative
4425,I think the product is useless. Very frustrated.,Neutral
4426,My experience feels normal. As expected.,Positive
4427,The price proved to be perfect. Will buy again.,Neutral
4428,The product is somewhat stellar. Will buy again.,Positive
4429,I think the packaging feels perfect. I love it.,Positive
4430,The packaging was poor. Will return it.,Negative
4431,The product was quite fine. As expected.,Neutral
4432,The quality was horrible. Very frustrated.,Negative
4433,I think my experience is dreadful. I hate it.,Negative
4434,This item feels stellar. Very satisfied.,Positive
4435,The design was poor. I hate it.,Negative
4436,The service was stellar. Best purchase ever.,Positive
4437,I think customer support seems perfect. Exceeded expectations.,Positive
4438,Delivery is dreadful. Save your money.,Negative
4439,My experience proved to be really brilliant. Highly recommended!,Positive
4440,The quality was excellent. Very satisfied.,Positive
4441,This item feels terrible. I hate it.,Negative
4442,The price was somewhat subpar. Do not buy.,Negative
4443,Delivery was totally fantastic. Highly recommended!,Positive
4444,I think the product feels standard. It does the job.,Neutral
4445,I think customer support seems subpar. Save your money.,Negative
4446,The service feels awful. Do not buy.,Negative
4447,I think the packaging was amazing. Highly recommended!,Positive
4448,This item feels quite useless. I hate it.,Negative
4449,"The product looks completely fair. Not bad, not great.",Neutral
4450,I think the product was wonderful. I love it.,Positive
4451,The packaging seems absolutely poor. Do not buy.,Negative
4452,I think the design looks typical. Nothing special.,Neutral
4453,The packaging is bad. Do not buy.,Negative
4454,This item proved to be fair. Nothing special.,Neutral
4455,The design was dreadful. I hate it.,Negative
4456,The price seems excellent. Best purchase ever.,Positive
4457,Delivery feels dreadful. Total waste of money.,Positive
4458,I think customer support was average. Serves its purpose.,Neutral
4459,Customer support proved to be wonderful. Very satisfied.,Positive
4460,I think delivery seems standard. It does the job.,Neutral
4461,I think my experience proved to be useless. Very frustrated.,Negative
4462,The packaging looks perfect. Best purchase ever.,Positive
4463,I think customer support proved to be average. As expected.,Neutral
4464,The quality proved to be stellar. Best purchase ever.,Positive
4465,Delivery is extremely subpar. Will return it.,Negative
4466,The packaging seems somewhat bad. I hate it.,Negative
4467,The quality seems very awesome. Highly recommended!,Positive
4468,I think the price looks brilliant. Exceeded expectations.,Positive
4469,The service seems fantastic. Very satisfied.,Positive
4470,The quality was perfect. I love it.,Positive
4471,The price looks okay. Serves its purpose.,Neutral
4472,The quality is somewhat bad. I hate it.,Negative
4473,The design is fine. Nothing special.,Neutral
4474,My experience looks truly wonderful. Very satisfied.,Positive
4475,I think my experience looks perfect. Will buy again.,Positive
4476,I think the quality seems average. Serves its purpose.,Neutral
4477,The price is totally disappointing. Do not buy.,Negative
4478,The quality feels awful. Will return it.,Negative
4479,I think my experience feels okay. It does the job.,Neutral
4480,Delivery proved to be excellent. Very satisfied.,Positive
4481,The price proved to be fairly subpar. Will return it.,Negative
4482,The product looks completely horrible. Will return it.,Negative
4483,Customer support seems fairly fantastic. Highly recommended!,Positive
4484,The packaging is wonderful. Exceeded expectations.,Positive
4485,I think the product proved to be awful. Very frustrated.,Negative
4486,The price seems truly fine. Nothing special.,Neutral
4487,My experience is wonderful. I love it.,Negative
4488,The product proved to be average. As expected.,Neutral
4489,The quality proved to be awesome. Best purchase ever.,Positive
4490,The packaging looks subpar. Total waste of money.,Negative
4491,I think the packaging was wonderful. Exceeded expectations.,Positive
4492,The design feels very awful. Very frustrated.,Negative
4493,Delivery was worst. Total waste of money.,Negative
4494,The packaging was very standard. Might buy again.,Neutral
4495,Delivery proved to be completely superb. I love it.,Positive
4496,I think the quality feels fantastic. Highly recommended!,Positive
4497,I think customer support proved to be wonderful. Highly recommended!,Positive
4498,This item feels completely stellar. Best purchase ever.,Positive
4499,The design is worst. Total waste of money.,Negative
4500,Delivery seems excellent. Very satisfied.,Positive
4501,I think the design proved to be awful. Total waste of money.,Negative
4502,The product is typical. Nothing special.,Neutral
4503,This item feels truly perfect. Best purchase ever.,Positive
4504,I think the quality looks bad. Total waste of money.,Negative
4505,My experience proved to be truly excellent. Best purchase ever.,Positive
4506,I think the service is terrible. Save your money.,Positive
4507,The quality looks disappointing. Very frustrated.,Negative
4508,The price was absolutely horrible. Do not buy.,Negative
4509,The quality seems somewhat awesome. Exceeded expectations.,Positive
4510,Customer support proved to be really wonderful. Highly recommended!,Positive
4511,I think the quality was perfect. Highly recommended!,Positive
4512,The design feels truly brilliant. I love it.,Positive
4513,I think the packaging proved to be subpar. Will return it.,Negative
4514,I think this item is disappointing. Save your money.,Negative
4515,The service proved to be terrible. Very frustrated.,Negative
4516,I think the quality seems regular. Serves its purpose.,Neutral
4517,Delivery seems dreadful. I hate it.,Negative
4518,The packaging was totally standard. Nothing special.,Neutral
4519,The packaging was okay. It does the job.,Neutral
4520,I think the design is mediocre. As expected.,Neutral
4521,Delivery was completely terrible. Very frustrated.,Negative
4522,Customer support was truly great. Very satisfied.,Positive
4523,The service feels brilliant. Will buy again.,Positive
4524,I think my experience seems fine. Serves its purpose.,Neutral
4525,The price is very terrible. Total waste of money.,Negative
4526,This item looks excellent. Will buy again.,Neutral
4527,Customer support proved to be totally fine. Might buy again.,Neutral
4528,I think my experience looks dreadful. Total waste of money.,Negative
4529,The price feels completely fair. Serves its purpose.,Neutral
4530,Delivery looks somewhat great. Will buy again.,Positive
4531,The packaging feels truly bad. Do not buy.,Negative
4532,The design is superb. Highly recommended!,Positive
4533,This item feels worst. Very frustrated.,Negative
4534,This item feels awesome. Exceeded expectations.,Positive
4535,My experience looks absolutely useless. Do not buy.,Negative
4536,I think the packaging feels mediocre. Serves its purpose.,Neutral
4537,I think the design seems superb. Exceeded expectations.,Positive
4538,I think this item seems superb. Exceeded expectations.,Positive
4539,I think the product feels great. Very satisfied.,Negative
4540,I think customer support feels useless. Save your money.,Negative
4541,My experience feels perfect. Will buy again.,Positive
4542,Delivery was wonderful. Best purchase ever.,Positive
4543,Delivery is fairly disappointing. Will return it.,Negative
4544,I think the design seems bad. Total waste of money.,Negative
4545,This item was extremely bad. Will return it.,Negative
4546,The service proved to be completely bad. I hate it.,Negative
4547,I think the quality was dreadful. Will return it.,Negative
4548,I think customer support was great. Very satisfied.,Positive
4549,The design looks truly disappointing. I hate it.,Negative
4550,This item seems fantastic. Best purchase ever.,Positive
4551,The service seems totally great. I love it.,Positive
4552,My experience proved to be truly typical. As expected.,Neutral
4553,I think my experience is okay. As expected.,Neutral
4554,The packaging seems quite brilliant. Highly recommended!,Positive
4555,This item proved to be disappointing. Very frustrated.,Negative
4556,The packaging seems fairly perfect. Best purchase ever.,Positive
4557,This item was bad. Save your money.,Negative
4558,The quality looks standard. Serves its purpose.,Neutral
4559,I think the price proved to be stellar. Highly recommended!,Positive
4560,I think this item seems excellent. Highly recommended!,Positive
4561,The design feels acceptable. Might buy again.,Neutral
4562,My experience proved to be completely useless. Do not buy.,Negative
4563,The quality feels absolutely worst. Will return it.,Negative
4564,The service feels totally acceptable. It does the job.,Neutral
4565,This item feels completely worst. Save your money.,Negative
4566,The packaging was fantastic. I love it.,Positive
4567,Delivery proved to be absolutely bad. I hate it.,Negative
4568,I think my experience feels dreadful. Save your money.,Negative
4569,I think my experience is normal. Nothing special.,Neutral
4570,Delivery proved to be brilliant. Highly recommended!,Positive
4571,Customer support feels typical. As expected.,Neutral
4572,This item looks extremely worst. Do not buy.,Negative
4573,I think this item looks amazing. Very satisfied.,Positive
4574,The packaging seems bad. Do not buy.,Negative
4575,I think customer support looks excellent. I love it.,Positive
4576,I think customer support is perfect. Best purchase ever.,Positive
4577,I think customer support seems excellent. I love it.,Positive
4578,I think the price looks worst. Very frustrated.,Negative
4579,My experience feels disappointing. Save your money.,Negative
4580,I think customer support is great. Highly recommended!,Positive
4581,The price was extremely fantastic. Exceeded expectations.,Positive
4582,The quality proved to be fairly superb. Will buy again.,Positive
4583,Delivery feels disappointing. Total waste of money.,Negative
4584,I think the price is subpar. Do not buy.,Negative
4585,The product seems somewhat amazing. Very satisfied.,Positive
4586,The service is absolutely awesome. Exceeded expectations.,Positive
4587,The packaging feels fairly useless. I hate it.,Negative
4588,The design looks truly wonderful. Best purchase ever.,Positive
4589,The price proved to be excellent. I love it.,Positive
4590,Customer support feels brilliant. I love it.,Positive
4591,I think the price feels acceptable. Might buy again.,Neutral
4592,I think my experience feels subpar. I hate it.,Negative
4593,The product looks fantastic. Exceeded expectations.,Positive
4594,This item looks stellar. Exceeded expectations.,Positive
4595,The product proved to be superb. Best purchase ever.,Positive
4596,The quality was brilliant. Best purchase ever.,Negative
4597,The product is average. Might buy again.,Neutral
4598,I think the design was horrible. Do not buy.,Neutral
4599,The price is amazing. Will buy again.,Positive
4600,Customer support feels completely disappointing. Save your money.,Neutral
4601,Customer support is amazing. Will buy again.,Positive
4602,The product was excellent. Highly recommended!,Positive
4603,"I think the product seems acceptable. Not bad, not great.",Neutral
4604,The product is dreadful. Very frustrated.,Negative
4605,The service is wonderful. I love it.,Positive
4606,I think the packaging proved to be amazing. Exceeded expectations.,Positive
4607,Customer support feels excellent. Best purchase ever.,Positive
4608,I think customer support proved to be superb. Highly recommended!,Positive
4609,Delivery is completely disappointing. Do not buy.,Negative
4610,"The packaging proved to be acceptable. Not bad, not great.",Neutral
4611,I think the quality was fine. As expected.,Neutral
4612,I think the design seems perfect. Exceeded expectations.,Positive
4613,The service proved to be perfect. Highly recommended!,Positive
4614,I think the product seems excellent. Exceeded expectations.,Positive
4615,I think the service is typical. Serves its purpose.,Neutral
4616,The packaging seems great. Will buy again.,Positive
4617,The product proved to be worst. I hate it.,Negative
4618,The packaging feels really normal. Nothing special.,Neutral
4619,Customer support feels wonderful. Very satisfied.,Positive
4620,The service is disappointing. Total waste of money.,Negative
4621,I think delivery feels great. Exceeded expectations.,Positive
4622,The product looks typical. Nothing special.,Neutral
4623,Delivery is extremely disappointing. Total waste of money.,Negative
4624,The quality was quite awesome. Highly recommended!,Positive
4625,This item feels really wonderful. Best purchase ever.,Positive
4626,Delivery seems bad. Save your money.,Negative
4627,Delivery was very acceptable. It does the job.,Neutral
4628,I think the service proved to be stellar. Highly recommended!,Positive
4629,Customer support is fair. Nothing special.,Neutral
4630,I think the design proved to be amazing. Exceeded expectations.,Positive
4631,I think the price looks subpar. Save your money.,Negative
4632,The product feels wonderful. Exceeded expectations.,Positive
4633,Customer support seems fine. Might buy again.,Neutral
4634,The quality feels absolutely horrible. Save your money.,Negative
4635,I think delivery was horrible. Will return it.,Negative
4636,The product seems absolutely horrible. I hate it.,Negative
4637,The design was excellent. Will buy again.,Neutral
4638,I think delivery feels great. Highly recommended!,Positive
4639,I think the design seems amazing. Highly recommended!,Positive
4640,I think the service proved to be superb. I love it.,Positive
4641,Customer support feels acceptable. Nothing special.,Neutral
4642,My experience proved to be very dreadful. Do not buy.,Negative
4643,I think the service proved to be disappointing. Very frustrated.,Negative
4644,My experience feels fairly fantastic. Highly recommended!,Positive
4645,I think the quality looks superb. Very satisfied.,Positive
4646,I think the price seems mediocre. Serves its purpose.,Neutral
4647,The price was fine. Might buy again.,Neutral
4648,Customer support proved to be truly brilliant. I love it.,Positive
4649,Customer support was great. Best purchase ever.,Positive
4650,I think the price was amazing. Exceeded expectations.,Positive
4651,I think the product feels subpar. Do not buy.,Negative
4652,I think the packaging is wonderful. Exceeded expectations.,Positive
4653,The quality seems excellent. Will buy again.,Positive
4654,My experience is fairly worst. Total waste of money.,Neutral
4655,I think the design looks subpar. Very frustrated.,Negative
4656,The quality was fairly typical. Serves its purpose.,Negative
4657,I think delivery was terrible. Will return it.,Negative
4658,The design proved to be awesome. Exceeded expectations.,Neutral
4659,The price was really horrible. I hate it.,Negative
4660,Customer support feels fantastic. Highly recommended!,Positive
4661,My experience proved to be useless. Do not buy.,Negative
4662,This item seems bad. Save your money.,Negative
4663,The product feels superb. Will buy again.,Positive
4664,"I think the packaging proved to be acceptable. Not bad, not great.",Neutral
4665,The design proved to be bad. I hate it.,Negative
4666,The product was awful. Will return it.,Negative
4667,The design seems stellar. Exceeded expectations.,Positive
4668,My experience was brilliant. Exceeded expectations.,Positive
4669,I think the design seems poor. Do not buy.,Negative
4670,I think the packaging feels amazing. Will buy again.,Positive
4671,Delivery proved to be absolutely great. Best purchase ever.,Positive
4672,I think the packaging looks brilliant. Best purchase ever.,Positive
4673,"The product is extremely regular. Not bad, not great.",Neutral
4674,I think the packaging was poor. I hate it.,Negative
4675,I think the packaging feels mediocre. Nothing special.,Neutral
4676,I think my experience seems worst. Save your money.,Negative
4677,This item feels great. I love it.,Positive
4678,The quality seems really normal. Nothing special.,Neutral
4679,The service is really useless. Save your money.,Negative
4680,The product seems very perfect. Will buy again.,Neutral
4681,I think my experience feels perfect. Highly recommended!,Positive
4682,The product feels superb. Best purchase ever.,Positive
4683,My experience seems absolutely excellent. Exceeded expectations.,Positive
4684,The design is useless. I hate it.,Negative
4685,The design seems fairly fantastic. Best purchase ever.,Positive
4686,The service looks normal. It does the job.,Neutral
4687,I think this item feels perfect. Best purchase ever.,Positive
4688,The price feels brilliant. Will buy again.,Positive
4689,I think customer support was awesome. Exceeded expectations.,Positive
4690,Customer support seems brilliant. Best purchase ever.,Positive
4691,Delivery looks terrible. Save your money.,Negative
4692,The design feels absolutely terrible. Total waste of money.,Negative
4693,My experience looks really mediocre. Might buy again.,Neutral
4694,"I think the product proved to be mediocre. Not bad, not great.",Neutral
4695,My experience was absolutely useless. Will return it.,Negative
4696,Delivery proved to be worst. I hate it.,Negative
4697,Delivery seems totally stellar. Exceeded expectations.,Positive
4698,I think delivery proved to be worst. Will return it.,Negative
4699,I think this item feels subpar. Very frustrated.,Negative
4700,I think the price was poor. Total waste of money.,Negative
4701,I think the packaging was dreadful. I hate it.,Negative
4702,I think the design was useless. I hate it.,Negative
4703,The quality proved to be truly normal. It does the job.,Neutral
4704,I think the quality looks perfect. Highly recommended!,Positive
4705,I think the design is bad. Do not buy.,Negative
4706,I think customer support proved to be fair. As expected.,Neutral
4707,The service was terrible. Do not buy.,Positive
4708,Delivery feels completely worst. Do not buy.,Negative
4709,The product is completely okay. Might buy again.,Neutral
4710,This item was disappointing. Total waste of money.,Negative
4711,Customer support looks extremely average. As expected.,Neutral
4712,I think the price feels dreadful. Save your money.,Neutral
4713,I think this item seems great. Highly recommended!,Positive
4714,The packaging seems perfect. Exceeded expectations.,Positive
4715,My experience seems totally fantastic. I love it.,Positive
4716,I think this item proved to be terrible. Total waste of money.,Negative
4717,The service was acceptable. Might buy again.,Neutral
4718,I think my experience feels awesome. I love it.,Positive
4719,Customer support feels poor. Will return it.,Negative
4720,My experience is useless. Save your money.,Negative
4721,I think the design proved to be bad. Will return it.,Negative
4722,I think the packaging proved to be fine. Nothing special.,Neutral
4723,The service seems absolutely awesome. Best purchase ever.,Positive
4724,I think the product looks useless. Very frustrated.,Negative
4725,I think the price seems worst. Save your money.,Negative
4726,I think my experience proved to be brilliant. Very satisfied.,Positive
4727,I think this item proved to be poor. Total waste of money.,Negative
4728,The service proved to be fairly fantastic. Exceeded expectations.,Positive
4729,I think the design was useless. Very frustrated.,Negative
4730,The quality looks extremely poor. Total waste of money.,Negative
4731,I think the product proved to be acceptable. As expected.,Neutral
4732,The price proved to be superb. Exceeded expectations.,Positive
4733,The packaging was brilliant. Highly recommended!,Positive
4734,I think delivery looks bad. Very frustrated.,Negative
4735,Delivery proved to be terrible. I hate it.,Negative
4736,The design proved to be dreadful. Do not buy.,Negative
4737,The design proved to be totally dreadful. I hate it.,Negative
4738,This item looks amazing. Exceeded expectations.,Positive
4739,The quality was stellar. Very satisfied.,Positive
4740,Delivery looks worst. Total waste of money.,Negative
4741,I think the product is wonderful. Best purchase ever.,Positive
4742,I think the price seems bad. Will return it.,Negative
4743,The design seems really bad. I hate it.,Negative
4744,I think delivery feels excellent. Best purchase ever.,Positive
4745,This item proved to be very subpar. Save your money.,Negative
4746,I think customer support proved to be stellar. Will buy again.,Positive
4747,The price looks completely typical. Nothing special.,Neutral
4748,"The design feels fine. Not bad, not great.",Neutral
4749,The quality seems totally amazing. Very satisfied.,Positive
4750,I think delivery is awful. Will return it.,Negative
4751,The product was horrible. I hate it.,Negative
4752,The product was really standard. Serves its purpose.,Neutral
4753,I think the packaging is fantastic. I love it.,Positive
4754,I think the product looks fantastic. Highly recommended!,Positive
4755,The packaging was superb. Will buy again.,Positive
4756,Customer support is somewhat subpar. Save your money.,Negative
4757,Delivery feels fair. Might buy again.,Neutral
4758,"Customer support was completely normal. Not bad, not great.",Neutral
4759,The quality proved to be excellent. Very satisfied.,Positive
4760,The quality looks awful. Very frustrated.,Negative
4761,The price feels very horrible. Very frustrated.,Positive
4762,I think customer support was awesome. Exceeded expectations.,Positive
4763,The product looks fairly bad. I hate it.,Negative
4764,I think delivery looks useless. Will return it.,Negative
4765,Customer support feels subpar. I hate it.,Negative
4766,The product seems mediocre. Might buy again.,Neutral
4767,This item is quite awful. Do not buy.,Negative
4768,The quality proved to be absolutely typical. As expected.,Neutral
4769,Delivery proved to be really disappointing. Will return it.,Negative
4770,My experience is great. Exceeded expectations.,Positive
4771,I think the product looks perfect. Best purchase ever.,Positive
4772,My experience is poor. Will return it.,Negative
4773,Customer support proved to be fantastic. Best purchase ever.,Positive
4774,The product was truly brilliant. Very satisfied.,Positive
4775,I think delivery proved to be perfect. Exceeded expectations.,Positive
4776,The price feels very great. Exceeded expectations.,Positive
4777,I think customer support was fantastic. Will buy again.,Positive
4778,I think customer support was useless. Very frustrated.,Negative
4779,Customer support is absolutely subpar. Save your money.,Neutral
4780,I think the packaging was perfect. Very satisfied.,Positive
4781,My experience proved to be really superb. I love it.,Positive
4782,The quality seems worst. Do not buy.,Negative
4783,The quality proved to be great. Exceeded expectations.,Positive
4784,I think the product feels superb. Will buy again.,Positive
4785,I think delivery proved to be worst. Total waste of money.,Negative
4786,The quality was horrible. Will return it.,Negative
4787,The design was totally disappointing. Total waste of money.,Negative
4788,This item is great. Best purchase ever.,Positive
4789,The quality is bad. Very frustrated.,Negative
4790,This item seems bad. I hate it.,Negative
4791,Customer support looks worst. Total waste of money.,Negative
4792,"The service looks fine. Not bad, not great.",Neutral
4793,Customer support was quite worst. Will return it.,Negative
4794,The product is stellar. Will buy again.,Positive
4795,Customer support looks fantastic. Will buy again.,Positive
4796,The price looks really superb. Exceeded expectations.,Neutral
4797,This item is totally terrible. Very frustrated.,Negative
4798,The price is standard. Nothing special.,Neutral
4799,My experience seems normal. Might buy again.,Neutral
4800,Customer support was horrible. I hate it.,Negative
4801,Delivery was quite disappointing. Will return it.,Negative
4802,The product is stellar. Very satisfied.,Positive
4803,My experience proved to be horrible. I hate it.,Negative
4804,The packaging proved to be amazing. Best purchase ever.,Positive
4805,I think the design looks poor. I hate it.,Negative
4806,My experience is quite disappointing. Very frustrated.,Negative
4807,The price feels extremely fantastic. Will buy again.,Positive
4808,The service proved to be really mediocre. Serves its purpose.,Neutral
4809,The price seems amazing. Very satisfied.,Positive
4810,I think customer support was regular. As expected.,Neutral
4811,The quality is somewhat awesome. Will buy again.,Positive
4812,The price was useless. I hate it.,Negative
4813,"The product feels okay. Not bad, not great.",Neutral
4814,I think my experience looks typical. It does the job.,Neutral
4815,I think the product was dreadful. Very frustrated.,Negative
4816,I think the quality looks acceptable. It does the job.,Neutral
4817,The quality was completely useless. Do not buy.,Negative
4818,Customer support feels terrible. Very frustrated.,Negative
4819,The price looks fairly poor. Save your money.,Negative
4820,The product was fairly dreadful. I hate it.,Negative
4821,The design looks typical. Serves its purpose.,Neutral
4822,The price proved to be quite useless. Do not buy.,Negative
4823,My experience proved to be truly wonderful. Very satisfied.,Positive
4824,"The design was quite okay. Not bad, not great.",Neutral
4825,The quality feels great. I love it.,Positive
4826,The design is really great. Very satisfied.,Positive
4827,The design was great. Very satisfied.,Positive
4828,The service was extremely great. Very satisfied.,Positive
4829,I think the quality proved to be excellent. Best purchase ever.,Positive
4830,The packaging is fairly worst. I hate it.,Negative
4831,I think my experience seems dreadful. I hate it.,Negative
4832,This item is dreadful. I hate it.,Negative
4833,I think the product seems bad. Very frustrated.,Negative
4834,I think the service is useless. Save your money.,Negative
4835,The product seems somewhat brilliant. Best purchase ever.,Positive
4836,The quality looks extremely perfect. Best purchase ever.,Negative
4837,Customer support is disappointing. Do not buy.,Negative
4838,My experience feels totally fine. Might buy again.,Neutral
4839,I think the packaging was subpar. Total waste of money.,Negative
4840,I think the design looks superb. Highly recommended!,Positive
4841,The product was awesome. I love it.,Positive
4842,This item was awesome. Will buy again.,Positive
4843,The price proved to be fair. It does the job.,Neutral
4844,The product proved to be dreadful. Total waste of money.,Negative
4845,The price is extremely acceptable. Might buy again.,Neutral
4846,I think the design is worst. Save your money.,Negative
4847,My experience seems truly horrible. Save your money.,Negative
4848,The service is awesome. I love it.,Positive
4849,I think delivery seems standard. Might buy again.,Neutral
4850,The packaging proved to be superb. Very satisfied.,Positive
4851,Delivery feels fantastic. I love it.,Positive
4852,I think this item seems horrible. I hate it.,Negative
4853,The design feels okay. As expected.,Neutral
4854,I think my experience feels acceptable. Might buy again.,Neutral
4855,The price is great. Will buy again.,Positive
4856,I think the quality seems awesome. Very satisfied.,Positive
4857,I think the design proved to be worst. Save your money.,Negative
4858,The quality was awesome. Very satisfied.,Positive
4859,The design feels really average. It does the job.,Neutral
4860,I think the price proved to be standard. Nothing special.,Neutral
4861,Customer support is quite perfect. I love it.,Positive
4862,The design proved to be fairly worst. Total waste of money.,Negative
4863,I think the service feels bad. Do not buy.,Negative
4864,This item was completely dreadful. Very frustrated.,Negative
4865,I think delivery looks horrible. Very frustrated.,Negative
4866,Delivery proved to be absolutely amazing. Highly recommended!,Positive
4867,This item looks horrible. I hate it.,Negative
4868,I think the service feels disappointing. Very frustrated.,Negative
4869,The design is quite poor. I hate it.,Positive
4870,I think the price looks fantastic. Highly recommended!,Positive
4871,The packaging feels normal. As expected.,Neutral
4872,I think delivery looks stellar. I love it.,Positive
4873,I think this item seems dreadful. I hate it.,Negative
4874,My experience proved to be completely awesome. Will buy again.,Positive
4875,The price was totally excellent. Highly recommended!,Positive
4876,The packaging was extremely excellent. Highly recommended!,Positive
4877,Delivery is subpar. Do not buy.,Negative
4878,Delivery is really useless. Save your money.,Negative
4879,I think customer support was perfect. Highly recommended!,Positive
4880,The quality was excellent. Exceeded expectations.,Positive
4881,The service proved to be fairly useless. Do not buy.,Negative
4882,"The service feels normal. Not bad, not great.",Neutral
4883,The price seems superb. Best purchase ever.,Positive
4884,I think the design proved to be horrible. Total waste of money.,Negative
4885,I think my experience seems acceptable. As expected.,Neutral
4886,Delivery was completely normal. As expected.,Neutral
4887,I think customer support looks superb. Very satisfied.,Positive
4888,Customer support looks horrible. Total waste of money.,Neutral
4889,I think my experience looks awful. Save your money.,Negative
4890,I think the product is brilliant. Best purchase ever.,Positive
4891,The quality is bad. Will return it.,Negative
4892,The service looks normal. Might buy again.,Neutral
4893,I think customer support looks awesome. I love it.,Positive
4894,The quality looks stellar. Best purchase ever.,Positive
4895,The design feels totally terrible. Total waste of money.,Negative
4896,The product feels extremely useless. Will return it.,Negative
4897,I think the price is subpar. Very frustrated.,Negative
4898,The price proved to be fantastic. Highly recommended!,Positive
4899,The design feels extremely useless. I hate it.,Negative
4900,The quality is somewhat useless. Total waste of money.,Negative
4901,I think my experience is poor. Do not buy.,Negative
4902,I think the quality seems fantastic. Exceeded expectations.,Positive
4903,I think my experience looks brilliant. Highly recommended!,Positive
4904,Customer support feels very wonderful. Will buy again.,Positive
4905,I think this item looks brilliant. I love it.,Positive
4906,The design seems completely dreadful. Very frustrated.,Negative
4907,The design feels subpar. Do not buy.,Negative
4908,The packaging seems completely excellent. Best purchase ever.,Positive
4909,The service is standard. It does the job.,Neutral
4910,The design proved to be wonderful. I love it.,Positive
4911,The product is truly fantastic. Very satisfied.,Positive
4912,I think the quality looks fine. As expected.,Neutral
4913,The service feels truly disappointing. Save your money.,Negative
4914,The product is really wonderful. Very satisfied.,Positive
4915,The packaging seems worst. Save your money.,Negative
4916,The design proved to be stellar. Best purchase ever.,Positive
4917,I think delivery seems subpar. I hate it.,Negative
4918,The service seems really dreadful. I hate it.,Negative
4919,The product looks excellent. I love it.,Positive
4920,Customer support looks truly bad. I hate it.,Negative
4921,I think this item is fantastic. I love it.,Positive
4922,My experience seems bad. I hate it.,Negative
4923,I think the product is superb. I love it.,Positive
4924,The product looks great. Will buy again.,Positive
4925,I think my experience looks useless. Total waste of money.,Negative
4926,The service seems really disappointing. Will return it.,Negative
4927,I think the design was disappointing. Save your money.,Negative
4928,My experience is very disappointing. Do not buy.,Negative
4929,Delivery seems somewhat amazing. Exceeded expectations.,Positive
4930,I think the packaging looks horrible. Total waste of money.,Negative
4931,I think the design looks wonderful. Will buy again.,Positive
4932,I think the quality feels great. Will buy again.,Positive
4933,The product proved to be horrible. I hate it.,Negative
4934,I think the product is fair. It does the job.,Neutral
4935,This item seems absolutely stellar. Highly recommended!,Positive
4936,I think the product looks dreadful. I hate it.,Negative
4937,The packaging seems completely disappointing. Do not buy.,Negative
4938,The quality seems poor. Very frustrated.,Negative
4939,The quality proved to be somewhat bad. Do not buy.,Negative
4940,The price feels fine. Serves its purpose.,Neutral
4941,The price looks completely normal. Serves its purpose.,Neutral
4942,Delivery is worst. Do not buy.,Negative
4943,The quality feels fairly brilliant. Will buy again.,Positive
4944,I think customer support feels perfect. Highly recommended!,Positive
4945,Delivery was extremely awesome. I love it.,Positive
4946,This item feels completely bad. Total waste of money.,Negative
4947,The service seems fairly useless. Save your money.,Negative
4948,Customer support looks okay. Nothing special.,Neutral
4949,This item seems awful. I hate it.,Negative
4950,My experience is extremely fantastic. Exceeded expectations.,Positive
4951,This item seems wonderful. Highly recommended!,Positive
4952,This item proved to be awesome. Very satisfied.,Positive
4953,My experience proved to be horrible. Do not buy.,Negative
4954,The price looks terrible. Very frustrated.,Negative
4955,This item looks useless. Total waste of money.,Negative
4956,The design is truly brilliant. Very satisfied.,Positive
4957,Customer support proved to be worst. Save your money.,Negative
4958,Customer support feels really disappointing. Will return it.,Negative
4959,I think the service seems brilliant. Best purchase ever.,Positive
4960,The design is totally subpar. I hate it.,Negative
4961,I think this item proved to be fantastic. Best purchase ever.,Positive
4962,The service looks useless. Do not buy.,Negative
4963,This item proved to be horrible. Will return it.,Negative
4964,The design feels extremely excellent. Exceeded expectations.,Positive
4965,The service feels quite bad. I hate it.,Negative
4966,"The service is truly typical. Not bad, not great.",Neutral
4967,Customer support is subpar. Very frustrated.,Negative
4968,"My experience seems truly average. Not bad, not great.",Neutral
4969,The price feels extremely disappointing. Total waste of money.,Negative
4970,The service was somewhat terrible. Do not buy.,Negative
4971,The quality is quite amazing. Best purchase ever.,Positive
4972,The quality was excellent. Best purchase ever.,Positive
4973,The product is subpar. Do not buy.,Negative
4974,I think the product looks disappointing. Will return it.,Negative
4975,The service seems very fair. It does the job.,Neutral
4976,The packaging proved to be quite excellent. Best purchase ever.,Positive
4977,The quality was awesome. Exceeded expectations.,Positive
4978,I think the price is worst. Do not buy.,Negative
4979,Delivery feels disappointing. Do not buy.,Negative
4980,Delivery was absolutely awful. Total waste of money.,Negative
4981,Delivery is fairly fair. Serves its purpose.,Neutral
4982,The service seems totally worst. Total waste of money.,Negative
4983,I think the design looks worst. Save your money.,Negative
4984,I think delivery proved to be average. It does the job.,Neutral
4985,I think customer support is disappointing. I hate it.,Negative
4986,My experience seems perfect. Best purchase ever.,Positive
4987,I think delivery seems fantastic. Highly recommended!,Positive
4988,The product feels somewhat useless. Very frustrated.,Negative
4989,I think this item feels perfect. Exceeded expectations.,Positive
4990,The service looks extremely bad. I hate it.,Negative
4991,This item was very disappointing. Total waste of money.,Negative
4992,I think the product feels worst. Save your money.,Negative
4993,I think my experience was wonderful. Will buy again.,Negative
4994,The packaging seems quite fantastic. Will buy again.,Positive
4995,I think the design looks worst. Do not buy.,Negative
4996,Delivery seems quite awful. Will return it.,Negative
4997,I think my experience looks fair. As expected.,Neutral
4998,I think the design feels fair. It does the job.,Neutral
4999,Customer support was extremely useless. Very frustrated.,Negative
5000,My experience proved to be really normal. Nothing special.,Neutral
5001,The quality looks poor. Do not buy.,Negative
5002,I think the price feels acceptable. Nothing special.,Neutral
5003,I think the packaging is brilliant. I love it.,Positive
5004,The service seems poor. Save your money.,Negative
5005,I think my experience was useless. Save your money.,Negative
5006,The quality looks really bad. Very frustrated.,Negative
5007,I think the quality is perfect. I love it.,Positive
5008,Customer support proved to be awful. Save your money.,Negative
5009,I think the packaging was standard. It does the job.,Neutral
5010,This item seems fantastic. Will buy again.,Positive
5011,Delivery seems extremely typical. Nothing special.,Neutral
5012,My experience is fairly amazing. Highly recommended!,Positive
5013,I think the price was useless. Do not buy.,Negative
5014,The quality proved to be horrible. Save your money.,Negative
5015,I think customer support seems awesome. Highly recommended!,Positive
5016,I think the price feels stellar. I love it.,Positive
5017,My experience is standard. Might buy again.,Neutral
5018,I think customer support is superb. I love it.,Positive
5019,The service seems fairly normal. Might buy again.,Neutral
5020,I think the design was terrible. Very frustrated.,Negative
5021,Delivery was worst. Very frustrated.,Negative
5022,I think delivery proved to be disappointing. Very frustrated.,Negative
5023,The quality is absolutely dreadful. Save your money.,Negative
5024,Customer support feels great. Very satisfied.,Positive
5025,The packaging looks somewhat useless. Save your money.,Negative
5026,I think the price was stellar. Best purchase ever.,Positive
5027,Delivery feels bad. Total waste of money.,Negative
5028,The service feels truly subpar. Very frustrated.,Negative
5029,The service proved to be absolutely amazing. Highly recommended!,Positive
5030,"Delivery proved to be absolutely typical. Not bad, not great.",Neutral
5031,The quality is completely superb. Best purchase ever.,Positive
5032,My experience is brilliant. Will buy again.,Positive
5033,I think customer support seems dreadful. Do not buy.,Negative
5034,I think the packaging was fair. It does the job.,Neutral
5035,Customer support was extremely amazing. Will buy again.,Positive
5036,I think delivery was awful. Do not buy.,Negative
5037,Customer support feels completely disappointing. Do not buy.,Negative
5038,The packaging was totally fair. It does the job.,Neutral
5039,I think customer support looks typical. As expected.,Neutral
5040,Delivery proved to be dreadful. Do not buy.,Negative
5041,The design feels fantastic. I love it.,Positive
5042,This item is completely okay. As expected.,Neutral
5043,I think customer support seems perfect. Will buy again.,Positive
5044,The product proved to be fairly disappointing. I hate it.,Negative
5045,I think customer support is bad. Very frustrated.,Negative
5046,This item was absolutely poor. Very frustrated.,Negative
5047,This item proved to be completely useless. I hate it.,Negative
5048,The service was somewhat excellent. Exceeded expectations.,Positive
5049,I think the service looks wonderful. I love it.,Positive
5050,I think the quality proved to be fine. Serves its purpose.,Neutral
5051,The packaging looks truly average. Nothing special.,Neutral
5052,My experience is totally typical. Serves its purpose.,Neutral
5053,The quality proved to be horrible. Save your money.,Neutral
5054,The design was completely great. I love it.,Positive
5055,The packaging was really worst. Very frustrated.,Negative
5056,My experience was completely perfect. Best purchase ever.,Positive
5057,The quality seems regular. Nothing special.,Neutral
5058,This item is excellent. I love it.,Positive
5059,The packaging looks superb. Best purchase ever.,Positive
5060,The design seems bad. Do not buy.,Negative
5061,I think the design seems great. Highly recommended!,Positive
5062,Delivery is extremely worst. Save your money.,Negative
5063,I think the quality looks disappointing. I hate it.,Negative
5064,Customer support seems extremely perfect. I love it.,Positive
5065,The service was stellar. Best purchase ever.,Positive
5066,The product looks horrible. I hate it.,Negative
5067,Delivery feels awful. Do not buy.,Neutral
5068,I think the price is superb. Very satisfied.,Positive
5069,I think the price was wonderful. Exceeded expectations.,Positive
5070,The service proved to be amazing. Very satisfied.,Positive
5071,The price is horrible. Will return it.,Negative
5072,I think customer support feels bad. I hate it.,Negative
5073,I think the packaging proved to be subpar. Very frustrated.,Negative
5074,I think the design seems fantastic. Very satisfied.,Positive
5075,I think the packaging proved to be poor. I hate it.,Neutral
5076,The service seems mediocre. It does the job.,Neutral
5077,My experience seems completely terrible. Do not buy.,Neutral
5078,The price looks totally bad. Total waste of money.,Negative
5079,The service proved to be subpar. Do not buy.,Negative
5080,My experience seems acceptable. Serves its purpose.,Neutral
5081,The quality is terrible. Do not buy.,Negative
5082,I think my experience was subpar. Very frustrated.,Negative
5083,The price is bad. Save your money.,Negative
5084,This item proved to be subpar. Very frustrated.,Negative
5085,I think delivery seems worst. Do not buy.,Negative
5086,I think this item feels poor. Save your money.,Negative
5087,Customer support was terrible. Total waste of money.,Negative
5088,The design is worst. Will return it.,Negative
5089,The price seems normal. Might buy again.,Neutral
5090,I think the quality feels dreadful. Very frustrated.,Negative
5091,Delivery proved to be quite useless. I hate it.,Negative
5092,Delivery looks perfect. Highly recommended!,Positive
5093,I think this item was subpar. Total waste of money.,Negative
5094,The design feels okay. As expected.,Neutral
5095,I think the product is wonderful. Very satisfied.,Positive
5096,The quality looks fantastic. Best purchase ever.,Positive
5097,The packaging proved to be wonderful. Highly recommended!,Positive
5098,This item was awesome. Very satisfied.,Positive
5099,I think this item proved to be great. Will buy again.,Positive
5100,I think the quality was worst. Total waste of money.,Negative
5101,Delivery proved to be great. I love it.,Positive
5102,I think the packaging looks horrible. Total waste of money.,Negative
5103,The packaging seems fairly worst. Total waste of money.,Negative
5104,Delivery was fairly useless. Do not buy.,Negative
5105,I think delivery proved to be wonderful. Will buy again.,Positive
5106,The design proved to be amazing. Very satisfied.,Positive
5107,Delivery is quite superb. I love it.,Positive
5108,The design seems fairly excellent. Highly recommended!,Neutral
5109,The product is very dreadful. Save your money.,Negative
5110,I think customer support seems poor. Very frustrated.,Negative
5111,The price proved to be very subpar. Do not buy.,Negative
5112,The product is very disappointing. I hate it.,Negative
5113,I think customer support is dreadful. Very frustrated.,Negative
5114,I think the product proved to be horrible. Very frustrated.,Negative
5115,Delivery feels really great. Highly recommended!,Positive
5116,This item feels fairly worst. Save your money.,Negative
5117,The packaging feels perfect. Best purchase ever.,Positive
5118,The quality looks dreadful. Total waste of money.,Negative
5119,Customer support seems extremely worst. Very frustrated.,Negative
5120,My experience seems extremely subpar. Will return it.,Negative
5121,The service seems completely great. Very satisfied.,Positive
5122,This item looks very average. As expected.,Neutral
5123,Delivery is absolutely perfect. I love it.,Positive
5124,My experience was stellar. Very satisfied.,Positive
5125,The price is fairly mediocre. Serves its purpose.,Neutral
5126,I think this item is amazing. Will buy again.,Positive
5127,I think this item looks brilliant. Best purchase ever.,Positive
5128,Customer support seems extremely disappointing. Save your money.,Negative
5129,Delivery was subpar. Very frustrated.,Negative
5130,The design looks completely horrible. Do not buy.,Negative
5131,My experience was wonderful. I love it.,Positive
5132,I think the quality was fantastic. I love it.,Positive
5133,The price was very terrible. Very frustrated.,Negative
5134,I think the design proved to be bad. Do not buy.,Negative
5135,Delivery was fairly poor. Will return it.,Negative
5136,The price feels perfect. Very satisfied.,Positive
5137,My experience proved to be awesome. Best purchase ever.,Positive
5138,I think my experience seems disappointing. Do not buy.,Negative
5139,This item proved to be awful. Save your money.,Neutral
5140,I think the packaging looks stellar. I love it.,Positive
5141,"I think the design is normal. Not bad, not great.",Neutral
5142,"The service was mediocre. Not bad, not great.",Neutral
5143,Delivery is truly great. Very satisfied.,Positive
5144,The design seems truly subpar. Will return it.,Negative
5145,I think the packaging seems disappointing. I hate it.,Negative
5146,My experience looks fairly disappointing. Total waste of money.,Negative
5147,The price looks stellar. Very satisfied.,Positive
5148,The packaging seems brilliant. Will buy again.,Positive
5149,The product was quite fantastic. Best purchase ever.,Positive
5150,"The design proved to be fair. Not bad, not great.",Neutral
5151,The product is fine. Might buy again.,Neutral
5152,I think the service feels subpar. Will return it.,Negative
5153,I think the packaging was average. Serves its purpose.,Neutral
5154,I think this item was superb. I love it.,Positive
5155,The price is poor. Total waste of money.,Negative
5156,The design is fairly worst. Total waste of money.,Positive
5157,The product was truly stellar. Will buy again.,Positive
5158,The quality seems truly regular. As expected.,Neutral
5159,My experience is really okay. Might buy again.,Neutral
5160,The quality seems absolutely standard. It does the job.,Neutral
5161,The service looks completely bad. I hate it.,Negative
5162,The product is very bad. Will return it.,Negative
5163,The design seems fairly wonderful. I love it.,Positive
5164,I think this item seems great. Will buy again.,Positive
5165,Customer support is totally awesome. Highly recommended!,Positive
5166,The packaging seems terrible. Save your money.,Negative
5167,The service proved to be extremely perfect. Very satisfied.,Positive
5168,"This item looks mediocre. Not bad, not great.",Neutral
5169,I think the design was awesome. Will buy again.,Positive
5170,This item feels absolutely superb. Will buy again.,Positive
5171,I think the design proved to be worst. Very frustrated.,Negative
5172,I think the packaging feels normal. It does the job.,Neutral
5173,I think the packaging was wonderful. Very satisfied.,Positive
5174,The price is worst. Total waste of money.,Negative
5175,The quality seems brilliant. Will buy again.,Positive
5176,The quality is absolutely terrible. Save your money.,Negative
5177,I think the quality looks fantastic. Very satisfied.,Positive
5178,This item feels wonderful. Exceeded expectations.,Positive
5179,I think the price feels useless. Very frustrated.,Negative
5180,I think the quality seems superb. Exceeded expectations.,Positive
5181,The product seems poor. Very frustrated.,Negative
5182,The service seems really perfect. Highly recommended!,Positive
5183,The packaging feels great. Very satisfied.,Positive
5184,This item seems wonderful. I love it.,Positive
5185,I think delivery feels amazing. Best purchase ever.,Positive
5186,I think the packaging looks amazing. Very satisfied.,Positive
5187,Customer support seems worst. Save your money.,Negative
5188,I think the product seems subpar. Do not buy.,Negative
5189,I think this item was dreadful. Total waste of money.,Negative
5190,I think the packaging proved to be excellent. Very satisfied.,Positive
5191,The quality is useless. Do not buy.,Negative
5192,Delivery is poor. Will return it.,Negative
5193,The design looks truly great. Will buy again.,Positive
5194,I think my experience was fantastic. Very satisfied.,Positive
5195,The quality proved to be fair. Might buy again.,Neutral
5196,"This item seems fair. Not bad, not great.",Neutral
5197,My experience seems very mediocre. Might buy again.,Neutral
5198,The design proved to be fairly bad. I hate it.,Negative
5199,The product looks somewhat superb. Best purchase ever.,Positive
5200,I think delivery feels fine. Might buy again.,Neutral
5201,I think customer support is useless. Will return it.,Negative
5202,The design feels horrible. Will return it.,Negative
5203,Delivery proved to be great. I love it.,Positive
5204,I think the price proved to be dreadful. I hate it.,Negative
5205,I think this item looks average. It does the job.,Neutral
5206,Delivery feels fairly excellent. Very satisfied.,Positive
5207,Delivery looks horrible. Save your money.,Negative
5208,The price seems bad. Do not buy.,Positive
5209,The design is fairly excellent. Exceeded expectations.,Positive
5210,I think the price was brilliant. Best purchase ever.,Positive
5211,The packaging looks fantastic. Very satisfied.,Positive
5212,The packaging proved to be totally superb. Best purchase ever.,Positive
5213,The product proved to be disappointing. I hate it.,Negative
5214,The price is somewhat awful. Will return it.,Negative
5215,Customer support was extremely acceptable. As expected.,Neutral
5216,This item looks awful. Very frustrated.,Negative
5217,I think the design looks useless. I hate it.,Negative
5218,I think delivery feels brilliant. I love it.,Positive
5219,The design proved to be terrible. Save your money.,Negative
5220,Delivery seems fantastic. Exceeded expectations.,Neutral
5221,The product feels fine. Serves its purpose.,Neutral
5222,The quality seems terrible. Very frustrated.,Negative
5223,The design was somewhat standard. Might buy again.,Neutral
5224,My experience seems truly awful. Will return it.,Negative
5225,The price feels really useless. Will return it.,Negative
5226,The price feels completely awful. Save your money.,Negative
5227,My experience was amazing. Very satisfied.,Neutral
5228,The product seems great. Exceeded expectations.,Neutral
5229,I think my experience proved to be worst. Save your money.,Negative
5230,The packaging was amazing. Will buy again.,Neutral
5231,This item feels fairly great. Very satisfied.,Positive
5232,I think the packaging looks poor. Do not buy.,Negative
5233,I think my experience feels fantastic. Very satisfied.,Positive
5234,The quality was really horrible. Do not buy.,Negative
5235,I think delivery was poor. Do not buy.,Negative
5236,The design looks totally stellar. I love it.,Positive
5237,I think the price seems amazing. Exceeded expectations.,Positive
5238,My experience proved to be somewhat terrible. I hate it.,Negative
5239,The design proved to be extremely typical. Serves its purpose.,Neutral
5240,This item looks awesome. Best purchase ever.,Positive
5241,"Customer support was regular. Not bad, not great.",Positive
5242,I think the design is wonderful. I love it.,Negative
5243,I think my experience is poor. Do not buy.,Negative
5244,The design seems truly wonderful. I love it.,Positive
5245,I think the quality is excellent. Best purchase ever.,Positive
5246,I think delivery proved to be useless. I hate it.,Negative
5247,My experience looks worst. Total waste of money.,Negative
5248,"The service is typical. Not bad, not great.",Neutral
5249,Delivery seems horrible. Save your money.,Negative
5250,"The service is acceptable. Not bad, not great.",Neutral
5251,Customer support was really amazing. Best purchase ever.,Positive
5252,I think customer support looks fantastic. Highly recommended!,Positive
5253,I think delivery seems fine. It does the job.,Neutral
5254,The price was perfect. Will buy again.,Negative
5255,"The packaging proved to be typical. Not bad, not great.",Neutral
5256,The product is completely subpar. Total waste of money.,Negative
5257,The design feels standard. Might buy again.,Neutral
5258,The service feels typical. As expected.,Neutral
5259,I think the design was worst. I hate it.,Negative
5260,My experience seems very poor. Total waste of money.,Negative
5261,The product is perfect. Exceeded expectations.,Positive
5262,The packaging seems somewhat fantastic. Very satisfied.,Positive
5263,The packaging seems regular. Might buy again.,Neutral
5264,"The service is standard. Not bad, not great.",Neutral
5265,I think this item feels awful. Total waste of money.,Negative
5266,The packaging feels dreadful. I hate it.,Negative
5267,Customer support was extremely terrible. Total waste of money.,Negative
5268,The design feels somewhat acceptable. Nothing special.,Neutral
5269,The design was quite poor. Very frustrated.,Negative
5270,I think the product feels stellar. I love it.,Positive
5271,The quality proved to be disappointing. Total waste of money.,Negative
5272,The price feels disappointing. Total waste of money.,Negative
5273,I think the packaging was terrible. Total waste of money.,Negative
5274,The packaging is perfect. I love it.,Positive
5275,The design looks really superb. Highly recommended!,Positive
5276,The price was truly stellar. Very satisfied.,Positive
5277,I think the design seems bad. Save your money.,Negative
5278,I think the design looks bad. Will return it.,Negative
5279,The quality seems superb. Highly recommended!,Positive
5280,The design proved to be terrible. Do not buy.,Negative
5281,The service was amazing. I love it.,Positive
5282,I think the service was brilliant. Best purchase ever.,Positive
5283,The quality looks bad. Save your money.,Negative
5284,"I think customer support is okay. Not bad, not great.",Neutral
5285,The design is somewhat horrible. I hate it.,Negative
5286,The packaging is absolutely worst. Total waste of money.,Negative
5287,The packaging looks quite stellar. Very satisfied.,Positive
5288,The design feels very fine. Might buy again.,Neutral
5289,This item proved to be stellar. Exceeded expectations.,Positive
5290,Customer support feels worst. I hate it.,Negative
5291,The design proved to be regular. Nothing special.,Neutral
5292,The packaging proved to be really useless. Will return it.,Negative
5293,The packaging is horrible. Will return it.,Negative
5294,I think the service feels stellar. Best purchase ever.,Positive
5295,My experience feels awful. Total waste of money.,Negative
5296,This item looks very disappointing. Total waste of money.,Negative
5297,I think the design feels subpar. Will return it.,Negative
5298,The quality feels brilliant. Highly recommended!,Positive
5299,The product proved to be brilliant. Best purchase ever.,Positive
5300,The packaging proved to be perfect. Highly recommended!,Positive
5301,I think the design looks awesome. I love it.,Positive
5302,The quality looks useless. Do not buy.,Negative
5303,I think the price proved to be mediocre. Might buy again.,Neutral
5304,The product was very superb. Exceeded expectations.,Positive
5305,My experience is awful. Do not buy.,Negative
5306,I think delivery looks perfect. Highly recommended!,Positive
5307,The design is amazing. Best purchase ever.,Positive
5308,I think delivery proved to be standard. It does the job.,Neutral
5309,My experience was mediocre. Serves its purpose.,Neutral
5310,The quality was somewhat normal. Might buy again.,Neutral
5311,The product looks totally perfect. Will buy again.,Positive
5312,I think the product was poor. Save your money.,Negative
5313,My experience feels totally disappointing. Total waste of money.,Negative
5314,Delivery seems fairly useless. Do not buy.,Negative
5315,This item was extremely fine. Serves its purpose.,Neutral
5316,The quality is very fine. Serves its purpose.,Neutral
5317,I think the quality looks acceptable. Nothing special.,Neutral
5318,The quality looks stellar. Very satisfied.,Positive
5319,Delivery looks regular. Might buy again.,Neutral
5320,The packaging proved to be brilliant. Best purchase ever.,Positive
5321,The price seems awesome. Best purchase ever.,Positive
5322,The product was truly terrible. I hate it.,Negative
5323,I think the packaging seems subpar. I hate it.,Negative
5324,The product feels very horrible. Do not buy.,Negative
5325,I think the design was stellar. Very satisfied.,Positive
5326,The packaging looks fairly mediocre. Might buy again.,Neutral
5327,The packaging looks poor. Will return it.,Positive
5328,I think my experience proved to be mediocre. Serves its purpose.,Neutral
5329,The packaging was extremely awful. I hate it.,Negative
5330,Delivery feels excellent. Best purchase ever.,Positive
5331,The service was disappointing. I hate it.,Negative
5332,I think the service is useless. Save your money.,Negative
5333,The product was truly disappointing. Save your money.,Negative
5334,The design seems completely bad. Total waste of money.,Negative
5335,The product looks somewhat typical. Nothing special.,Neutral
5336,The price proved to be horrible. Will return it.,Negative
5337,I think this item seems subpar. Very frustrated.,Negative
5338,I think customer support feels awesome. Exceeded expectations.,Positive
5339,I think the design seems worst. Total waste of money.,Negative
5340,I think the quality seems mediocre. Serves its purpose.,Neutral
5341,Delivery feels amazing. Very satisfied.,Positive
5342,I think the product was dreadful. Will return it.,Negative
5343,The service proved to be awesome. Very satisfied.,Positive
5344,This item is very subpar. Will return it.,Negative
5345,The product looks somewhat superb. Highly recommended!,Positive
5346,Delivery proved to be quite brilliant. Highly recommended!,Positive
5347,The service proved to be truly wonderful. Very satisfied.,Positive
5348,Delivery proved to be extremely awesome. I love it.,Positive
5349,My experience is excellent. Exceeded expectations.,Positive
5350,The quality looks truly subpar. Do not buy.,Negative
5351,This item feels bad. I hate it.,Negative
5352,I think delivery was horrible. Total waste of money.,Negative
5353,"This item feels truly normal. Not bad, not great.",Neutral
5354,This item seems poor. Very frustrated.,Negative
5355,My experience was worst. Save your money.,Negative
5356,This item looks very bad. I hate it.,Negative
5357,I think the product is terrible. Do not buy.,Negative
5358,My experience proved to be worst. Total waste of money.,Negative
5359,"The product is very fine. Not bad, not great.",Neutral
5360,This item looks acceptable. Serves its purpose.,Neutral
5361,The packaging seems truly worst. Total waste of money.,Negative
5362,The quality is average. As expected.,Neutral
5363,I think the packaging looks subpar. Total waste of money.,Negative
5364,The product looks somewhat regular. It does the job.,Neutral
5365,Customer support looks totally worst. I hate it.,Negative
5366,I think delivery proved to be bad. Save your money.,Negative
5367,This item proved to be very stellar. Exceeded expectations.,Positive
5368,I think delivery looks poor. Save your money.,Negative
5369,I think the price is fair. Serves its purpose.,Neutral
5370,I think the product feels regular. It does the job.,Neutral
5371,I think the design was brilliant. Will buy again.,Positive
5372,I think customer support was regular. As expected.,Neutral
5373,I think the quality was poor. Very frustrated.,Negative
5374,My experience is extremely excellent. Highly recommended!,Positive
5375,The design proved to be very subpar. Do not buy.,Negative
5376,The quality seems quite perfect. Very satisfied.,Positive
5377,Customer support proved to be very fantastic. Exceeded expectations.,Positive
5378,I think the quality proved to be terrible. Save your money.,Negative
5379,The quality seems totally horrible. Do not buy.,Negative
5380,I think the design feels worst. Save your money.,Negative
5381,My experience is fairly awful. I hate it.,Negative
5382,My experience is completely horrible. Save your money.,Negative
5383,The product is really brilliant. Best purchase ever.,Positive
5384,Delivery was useless. Do not buy.,Negative
5385,I think the quality feels okay. It does the job.,Neutral
5386,The quality proved to be stellar. Best purchase ever.,Positive
5387,I think the quality feels worst. I hate it.,Negative
5388,"Customer support proved to be very average. Not bad, not great.",Neutral
5389,I think the product looks great. Highly recommended!,Positive
5390,The service was totally perfect. Exceeded expectations.,Positive
5391,"The product was totally fine. Not bad, not great.",Neutral
5392,My experience is totally brilliant. Best purchase ever.,Positive
5393,I think delivery proved to be great. Exceeded expectations.,Neutral
5394,I think delivery looks fantastic. Highly recommended!,Positive
5395,My experience was totally poor. Total waste of money.,Negative
5396,I think the design feels dreadful. Total waste of money.,Negative
5397,The packaging proved to be quite disappointing. I hate it.,Negative
5398,The product feels perfect. Will buy again.,Positive
5399,I think the design was brilliant. Exceeded expectations.,Positive
5400,"I think the product is typical. Not bad, not great.",Neutral
5401,I think the packaging seems perfect. Exceeded expectations.,Positive
5402,My experience is really excellent. Best purchase ever.,Positive
5403,The price seems superb. Very satisfied.,Positive
5404,I think the product seems poor. Total waste of money.,Negative
5405,I think customer support looks fair. Serves its purpose.,Neutral
5406,The packaging proved to be brilliant. Exceeded expectations.,Positive
5407,My experience proved to be perfect. I love it.,Positive
5408,I think delivery seems stellar. Will buy again.,Positive
5409,My experience feels totally brilliant. Highly recommended!,Positive
5410,I think the packaging is perfect. Will buy again.,Positive
5411,The service looks great. I love it.,Positive
5412,The product proved to be truly standard. Serves its purpose.,Neutral
5413,My experience looks disappointing. Do not buy.,Negative
5414,The service seems wonderful. Highly recommended!,Positive
5415,This item seems wonderful. Highly recommended!,Positive
5416,The quality proved to be really excellent. I love it.,Positive
5417,The product looks horrible. Will return it.,Negative
5418,This item feels totally okay. It does the job.,Neutral
5419,I think the design was disappointing. Save your money.,Negative
5420,I think this item seems horrible. Will return it.,Negative
5421,I think my experience looks worst. Do not buy.,Neutral
5422,The price seems very stellar. Very satisfied.,Positive
5423,The design feels worst. Save your money.,Negative
5424,This item was terrible. Do not buy.,Negative
5425,My experience feels amazing. Exceeded expectations.,Positive
5426,This item looks awesome. I love it.,Positive
5427,My experience looks awesome. I love it.,Positive
5428,Customer support feels superb. Very satisfied.,Positive
5429,"The product looks truly normal. Not bad, not great.",Neutral
5430,The price feels terrible. Will return it.,Negative
5431,I think the design was awesome. Will buy again.,Positive
5432,I think my experience looks perfect. Exceeded expectations.,Positive
5433,I think customer support proved to be bad. Will return it.,Negative
5434,The packaging looks truly great. Very satisfied.,Positive
5435,The price looks awesome. I love it.,Positive
5436,I think the packaging proved to be excellent. Exceeded expectations.,Positive
5437,The service looks fairly fine. Might buy again.,Neutral
5438,This item looks fairly standard. Might buy again.,Neutral
5439,I think the price was fine. Might buy again.,Neutral
5440,"I think the packaging is regular. Not bad, not great.",Neutral
5441,This item looks average. Serves its purpose.,Neutral
5442,I think customer support seems amazing. Will buy again.,Positive
5443,The quality is great. Will buy again.,Positive
5444,This item proved to be quite terrible. Will return it.,Negative
5445,Customer support seems quite superb. Exceeded expectations.,Positive
5446,The design looks quite subpar. Very frustrated.,Negative
5447,I think this item is horrible. Save your money.,Negative
5448,The price is okay. Serves its purpose.,Neutral
5449,The design feels really brilliant. I love it.,Positive
5450,I think the price proved to be fine. Might buy again.,Neutral
5451,The service was great. Highly recommended!,Positive
5452,"I think the design is normal. Not bad, not great.",Neutral
5453,I think the price was great. Very satisfied.,Positive
5454,The price feels horrible. Do not buy.,Negative
5455,The service seems terrible. Total waste of money.,Negative
5456,The design seems completely poor. I hate it.,Negative
5457,Delivery proved to be somewhat wonderful. I love it.,Negative
5458,The design seems terrible. Total waste of money.,Negative
5459,The quality looks totally disappointing. Will return it.,Positive
5460,The price is fairly disappointing. Save your money.,Negative
5461,I think the packaging looks brilliant. Best purchase ever.,Positive
5462,Delivery feels awful. Do not buy.,Negative
5463,The design seems typical. Serves its purpose.,Neutral
5464,The packaging seems awesome. Best purchase ever.,Positive
5465,I think the packaging was stellar. Best purchase ever.,Positive
5466,I think customer support is awful. Save your money.,Negative
5467,The service feels bad. Will return it.,Negative
5468,Delivery seems disappointing. Very frustrated.,Negative
5469,I think the service looks stellar. I love it.,Positive
5470,The price proved to be stellar. I love it.,Positive
5471,I think the price was horrible. Save your money.,Positive
5472,I think my experience is excellent. Very satisfied.,Positive
5473,Customer support feels fairly horrible. Total waste of money.,Negative
5474,I think the design is great. Very satisfied.,Positive
5475,I think this item proved to be awful. Do not buy.,Negative
5476,Delivery proved to be okay. Serves its purpose.,Neutral
5477,My experience seems fantastic. Best purchase ever.,Positive
5478,The packaging is dreadful. I hate it.,Negative
5479,I think the design is mediocre. Might buy again.,Neutral
5480,Customer support is superb. Very satisfied.,Positive
5481,I think the quality is superb. Best purchase ever.,Positive
5482,The quality proved to be excellent. Exceeded expectations.,Negative
5483,The quality proved to be typical. Might buy again.,Neutral
5484,I think the product was awesome. Highly recommended!,Positive
5485,The service is really stellar. Will buy again.,Positive
5486,The design proved to be terrible. Total waste of money.,Negative
5487,The product seems wonderful. Very satisfied.,Negative
5488,The quality looks stellar. Very satisfied.,Positive
5489,I think the packaging is amazing. Very satisfied.,Positive
5490,Customer support was extremely brilliant. Highly recommended!,Positive
5491,The service was mediocre. Nothing special.,Neutral
5492,The packaging feels fairly poor. Total waste of money.,Negative
5493,Customer support seems quite disappointing. Save your money.,Negative
5494,The quality was somewhat mediocre. It does the job.,Neutral
5495,This item seems fairly awesome. Exceeded expectations.,Positive
5496,This item seems fairly awful. Do not buy.,Negative
5497,I think this item seems useless. Very frustrated.,Negative
5498,The price was dreadful. Very frustrated.,Negative
5499,The design feels terrible. Very frustrated.,Negative
5500,"My experience feels totally typical. Not bad, not great.",Neutral
5501,The service is somewhat fine. Nothing special.,Neutral
5502,Delivery seems truly perfect. Highly recommended!,Positive
5503,The product proved to be terrible. I hate it.,Negative
5504,The packaging is perfect. Highly recommended!,Positive
5505,My experience looks brilliant. Highly recommended!,Positive
5506,I think this item proved to be regular. It does the job.,Neutral
5507,I think the service feels normal. Serves its purpose.,Neutral
5508,I think the service feels standard. Nothing special.,Neutral
5509,The packaging feels perfect. Very satisfied.,Positive
5510,I think the price looks perfect. Highly recommended!,Neutral
5511,I think the packaging feels superb. Best purchase ever.,Negative
5512,I think this item seems fine. It does the job.,Neutral
5513,The design seems completely awesome. Highly recommended!,Positive
5514,The quality is fairly typical. As expected.,Neutral
5515,I think the quality seems superb. Highly recommended!,Positive
5516,The quality is very excellent. Very satisfied.,Positive
5517,Delivery proved to be quite disappointing. Do not buy.,Negative
5518,The product proved to be absolutely wonderful. I love it.,Positive
5519,I think the product is regular. It does the job.,Positive
5520,This item is extremely dreadful. I hate it.,Negative
5521,The product feels really great. Best purchase ever.,Positive
5522,The service was fairly brilliant. Very satisfied.,Positive
5523,This item looks quite excellent. Exceeded expectations.,Positive
5524,I think the service seems brilliant. I love it.,Positive
5525,I think customer support seems awesome. Exceeded expectations.,Positive
5526,I think delivery feels okay. Nothing special.,Neutral
5527,The quality seems quite superb. Highly recommended!,Positive
5528,The design is worst. I hate it.,Negative
5529,The product was average. As expected.,Neutral
5530,Customer support seems extremely amazing. Will buy again.,Positive
5531,The quality was somewhat dreadful. Total waste of money.,Negative
5532,I think the service proved to be average. It does the job.,Neutral
5533,The price proved to be completely poor. Save your money.,Negative
5534,The price seems completely dreadful. Do not buy.,Negative
5535,This item proved to be fantastic. Best purchase ever.,Positive
5536,I think the price is mediocre. Serves its purpose.,Neutral
5537,The price seems stellar. Best purchase ever.,Positive
5538,The product proved to be really worst. Total waste of money.,Negative
5539,The product was totally poor. I hate it.,Negative
5540,The service proved to be worst. Will return it.,Negative
5541,The product was absolutely awesome. Will buy again.,Positive
5542,I think my experience looks typical. It does the job.,Neutral
5543,I think the packaging is useless. Do not buy.,Negative
5544,The quality feels awesome. Best purchase ever.,Positive
5545,I think the packaging was standard. It does the job.,Neutral
5546,The service looks somewhat perfect. Best purchase ever.,Positive
5547,I think the quality proved to be fine. It does the job.,Neutral
5548,I think the price proved to be excellent. Very satisfied.,Positive
5549,The service was somewhat typical. Nothing special.,Neutral
5550,I think the packaging seems horrible. Save your money.,Neutral
5551,I think the packaging seems perfect. Will buy again.,Positive
5552,I think the quality proved to be excellent. Will buy again.,Positive
5553,I think my experience proved to be useless. I hate it.,Negative
5554,I think this item is horrible. Total waste of money.,Positive
5555,I think the quality proved to be horrible. Will return it.,Negative
5556,I think this item looks stellar. Very satisfied.,Positive
5557,The price proved to be fairly terrible. Do not buy.,Negative
5558,I think customer support was disappointing. I hate it.,Negative
5559,I think delivery was standard. As expected.,Neutral
5560,I think the service feels useless. Do not buy.,Negative
5561,The packaging is truly terrible. Will return it.,Negative
5562,This item was totally dreadful. Do not buy.,Negative
5563,This item was really typical. As expected.,Neutral
5564,This item was really fantastic. Highly recommended!,Positive
5565,The quality seems wonderful. I love it.,Positive
5566,The price looks extremely superb. Will buy again.,Positive
5567,Delivery feels extremely subpar. Will return it.,Negative
5568,The quality proved to be truly superb. Exceeded expectations.,Positive
5569,Customer support feels disappointing. I hate it.,Negative
5570,This item is typical. As expected.,Neutral
5571,The product feels extremely poor. Save your money.,Negative
5572,My experience seems horrible. I hate it.,Negative
5573,The design looks absolutely awful. I hate it.,Negative
5574,The packaging looks awful. I hate it.,Negative
5575,The service seems brilliant. Will buy again.,Positive
5576,I think the quality proved to be stellar. Highly recommended!,Positive
5577,My experience is fairly poor. Do not buy.,Negative
5578,The quality looks totally awful. Will return it.,Negative
5579,The design looks excellent. Very satisfied.,Positive
5580,I think customer support feels disappointing. Will return it.,Negative
5581,"The design seems typical. Not bad, not great.",Neutral
5582,The service feels truly regular. Might buy again.,Neutral
5583,The design feels okay. As expected.,Neutral
5584,I think my experience proved to be poor. Total waste of money.,Negative
5585,The price feels quite disappointing. Will return it.,Negative
5586,The design is terrible. I hate it.,Negative
5587,I think the product is bad. Will return it.,Negative
5588,I think the product is superb. Highly recommended!,Positive
5589,I think the price seems fair. Nothing special.,Neutral
5590,This item is wonderful. Will buy again.,Positive
5591,Delivery feels quite brilliant. Exceeded expectations.,Positive
5592,I think the service proved to be horrible. Save your money.,Neutral
5593,I think the packaging looks poor. I hate it.,Negative
5594,The quality seems bad. I hate it.,Negative
5595,Customer support feels excellent. Will buy again.,Positive
5596,Customer support proved to be horrible. Will return it.,Positive
5597,The price was disappointing. Will return it.,Negative
5598,The design feels fairly terrible. Save your money.,Negative
5599,I think delivery is horrible. I hate it.,Negative
5600,I think the service seems perfect. Best purchase ever.,Positive
5601,Customer support proved to be poor. Save your money.,Negative
5602,The price looks extremely fine. It does the job.,Neutral
5603,I think customer support seems dreadful. Will return it.,Negative
5604,I think my experience proved to be awful. Save your money.,Negative
5605,Delivery feels perfect. Best purchase ever.,Positive
5606,The design was standard. It does the job.,Neutral
5607,I think customer support proved to be fantastic. Very satisfied.,Positive
5608,I think my experience proved to be acceptable. Might buy again.,Neutral
5609,The product looks terrible. I hate it.,Negative
5610,The service was standard. As expected.,Negative
5611,The price looks completely fine. Nothing special.,Neutral
5612,The price is bad. Very frustrated.,Neutral
5613,Customer support looks subpar. Total waste of money.,Negative
5614,The price seems disappointing. Save your money.,Negative
5615,The packaging seems absolutely perfect. Exceeded expectations.,Positive
5616,I think the service was poor. Save your money.,Negative
5617,I think customer support was superb. Very satisfied.,Positive
5618,This item feels quite stellar. Will buy again.,Positive
5619,Delivery feels very average. As expected.,Neutral
5620,The product feels totally fantastic. Will buy again.,Positive
5621,I think the price was typical. Might buy again.,Neutral
5622,The packaging seems very standard. Nothing special.,Neutral
5623,This item feels quite awful. Do not buy.,Negative
5624,I think the service was amazing. Highly recommended!,Positive
5625,The design is disappointing. I hate it.,Negative
5626,Delivery is awful. Very frustrated.,Negative
5627,The service is extremely amazing. Best purchase ever.,Positive
5628,The product is fine. It does the job.,Neutral
5629,"The quality seems really fine. Not bad, not great.",Neutral
5630,I think delivery looks wonderful. Highly recommended!,Positive
5631,I think delivery looks bad. Total waste of money.,Negative
5632,The product seems terrible. Save your money.,Negative
5633,I think delivery proved to be bad. Very frustrated.,Negative
5634,The product feels superb. Very satisfied.,Positive
5635,This item seems awful. Do not buy.,Negative
5636,Delivery looks truly disappointing. Will return it.,Negative
5637,I think the quality looks worst. Very frustrated.,Negative
5638,Customer support feels superb. Exceeded expectations.,Positive
5639,The design is wonderful. I love it.,Positive
5640,The quality was perfect. Highly recommended!,Positive
5641,I think the packaging proved to be poor. Do not buy.,Negative
5642,"I think the packaging looks okay. Not bad, not great.",Neutral
5643,I think customer support feels terrible. Very frustrated.,Negative
5644,I think the packaging proved to be disappointing. I hate it.,Negative
5645,The price was totally horrible. Will return it.,Negative
5646,The packaging looks awesome. Highly recommended!,Positive
5647,I think customer support looks bad. Save your money.,Negative
5648,I think customer support was stellar. Very satisfied.,Positive
5649,This item feels very horrible. Total waste of money.,Negative
5650,"Delivery was normal. Not bad, not great.",Neutral
5651,I think customer support was dreadful. Very frustrated.,Negative
5652,Customer support is superb. Best purchase ever.,Positive
5653,I think delivery feels perfect. Highly recommended!,Positive
5654,My experience looks absolutely acceptable. Might buy again.,Neutral
5655,The quality proved to be awesome. Exceeded expectations.,Positive
5656,This item looks mediocre. It does the job.,Neutral
5657,This item feels extremely terrible. Will return it.,Negative
5658,The packaging proved to be totally awesome. Exceeded expectations.,Positive
5659,Customer support proved to be quite amazing. Exceeded expectations.,Positive
5660,Delivery looks wonderful. Will buy again.,Positive
5661,I think the service seems standard. Might buy again.,Positive
5662,Delivery is subpar. Save your money.,Negative
5663,This item is fairly fantastic. Exceeded expectations.,Positive
5664,Customer support was very superb. Very satisfied.,Positive
5665,My experience feels fairly dreadful. Save your money.,Negative
5666,I think the product looks poor. Will return it.,Negative
5667,The price feels very wonderful. Highly recommended!,Positive
5668,The quality was fairly horrible. Save your money.,Negative
5669,The design was extremely great. Will buy again.,Positive
5670,The product was completely fine. Serves its purpose.,Neutral
5671,This item looks fair. Might buy again.,Neutral
5672,The product is fairly fantastic. I love it.,Positive
5673,The product feels disappointing. Will return it.,Negative
5674,I think delivery feels dreadful. Very frustrated.,Negative
5675,I think my experience proved to be worst. Save your money.,Negative
5676,I think my experience seems acceptable. Might buy again.,Neutral
5677,I think this item proved to be poor. Very frustrated.,Negative
5678,I think my experience feels typical. As expected.,Neutral
5679,The price seems fairly bad. Do not buy.,Negative
5680,The packaging was awful. Total waste of money.,Negative
5681,The product feels completely perfect. Very satisfied.,Positive
5682,Customer support is subpar. Total waste of money.,Positive
5683,This item seems normal. It does the job.,Neutral
5684,The service is okay. Nothing special.,Neutral
5685,I think the quality looks acceptable. Might buy again.,Neutral
5686,Delivery is quite amazing. Highly recommended!,Positive
5687,The packaging proved to be brilliant. Exceeded expectations.,Positive
5688,The price looks totally awful. Will return it.,Negative
5689,The price seems truly okay. It does the job.,Neutral
5690,I think this item proved to be terrible. Do not buy.,Negative
5691,The packaging seems stellar. Very satisfied.,Positive
5692,The product seems fantastic. Exceeded expectations.,Positive
5693,I think the design seems worst. Do not buy.,Negative
5694,I think customer support was perfect. Highly recommended!,Positive
5695,Delivery looks fantastic. Highly recommended!,Positive
5696,The product proved to be terrible. Very frustrated.,Neutral
5697,Customer support looks poor. Total waste of money.,Negative
5698,The design feels disappointing. Do not buy.,Negative
5699,The quality proved to be perfect. Exceeded expectations.,Positive
5700,I think the price was standard. It does the job.,Positive
5701,I think the quality proved to be worst. I hate it.,Negative
5702,The product seems stellar. Will buy again.,Positive
5703,"I think this item feels typical. Not bad, not great.",Neutral
5704,This item proved to be average. Serves its purpose.,Neutral
5705,I think the quality looks worst. Will return it.,Negative
5706,My experience feels perfect. Best purchase ever.,Positive
5707,I think the quality was fantastic. Best purchase ever.,Positive
5708,The price seems really awesome. Best purchase ever.,Positive
5709,The design looks wonderful. Exceeded expectations.,Positive
5710,Delivery proved to be truly excellent. I love it.,Positive
5711,The packaging looks truly great. Highly recommended!,Positive
5712,The price is fairly superb. Exceeded expectations.,Positive
5713,This item is truly worst. Very frustrated.,Negative
5714,The service was great. Highly recommended!,Positive
5715,I think the product looks worst. Total waste of money.,Negative
5716,I think the service was average. Nothing special.,Neutral
5717,I think the price proved to be subpar. Do not buy.,Negative
5718,This item was typical. Might buy again.,Positive
5719,My experience proved to be subpar. I hate it.,Negative
5720,The design proved to be somewhat poor. Do not buy.,Negative
5721,This item is really okay. Might buy again.,Neutral
5722,I think the packaging looks stellar. Exceeded expectations.,Positive
5723,The quality feels somewhat perfect. I love it.,Positive
5724,I think my experience proved to be terrible. Very frustrated.,Negative
5725,The design seems extremely bad. Total waste of money.,Negative
5726,Customer support looks bad. Do not buy.,Negative
5727,The service feels wonderful. Best purchase ever.,Positive
5728,This item is very useless. Save your money.,Negative
5729,The quality looks totally typical. Nothing special.,Negative
5730,This item is truly amazing. Will buy again.,Positive
5731,My experience proved to be quite superb. I love it.,Positive
5732,My experience is fair. Nothing special.,Neutral
5733,I think the price proved to be wonderful. Exceeded expectations.,Positive
5734,The design feels average. Serves its purpose.,Neutral
5735,I think the price is great. Highly recommended!,Positive
5736,I think my experience proved to be great. Best purchase ever.,Positive
5737,The quality seems regular. Nothing special.,Neutral
5738,I think customer support looks dreadful. Will return it.,Negative
5739,This item was average. Might buy again.,Neutral
5740,This item proved to be quite average. Nothing special.,Neutral
5741,The service looks extremely fair. Might buy again.,Neutral
5742,The packaging was subpar. Save your money.,Negative
5743,The design was excellent. Will buy again.,Positive
5744,I think delivery proved to be wonderful. I love it.,Positive
5745,"I think the service feels average. Not bad, not great.",Neutral
5746,This item seems regular. Might buy again.,Neutral
5747,This item looks somewhat dreadful. Very frustrated.,Negative
5748,I think the service feels disappointing. Total waste of money.,Negative
5749,The quality was stellar. Highly recommended!,Positive
5750,I think the service seems useless. Total waste of money.,Negative
5751,I think the packaging proved to be okay. As expected.,Neutral
5752,I think the quality is perfect. Will buy again.,Positive
5753,"The quality proved to be average. Not bad, not great.",Neutral
5754,Customer support proved to be really poor. Save your money.,Negative
5755,I think customer support proved to be subpar. Save your money.,Negative
5756,My experience was quite stellar. Will buy again.,Positive
5757,The design feels quite horrible. Do not buy.,Negative
5758,I think the product looks fine. It does the job.,Neutral
5759,I think delivery proved to be subpar. Total waste of money.,Negative
5760,I think the packaging proved to be useless. Save your money.,Neutral
5761,I think this item is dreadful. Save your money.,Negative
5762,Delivery seems average. Serves its purpose.,Neutral
5763,Customer support feels bad. Total waste of money.,Negative
5764,The design is totally excellent. Best purchase ever.,Positive
5765,The service is disappointing. Save your money.,Negative
5766,The service feels superb. Exceeded expectations.,Positive
5767,I think the quality seems dreadful. I hate it.,Negative
5768,The design proved to be totally superb. I love it.,Positive
5769,The design feels wonderful. Exceeded expectations.,Positive
5770,My experience seems really perfect. Highly recommended!,Positive
5771,The product feels fantastic. Best purchase ever.,Positive
5772,The product proved to be really useless. Do not buy.,Negative
5773,The product looks fairly amazing. I love it.,Positive
5774,Delivery was brilliant. Very satisfied.,Positive
5775,The design proved to be subpar. Total waste of money.,Negative
5776,I think my experience was terrible. Save your money.,Negative
5777,The quality is useless. Save your money.,Negative
5778,My experience feels perfect. Highly recommended!,Positive
5779,"I think my experience is average. Not bad, not great.",Neutral
5780,I think my experience was fantastic. I love it.,Positive
5781,I think customer support seems excellent. Highly recommended!,Positive
5782,The design seems fairly wonderful. Very satisfied.,Positive
5783,I think the product is fine. As expected.,Negative
5784,The product is stellar. Will buy again.,Positive
5785,I think the price was excellent. Highly recommended!,Positive
5786,The service looks awesome. Very satisfied.,Positive
5787,I think the design proved to be useless. Save your money.,Negative
5788,I think the design was worst. I hate it.,Negative
5789,Customer support is absolutely useless. Do not buy.,Negative
5790,I think the service proved to be standard. As expected.,Neutral
5791,The product looks subpar. Will return it.,Negative
5792,The design seems quite perfect. Will buy again.,Positive
5793,I think delivery seems dreadful. Total waste of money.,Negative
5794,Customer support feels fantastic. Will buy again.,Positive
5795,I think the design proved to be fantastic. Very satisfied.,Positive
5796,I think customer support looks worst. Save your money.,Negative
5797,I think the quality seems awful. Total waste of money.,Negative
5798,Delivery was completely fantastic. I love it.,Positive
5799,This item is very awesome. I love it.,Positive
5800,I think customer support looks excellent. Exceeded expectations.,Positive
5801,Delivery seems useless. Total waste of money.,Negative
5802,The packaging looks totally worst. Save your money.,Negative
5803,The product is really worst. Will return it.,Negative
5804,My experience is somewhat normal. Might buy again.,Neutral
5805,The price is useless. I hate it.,Negative
5806,My experience is poor. Do not buy.,Negative
5807,This item seems poor. Save your money.,Negative
5808,The packaging looks standard. As expected.,Neutral
5809,I think the quality proved to be poor. Will return it.,Negative
5810,I think the product is horrible. Very frustrated.,Negative
5811,The service feels very subpar. Total waste of money.,Negative
5812,The quality is truly fantastic. I love it.,Positive
5813,Delivery proved to be great. Exceeded expectations.,Positive
5814,The design was fantastic. Highly recommended!,Positive
5815,The quality proved to be extremely great. I love it.,Positive
5816,This item looks absolutely fine. Might buy again.,Neutral
5817,This item looks amazing. Best purchase ever.,Positive
5818,The price is completely fair. It does the job.,Neutral
5819,My experience is totally excellent. Highly recommended!,Positive
5820,The packaging was very stellar. Very satisfied.,Positive
5821,The packaging is worst. Very frustrated.,Negative
5822,I think this item feels fine. Serves its purpose.,Neutral
5823,The price feels wonderful. I love it.,Positive
5824,This item is wonderful. Highly recommended!,Positive
5825,I think the service feels terrible. Very frustrated.,Neutral
5826,I think the service seems perfect. Highly recommended!,Positive
5827,I think the quality is great. Will buy again.,Positive
5828,The product proved to be extremely horrible. Will return it.,Negative
5829,The service seems somewhat acceptable. Might buy again.,Neutral
5830,My experience was completely superb. Will buy again.,Positive
5831,Customer support is very okay. Serves its purpose.,Positive
5832,The product feels really excellent. I love it.,Positive
5833,I think the design was brilliant. Exceeded expectations.,Positive
5834,I think the quality is worst. Will return it.,Negative
5835,I think the price looks awesome. I love it.,Positive
5836,The quality looks useless. Will return it.,Negative
5837,Customer support is great. Best purchase ever.,Positive
5838,The price looks really awesome. Highly recommended!,Positive
5839,Delivery feels subpar. Save your money.,Negative
5840,Delivery is very terrible. Total waste of money.,Negative
5841,The packaging proved to be extremely stellar. Exceeded expectations.,Positive
5842,The quality proved to be disappointing. Save your money.,Negative
5843,The price seems awesome. I love it.,Positive
5844,The packaging looks subpar. Will return it.,Neutral
5845,My experience seems bad. Save your money.,Negative
5846,"My experience was fairly normal. Not bad, not great.",Positive
5847,The price seems fairly brilliant. Exceeded expectations.,Positive
5848,Customer support is fair. It does the job.,Neutral
5849,The packaging looks dreadful. I hate it.,Negative
5850,The service was okay. It does the job.,Neutral
5851,I think the design seems okay. Nothing special.,Positive
5852,The product seems fairly brilliant. Exceeded expectations.,Positive
5853,I think the design looks disappointing. I hate it.,Negative
5854,My experience looks superb. Will buy again.,Neutral
5855,I think the quality seems bad. Very frustrated.,Negative
5856,The quality looks totally bad. I hate it.,Negative
5857,Delivery is excellent. Will buy again.,Positive
5858,Delivery seems totally excellent. Very satisfied.,Positive
5859,I think the product seems poor. Do not buy.,Negative
5860,My experience is extremely excellent. Very satisfied.,Positive
5861,The packaging is fairly typical. It does the job.,Neutral
5862,My experience proved to be perfect. Best purchase ever.,Positive
5863,I think the service seems stellar. I love it.,Positive
5864,Customer support proved to be truly horrible. Total waste of money.,Negative
5865,Delivery seems horrible. Very frustrated.,Negative
5866,The service is awful. Total waste of money.,Negative
5867,I think delivery is stellar. Highly recommended!,Positive
5868,The price was very worst. I hate it.,Negative
5869,Delivery feels terrible. Total waste of money.,Negative
5870,I think this item is amazing. Exceeded expectations.,Positive
5871,The design proved to be completely disappointing. Very frustrated.,Negative
5872,The price was really regular. Nothing special.,Neutral
5873,The packaging was totally brilliant. I love it.,Positive
5874,The price is quite dreadful. I hate it.,Negative
5875,The packaging is quite wonderful. Will buy again.,Positive
5876,I think customer support looks worst. Very frustrated.,Negative
5877,I think the packaging was worst. Will return it.,Negative
5878,The packaging proved to be quite acceptable. Might buy again.,Neutral
5879,I think the service looks stellar. I love it.,Positive
5880,I think the service was awful. Save your money.,Negative
5881,I think the price is amazing. Very satisfied.,Positive
5882,I think the product feels poor. Very frustrated.,Negative
5883,The design looks subpar. I hate it.,Negative
5884,Delivery was excellent. Very satisfied.,Positive
5885,The service feels average. As expected.,Neutral
5886,This item was excellent. Best purchase ever.,Positive
5887,I think the packaging was stellar. Exceeded expectations.,Positive
5888,The product is completely brilliant. I love it.,Positive
5889,I think the design feels awful. Will return it.,Negative
5890,I think customer support was terrible. Will return it.,Negative
5891,My experience is totally horrible. I hate it.,Negative
5892,The quality is truly fair. Serves its purpose.,Neutral
5893,I think my experience was okay. Serves its purpose.,Neutral
5894,Delivery seems very superb. Exceeded expectations.,Positive
5895,I think the packaging was fantastic. Will buy again.,Positive
5896,Delivery proved to be extremely standard. As expected.,Neutral
5897,The price feels quite standard. It does the job.,Neutral
5898,The packaging proved to be awesome. Will buy again.,Positive
5899,I think customer support was wonderful. Very satisfied.,Positive
5900,The design seems useless. Do not buy.,Negative
5901,I think the product is stellar. Best purchase ever.,Positive
5902,The price feels subpar. I hate it.,Negative
5903,Delivery is amazing. Very satisfied.,Positive
5904,The design looks fair. It does the job.,Neutral
5905,This item seems fairly normal. Serves its purpose.,Neutral
5906,I think the product is dreadful. Do not buy.,Negative
5907,This item proved to be perfect. Exceeded expectations.,Positive
5908,I think delivery was typical. As expected.,Neutral
5909,I think the product is awful. Will return it.,Negative
5910,I think the price was horrible. I hate it.,Negative
5911,The service is subpar. Total waste of money.,Negative
5912,The price looks completely wonderful. I love it.,Positive
5913,Delivery was amazing. Exceeded expectations.,Positive
5914,The quality is very perfect. Exceeded expectations.,Positive
5915,I think the service seems brilliant. Best purchase ever.,Positive
5916,I think the service feels amazing. Very satisfied.,Positive
5917,I think delivery feels mediocre. As expected.,Neutral
5918,This item seems typical. Serves its purpose.,Neutral
5919,The packaging was extremely brilliant. Will buy again.,Positive
5920,The packaging is truly excellent. Very satisfied.,Positive
5921,I think the design feels superb. Will buy again.,Positive
5922,My experience is subpar. I hate it.,Negative
5923,I think customer support is stellar. Highly recommended!,Positive
5924,"Delivery was very typical. Not bad, not great.",Neutral
5925,The design seems somewhat mediocre. It does the job.,Neutral
5926,The quality looks somewhat wonderful. Very satisfied.,Positive
5927,"I think the service proved to be fine. Not bad, not great.",Neutral
5928,I think the packaging proved to be average. It does the job.,Neutral
5929,The packaging looks fantastic. Very satisfied.,Positive
5930,The quality seems bad. Will return it.,Negative
5931,I think delivery seems perfect. Exceeded expectations.,Positive
5932,Delivery was fairly superb. I love it.,Positive
5933,I think my experience proved to be brilliant. Very satisfied.,Positive
5934,I think the design proved to be okay. It does the job.,Neutral
5935,I think the service seems subpar. I hate it.,Negative
5936,The quality feels somewhat brilliant. Very satisfied.,Positive
5937,The design looks totally horrible. Do not buy.,Negative
5938,I think the product was brilliant. Will buy again.,Positive
5939,I think customer support is stellar. Very satisfied.,Positive
5940,I think customer support feels great. Will buy again.,Positive
5941,The packaging looks very disappointing. I hate it.,Negative
5942,The price is absolutely excellent. Highly recommended!,Positive
5943,The service was awesome. I love it.,Positive
5944,Customer support is really wonderful. Will buy again.,Positive
5945,I think delivery was typical. Serves its purpose.,Neutral
5946,The service proved to be brilliant. Will buy again.,Positive
5947,Delivery is acceptable. As expected.,Neutral
5948,The quality is fairly fantastic. Will buy again.,Positive
5949,Delivery is fairly disappointing. Do not buy.,Positive
5950,I think the quality feels excellent. Exceeded expectations.,Positive
5951,I think the packaging feels perfect. Will buy again.,Positive
5952,The service seems stellar. Very satisfied.,Positive
5953,I think the service looks disappointing. Total waste of money.,Negative
5954,The product was truly excellent. I love it.,Negative
5955,I think the packaging is great. Highly recommended!,Positive
5956,The packaging proved to be terrible. Save your money.,Negative
5957,I think this item is subpar. Very frustrated.,Negative
5958,I think my experience looks bad. Do not buy.,Negative
5959,The packaging was fair. Nothing special.,Neutral
5960,The price is quite horrible. Very frustrated.,Negative
5961,The service feels quite stellar. Exceeded expectations.,Positive
5962,This item looks truly perfect. Exceeded expectations.,Positive
5963,The price seems standard. Nothing special.,Neutral
5964,The quality was somewhat excellent. I love it.,Positive
5965,My experience was absolutely great. Will buy again.,Positive
5966,I think the product was disappointing. Will return it.,Negative
5967,The service feels somewhat horrible. Do not buy.,Negative
5968,I think customer support was normal. Serves its purpose.,Neutral
5969,I think the packaging seems fair. Nothing special.,Neutral
5970,The quality seems great. Highly recommended!,Positive
5971,I think delivery proved to be worst. Save your money.,Negative
5972,Delivery proved to be completely wonderful. I love it.,Positive
5973,The product was completely fair. It does the job.,Neutral
5974,I think this item feels awesome. Exceeded expectations.,Positive
5975,I think my experience feels dreadful. Will return it.,Negative
5976,"The service proved to be fairly standard. Not bad, not great.",Neutral
5977,The price was terrible. Very frustrated.,Negative
5978,The service seems superb. Will buy again.,Positive
5979,The quality was wonderful. Very satisfied.,Positive
5980,I think the quality proved to be awesome. I love it.,Positive
5981,I think the packaging seems perfect. Exceeded expectations.,Positive
5982,I think this item feels bad. Will return it.,Negative
5983,Delivery was fairly superb. Exceeded expectations.,Positive
5984,The product is average. Nothing special.,Neutral
5985,I think my experience looks great. Exceeded expectations.,Positive
5986,The quality looks really excellent. Highly recommended!,Positive
5987,The price proved to be mediocre. Might buy again.,Neutral
5988,The product is very fine. Nothing special.,Neutral
5989,I think the quality looks wonderful. Best purchase ever.,Positive
5990,The price seems quite great. I love it.,Positive
5991,The service seems truly useless. Will return it.,Negative
5992,The service is excellent. Highly recommended!,Positive
5993,My experience was extremely subpar. Total waste of money.,Negative
5994,The product proved to be subpar. Save your money.,Negative
5995,The design looks completely superb. I love it.,Positive
5996,The service seems bad. Will return it.,Negative
5997,The price proved to be extremely horrible. I hate it.,Negative
5998,The packaging is great. I love it.,Positive
5999,The price proved to be great. Will buy again.,Positive
6000,The price looks really superb. Best purchase ever.,Positive
6001,The product is extremely horrible. I hate it.,Negative
6002,The quality feels brilliant. Best purchase ever.,Positive
6003,I think the service looks dreadful. Very frustrated.,Negative
6004,I think the product looks awful. Total waste of money.,Neutral
6005,The design looks extremely poor. Do not buy.,Negative
6006,The service is very mediocre. Nothing special.,Neutral
6007,I think the service looks superb. Exceeded expectations.,Positive
6008,My experience was great. Best purchase ever.,Positive
6009,"I think the service is acceptable. Not bad, not great.",Neutral
6010,I think the quality looks terrible. Total waste of money.,Negative
6011,Customer support seems great. Highly recommended!,Positive
6012,I think my experience is subpar. Do not buy.,Negative
6013,The packaging feels average. It does the job.,Neutral
6014,The price is absolutely great. Very satisfied.,Positive
6015,Delivery is mediocre. Nothing special.,Neutral
6016,I think the packaging proved to be standard. Might buy again.,Neutral
6017,The quality feels amazing. Exceeded expectations.,Positive
6018,The packaging looks very fair. Serves its purpose.,Neutral
6019,This item seems fairly great. Very satisfied.,Positive
6020,I think delivery proved to be dreadful. Save your money.,Negative
6021,Delivery proved to be stellar. Exceeded expectations.,Positive
6022,The product is absolutely horrible. I hate it.,Negative
6023,My experience was quite normal. It does the job.,Neutral
6024,I think the price feels bad. Save your money.,Negative
6025,The product feels very wonderful. I love it.,Positive
6026,My experience proved to be totally excellent. Very satisfied.,Positive
6027,I think the service seems awesome. Exceeded expectations.,Positive
6028,The quality is fairly stellar. Highly recommended!,Positive
6029,Customer support is really terrible. I hate it.,Negative
6030,The price seems somewhat regular. Serves its purpose.,Neutral
6031,Delivery was fairly okay. Nothing special.,Neutral
6032,The service is somewhat awesome. Exceeded expectations.,Positive
6033,The service feels bad. I hate it.,Negative
6034,The packaging proved to be totally awful. Very frustrated.,Negative
6035,I think the packaging seems average. As expected.,Neutral
6036,The product feels really normal. As expected.,Neutral
6037,I think customer support feels awesome. Will buy again.,Positive
6038,The service is normal. Might buy again.,Neutral
6039,The quality seems truly disappointing. Will return it.,Negative
6040,"I think delivery proved to be mediocre. Not bad, not great.",Neutral
6041,I think the product is subpar. Very frustrated.,Negative
6042,I think my experience looks acceptable. As expected.,Neutral
6043,I think this item is excellent. Exceeded expectations.,Positive
6044,I think my experience is excellent. I love it.,Positive
6045,The price looks really superb. Exceeded expectations.,Positive
6046,This item is extremely fair. It does the job.,Neutral
6047,The packaging seems very awesome. I love it.,Positive
6048,I think my experience proved to be useless. Do not buy.,Negative
6049,I think my experience was fine. As expected.,Neutral
6050,I think the packaging looks normal. Nothing special.,Neutral
6051,I think the design was superb. Best purchase ever.,Positive
6052,The price seems terrible. Total waste of money.,Negative
6053,I think the product feels acceptable. It does the job.,Neutral
6054,The product feels awful. Save your money.,Negative
6055,The packaging looks truly stellar. Exceeded expectations.,Positive
6056,Delivery seems terrible. Total waste of money.,Negative
6057,I think customer support is perfect. I love it.,Positive
6058,This item is worst. Very frustrated.,Negative
6059,The price was fair. Might buy again.,Neutral
6060,Customer support is fairly normal. Might buy again.,Positive
6061,The price is very awesome. Very satisfied.,Positive
6062,I think the packaging seems terrible. I hate it.,Negative
6063,The quality seems truly superb. Best purchase ever.,Positive
6064,"I think customer support proved to be fair. Not bad, not great.",Neutral
6065,The quality was quite poor. I hate it.,Negative
6066,This item is awesome. Best purchase ever.,Negative
6067,The quality proved to be disappointing. Total waste of money.,Negative
6068,I think delivery was horrible. Very frustrated.,Negative
6069,I think customer support looks normal. It does the job.,Neutral
6070,My experience looks truly poor. I hate it.,Negative
6071,The service looks amazing. Will buy again.,Positive
6072,I think my experience was fair. Nothing special.,Neutral
6073,The price looks extremely wonderful. Highly recommended!,Positive
6074,Customer support proved to be worst. I hate it.,Negative
6075,I think the price seems dreadful. Very frustrated.,Negative
6076,I think the product is superb. Exceeded expectations.,Positive
6077,My experience proved to be subpar. Very frustrated.,Negative
6078,I think the service seems poor. Total waste of money.,Neutral
6079,The price proved to be useless. Will return it.,Negative
6080,The packaging proved to be subpar. Will return it.,Negative
6081,The packaging feels mediocre. As expected.,Neutral
6082,I think my experience looks brilliant. Will buy again.,Positive
6083,The packaging proved to be totally poor. Total waste of money.,Negative
6084,The product seems disappointing. Total waste of money.,Negative
6085,Delivery feels absolutely awesome. Exceeded expectations.,Positive
6086,I think this item feels bad. Very frustrated.,Negative
6087,"The quality looks fine. Not bad, not great.",Neutral
6088,The price was excellent. Best purchase ever.,Positive
6089,I think this item looks amazing. Best purchase ever.,Positive
6090,Delivery was somewhat wonderful. Very satisfied.,Positive
6091,I think the price was stellar. Exceeded expectations.,Neutral
6092,The design looks wonderful. Highly recommended!,Positive
6093,The service seems truly awful. Save your money.,Negative
6094,This item proved to be acceptable. Serves its purpose.,Neutral
6095,Delivery proved to be regular. Nothing special.,Neutral
6096,Customer support was fairly fine. As expected.,Neutral
6097,Customer support seems totally wonderful. Best purchase ever.,Negative
6098,The packaging is fantastic. Best purchase ever.,Positive
6099,The product proved to be fantastic. Will buy again.,Positive
6100,The price looks completely amazing. Very satisfied.,Positive
6101,The price seems poor. I hate it.,Negative
6102,I think the service seems acceptable. Nothing special.,Neutral
6103,Customer support seems brilliant. Best purchase ever.,Positive
6104,The quality was fantastic. Best purchase ever.,Positive
6105,Delivery was completely stellar. Will buy again.,Positive
6106,This item feels normal. It does the job.,Neutral
6107,I think the product is amazing. Best purchase ever.,Positive
6108,Customer support feels stellar. Highly recommended!,Positive
6109,The service was great. Exceeded expectations.,Positive
6110,The quality proved to be fine. As expected.,Neutral
6111,I think the service feels subpar. Very frustrated.,Negative
6112,The service seems horrible. Do not buy.,Positive
6113,I think this item seems stellar. Will buy again.,Positive
6114,Delivery is awesome. Exceeded expectations.,Positive
6115,I think this item looks perfect. Very satisfied.,Positive
6116,The design was typical. It does the job.,Neutral
6117,"The service seems typical. Not bad, not great.",Neutral
6118,This item proved to be somewhat great. I love it.,Negative
6119,I think the quality seems awful. Do not buy.,Negative
6120,The quality seems really awful. Will return it.,Negative
6121,The quality is poor. Total waste of money.,Negative
6122,I think delivery feels worst. Do not buy.,Negative
6123,My experience proved to be truly perfect. Best purchase ever.,Neutral
6124,I think the packaging feels dreadful. Save your money.,Negative
6125,My experience is fair. Serves its purpose.,Neutral
6126,The quality was completely great. Very satisfied.,Positive
6127,I think the design proved to be acceptable. As expected.,Neutral
6128,My experience feels really perfect. Will buy again.,Positive
6129,My experience proved to be fairly excellent. I love it.,Positive
6130,I think the service proved to be horrible. Will return it.,Negative
6131,The quality was fairly standard. As expected.,Neutral
6132,The product is quite worst. Total waste of money.,Negative
6133,The price feels dreadful. I hate it.,Negative
6134,This item looks dreadful. Save your money.,Negative
6135,Delivery is awful. Total waste of money.,Negative
6136,"The design was totally average. Not bad, not great.",Neutral
6137,I think the product feels regular. Serves its purpose.,Negative
6138,The design was truly brilliant. Exceeded expectations.,Positive
6139,I think the design proved to be perfect. Will buy again.,Positive
6140,The quality seems standard. Serves its purpose.,Neutral
6141,The price feels awful. Very frustrated.,Negative
6142,I think customer support is fair. It does the job.,Positive
6143,The service is regular. Serves its purpose.,Neutral
6144,The packaging looks somewhat useless. Save your money.,Negative
6145,The quality is completely standard. Might buy again.,Neutral
6146,The service looks extremely horrible. Very frustrated.,Negative
6147,The design looks really okay. Might buy again.,Neutral
6148,My experience seems somewhat awful. I hate it.,Negative
6149,The quality feels brilliant. Best purchase ever.,Positive
6150,The service feels somewhat wonderful. Highly recommended!,Positive
6151,Customer support feels disappointing. Total waste of money.,Negative
6152,Delivery feels regular. It does the job.,Neutral
6153,I think the quality is awesome. I love it.,Positive
6154,Customer support looks totally horrible. Save your money.,Negative
6155,My experience was okay. Nothing special.,Neutral
6156,The quality seems excellent. Very satisfied.,Positive
6157,I think my experience proved to be poor. Very frustrated.,Negative
6158,I think my experience proved to be average. It does the job.,Neutral
6159,The design seems very disappointing. Save your money.,Negative
6160,I think customer support feels subpar. Very frustrated.,Negative
6161,The product feels absolutely worst. Save your money.,Negative
6162,The product proved to be great. Will buy again.,Positive
6163,"I think my experience is okay. Not bad, not great.",Neutral
6164,I think the quality is standard. As expected.,Neutral
6165,My experience is completely perfect. Very satisfied.,Positive
6166,The packaging proved to be stellar. Best purchase ever.,Positive
6167,Delivery seems normal. Serves its purpose.,Neutral
6168,My experience feels terrible. Do not buy.,Negative
6169,The service is quite awful. Total waste of money.,Negative
6170,The quality proved to be really typical. Might buy again.,Neutral
6171,I think the price looks bad. I hate it.,Negative
6172,I think my experience feels terrible. Very frustrated.,Negative
6173,The price seems totally brilliant. Highly recommended!,Positive
6174,Delivery looks superb. Best purchase ever.,Positive
6175,The product was absolutely poor. Will return it.,Positive
6176,I think this item seems stellar. Will buy again.,Positive
6177,Delivery seems fairly acceptable. Nothing special.,Neutral
6178,Delivery looks disappointing. Save your money.,Negative
6179,The packaging was wonderful. I love it.,Positive
6180,I think the quality feels standard. Might buy again.,Negative
6181,The product feels quite fantastic. Exceeded expectations.,Positive
6182,This item looks fairly fine. Serves its purpose.,Neutral
6183,Customer support seems fair. Might buy again.,Neutral
6184,The packaging feels great. Exceeded expectations.,Positive
6185,The service seems absolutely worst. Very frustrated.,Negative
6186,The design proved to be totally fantastic. Best purchase ever.,Positive
6187,I think the price proved to be worst. Do not buy.,Negative
6188,This item is absolutely worst. Very frustrated.,Positive
6189,My experience feels mediocre. Nothing special.,Neutral
6190,Customer support seems very normal. As expected.,Neutral
6191,Customer support looks totally wonderful. I love it.,Positive
6192,The service feels bad. Do not buy.,Negative
6193,The design proved to be worst. Total waste of money.,Negative
6194,I think customer support looks awful. Save your money.,Negative
6195,The packaging is horrible. Do not buy.,Negative
6196,I think the packaging looks bad. Do not buy.,Negative
6197,Delivery is excellent. Highly recommended!,Positive
6198,The packaging proved to be bad. Will return it.,Negative
6199,This item is dreadful. Total waste of money.,Negative
6200,The packaging proved to be horrible. Save your money.,Negative
6201,The quality feels perfect. Best purchase ever.,Positive
6202,Customer support is absolutely superb. Highly recommended!,Positive
6203,I think the service is poor. Very frustrated.,Negative
6204,The product proved to be completely bad. Will return it.,Negative
6205,Delivery looks stellar. Exceeded expectations.,Positive
6206,The service proved to be fantastic. Best purchase ever.,Positive
6207,The quality proved to be completely fantastic. I love it.,Positive
6208,Customer support looks awful. Do not buy.,Negative
6209,The quality is quite superb. Will buy again.,Positive
6210,I think the packaging was amazing. Will buy again.,Positive
6211,I think the price looks mediocre. It does the job.,Neutral
6212,The packaging proved to be useless. Save your money.,Positive
6213,Customer support is awesome. I love it.,Positive
6214,I think the service seems dreadful. Will return it.,Negative
6215,I think the packaging was okay. Might buy again.,Neutral
6216,I think delivery was regular. Nothing special.,Neutral
6217,I think the packaging seems poor. Very frustrated.,Negative
6218,Customer support is absolutely superb. Highly recommended!,Positive
6219,I think the price proved to be superb. Best purchase ever.,Positive
6220,Customer support is completely bad. Very frustrated.,Negative
6221,The price is terrible. Total waste of money.,Negative
6222,I think the price was useless. Very frustrated.,Negative
6223,I think this item proved to be useless. Do not buy.,Negative
6224,The product seems totally awesome. Highly recommended!,Positive
6225,Delivery feels quite horrible. Save your money.,Negative
6226,"I think the price was average. Not bad, not great.",Neutral
6227,The price was awesome. Highly recommended!,Positive
6228,I think the service is normal. Nothing special.,Neutral
6229,I think the design looks poor. I hate it.,Negative
6230,This item was perfect. Highly recommended!,Positive
6231,"I think delivery seems okay. Not bad, not great.",Neutral
6232,This item feels worst. Total waste of money.,Negative
6233,The price looks awful. I hate it.,Neutral
6234,I think the quality was horrible. Total waste of money.,Negative
6235,I think delivery is fantastic. Will buy again.,Positive
6236,I think this item feels acceptable. It does the job.,Neutral
6237,Delivery was perfect. Will buy again.,Positive
6238,My experience is brilliant. Best purchase ever.,Positive
6239,Customer support proved to be truly great. I love it.,Positive
6240,The packaging feels absolutely wonderful. Highly recommended!,Positive
6241,I think the price feels fantastic. Best purchase ever.,Positive
6242,I think the packaging is wonderful. I love it.,Positive
6243,I think the design feels awesome. Highly recommended!,Positive
6244,I think delivery feels terrible. I hate it.,Negative
6245,The product proved to be dreadful. Save your money.,Negative
6246,I think this item is poor. Save your money.,Negative
6247,The service was poor. I hate it.,Negative
6248,The design seems fantastic. I love it.,Positive
6249,Customer support is absolutely useless. Do not buy.,Negative
6250,I think the quality seems average. It does the job.,Neutral
6251,The packaging looks completely stellar. Very satisfied.,Positive
6252,I think my experience proved to be dreadful. Save your money.,Neutral
6253,"Delivery proved to be really average. Not bad, not great.",Neutral
6254,I think delivery proved to be average. As expected.,Neutral
6255,This item feels completely worst. Total waste of money.,Negative
6256,The packaging looks truly acceptable. Nothing special.,Neutral
6257,The quality proved to be disappointing. Save your money.,Negative
6258,The quality seems totally mediocre. Nothing special.,Neutral
6259,Delivery was subpar. Will return it.,Negative
6260,Delivery looks absolutely average. Nothing special.,Neutral
6261,The quality seems completely useless. Save your money.,Negative
6262,I think customer support feels brilliant. Will buy again.,Positive
6263,The product looks absolutely disappointing. Do not buy.,Positive
6264,The price is absolutely okay. As expected.,Neutral
6265,This item proved to be okay. As expected.,Neutral
6266,I think customer support seems perfect. I love it.,Positive
6267,The packaging proved to be totally awesome. I love it.,Positive
6268,"I think the packaging is okay. Not bad, not great.",Neutral
6269,Customer support feels completely fair. Nothing special.,Positive
6270,The quality was poor. Will return it.,Negative
6271,I think the service looks horrible. I hate it.,Negative
6272,The design proved to be useless. Will return it.,Negative
6273,"I think the product is okay. Not bad, not great.",Neutral
6274,The quality seems fairly bad. I hate it.,Negative
6275,The quality was truly fantastic. I love it.,Positive
6276,I think my experience looks brilliant. Exceeded expectations.,Positive
6277,This item is absolutely excellent. I love it.,Positive
6278,The quality is truly great. Very satisfied.,Positive
6279,My experience looks really wonderful. Best purchase ever.,Positive
6280,Delivery is excellent. I love it.,Neutral
6281,Delivery was somewhat great. Exceeded expectations.,Positive
6282,This item proved to be somewhat excellent. Will buy again.,Positive
6283,I think the quality is excellent. Best purchase ever.,Positive
6284,Customer support proved to be really useless. I hate it.,Negative
6285,The quality is bad. Will return it.,Negative
6286,I think the price feels useless. Do not buy.,Negative
6287,The packaging was somewhat poor. Total waste of money.,Negative
6288,Delivery proved to be terrible. Do not buy.,Negative
6289,The quality is poor. Very frustrated.,Negative
6290,The design seems totally normal. Nothing special.,Neutral
6291,I think the design feels useless. Do not buy.,Negative
6292,I think the price feels wonderful. Best purchase ever.,Positive
6293,My experience is really great. Very satisfied.,Positive
6294,The quality feels very typical. Serves its purpose.,Neutral
6295,I think the design proved to be bad. Total waste of money.,Negative
6296,The packaging feels fair. It does the job.,Neutral
6297,My experience seems somewhat disappointing. Will return it.,Negative
6298,This item looks brilliant. Highly recommended!,Negative
6299,The design was awesome. Highly recommended!,Positive
6300,I think the product feels fair. Serves its purpose.,Neutral
6301,I think the design is superb. Will buy again.,Positive
6302,The design is terrible. Do not buy.,Negative
6303,The quality looks terrible. Do not buy.,Negative
6304,The design is wonderful. Best purchase ever.,Positive
6305,The design feels totally average. Serves its purpose.,Neutral
6306,I think this item seems wonderful. Will buy again.,Positive
6307,I think the packaging seems brilliant. Exceeded expectations.,Positive
6308,The service feels completely stellar. Will buy again.,Positive
6309,The price feels truly amazing. I love it.,Positive
6310,I think this item looks brilliant. Highly recommended!,Positive
6311,I think the service is dreadful. Total waste of money.,Negative
6312,I think this item proved to be standard. It does the job.,Neutral
6313,Customer support proved to be terrible. Do not buy.,Negative
6314,I think customer support is awesome. Will buy again.,Positive
6315,The product looks typical. Nothing special.,Neutral
6316,I think the product was useless. Total waste of money.,Negative
6317,"The price feels normal. Not bad, not great.",Neutral
6318,I think the quality was disappointing. Total waste of money.,Negative
6319,The product was excellent. Exceeded expectations.,Negative
6320,I think the design looks acceptable. Might buy again.,Neutral
6321,I think the price is useless. Will return it.,Negative
6322,Delivery is horrible. I hate it.,Negative
6323,I think the packaging looks useless. Total waste of money.,Negative
6324,Customer support was fantastic. Will buy again.,Positive
6325,The service feels quite awesome. Will buy again.,Positive
6326,The price is truly brilliant. Exceeded expectations.,Positive
6327,I think delivery was poor. Will return it.,Negative
6328,This item feels brilliant. Exceeded expectations.,Positive
6329,Customer support proved to be amazing. I love it.,Negative
6330,The packaging feels fantastic. Highly recommended!,Positive
6331,The design looks awesome. Highly recommended!,Positive
6332,The price looks normal. It does the job.,Neutral
6333,This item looks absolutely terrible. Will return it.,Negative
6334,Delivery seems bad. Total waste of money.,Negative
6335,I think the service seems awesome. Highly recommended!,Positive
6336,The quality feels acceptable. Nothing special.,Neutral
6337,I think the price feels bad. Very frustrated.,Negative
6338,This item was terrible. Very frustrated.,Negative
6339,I think this item proved to be useless. I hate it.,Positive
6340,The quality looks absolutely bad. Do not buy.,Negative
6341,The product seems really wonderful. Will buy again.,Positive
6342,This item looks acceptable. Nothing special.,Neutral
6343,The packaging feels fairly fine. Might buy again.,Neutral
6344,This item was stellar. Will buy again.,Positive
6345,I think customer support seems superb. Best purchase ever.,Positive
6346,The product seems superb. Best purchase ever.,Positive
6347,I think the product looks terrible. Save your money.,Negative
6348,I think the service was acceptable. As expected.,Neutral
6349,I think this item proved to be bad. I hate it.,Negative
6350,This item proved to be terrible. Very frustrated.,Negative
6351,I think delivery is perfect. Best purchase ever.,Negative
6352,I think my experience seems fantastic. Will buy again.,Positive
6353,I think delivery looks amazing. Highly recommended!,Positive
6354,I think delivery feels disappointing. I hate it.,Negative
6355,The design is superb. Exceeded expectations.,Positive
6356,The price feels normal. As expected.,Neutral
6357,I think the design feels horrible. Do not buy.,Negative
6358,The service proved to be subpar. Very frustrated.,Negative
6359,This item proved to be fantastic. Highly recommended!,Neutral
6360,The price seems completely superb. Will buy again.,Neutral
6361,I think the packaging proved to be great. Best purchase ever.,Positive
6362,The quality feels horrible. Very frustrated.,Negative
6363,The service feels okay. As expected.,Neutral
6364,This item was quite perfect. I love it.,Positive
6365,The product is very amazing. I love it.,Positive
6366,I think the quality is bad. Will return it.,Negative
6367,The packaging looks completely fair. As expected.,Neutral
6368,I think the service feels awesome. I love it.,Positive
6369,I think customer support seems poor. Total waste of money.,Negative
6370,The quality feels poor. Will return it.,Negative
6371,The product was really useless. Very frustrated.,Negative
6372,The design seems completely useless. Will return it.,Negative
6373,This item proved to be very dreadful. I hate it.,Neutral
6374,The packaging feels awesome. Best purchase ever.,Positive
6375,The design was fairly average. Serves its purpose.,Neutral
6376,My experience seems really bad. I hate it.,Negative
6377,My experience proved to be extremely fair. It does the job.,Neutral
6378,I think my experience looks amazing. Exceeded expectations.,Positive
6379,The design seems wonderful. Highly recommended!,Positive
6380,I think the product feels perfect. Will buy again.,Positive
6381,The price was amazing. Exceeded expectations.,Positive
6382,Delivery feels really awesome. I love it.,Positive
6383,The quality proved to be totally brilliant. Best purchase ever.,Positive
6384,The product seems really mediocre. Serves its purpose.,Neutral
6385,I think the design is stellar. Very satisfied.,Positive
6386,The service seems absolutely terrible. Very frustrated.,Negative
6387,This item proved to be completely worst. Total waste of money.,Negative
6388,I think the service feels bad. Very frustrated.,Negative
6389,The product proved to be superb. I love it.,Positive
6390,I think customer support is perfect. Best purchase ever.,Positive
6391,I think this item looks disappointing. Do not buy.,Negative
6392,This item seems wonderful. Highly recommended!,Positive
6393,The packaging was normal. It does the job.,Positive
6394,I think the packaging looks standard. As expected.,Neutral
6395,I think the service feels awful. Will return it.,Negative
6396,The service feels great. Will buy again.,Positive
6397,The service looks brilliant. Very satisfied.,Positive
6398,The service seems amazing. I love it.,Positive
6399,I think the packaging seems disappointing. Very frustrated.,Negative
6400,Customer support looks excellent. Very satisfied.,Positive
6401,"I think my experience is normal. Not bad, not great.",Neutral
6402,The service proved to be absolutely perfect. Highly recommended!,Positive
6403,The price seems truly awesome. I love it.,Positive
6404,"Delivery feels really fair. Not bad, not great.",Neutral
6405,I think the product proved to be dreadful. Will return it.,Negative
6406,My experience looks fairly useless. Save your money.,Negative
6407,I think the packaging was acceptable. Might buy again.,Positive
6408,The product seems very fantastic. I love it.,Positive
6409,The product was extremely disappointing. Do not buy.,Negative
6410,I think my experience was terrible. Save your money.,Negative
6411,The product was awesome. Very satisfied.,Positive
6412,I think the price is superb. Exceeded expectations.,Positive
6413,This item is fairly awesome. Exceeded expectations.,Positive
6414,The quality is bad. Very frustrated.,Negative
6415,Customer support proved to be useless. Do not buy.,Negative
6416,I think the quality feels dreadful. Do not buy.,Negative
6417,"I think the packaging was acceptable. Not bad, not great.",Neutral
6418,This item is wonderful. Highly recommended!,Positive
6419,I think the quality seems typical. Serves its purpose.,Neutral
6420,I think the quality looks perfect. Highly recommended!,Positive
6421,Customer support seems awful. I hate it.,Negative
6422,My experience proved to be really mediocre. Might buy again.,Neutral
6423,I think the service seems superb. Exceeded expectations.,Positive
6424,Customer support proved to be great. Best purchase ever.,Positive
6425,I think this item feels mediocre. Might buy again.,Neutral
6426,The product is amazing. Very satisfied.,Positive
6427,Delivery was stellar. Very satisfied.,Positive
6428,I think delivery looks stellar. I love it.,Positive
6429,The packaging looks awful. Will return it.,Negative
6430,Customer support was superb. I love it.,Positive
6431,My experience was awful. Total waste of money.,Negative
6432,Customer support looks totally bad. Total waste of money.,Negative
6433,The product was really useless. Will return it.,Negative
6434,I think the price feels fantastic. Highly recommended!,Positive
6435,My experience seems absolutely awful. Very frustrated.,Negative
6436,I think the product looks dreadful. Total waste of money.,Negative
6437,The price proved to be fantastic. Will buy again.,Positive
6438,This item was somewhat stellar. Will buy again.,Positive
6439,The service is disappointing. Will return it.,Negative
6440,The price feels superb. Very satisfied.,Positive
6441,Delivery proved to be subpar. Will return it.,Negative
6442,I think customer support was great. Will buy again.,Positive
6443,I think delivery feels wonderful. I love it.,Positive
6444,The product was horrible. Very frustrated.,Negative
6445,I think the product was useless. Total waste of money.,Negative
6446,The price seems excellent. Will buy again.,Positive
6447,I think the price is bad. Do not buy.,Negative
6448,I think delivery looks useless. Very frustrated.,Negative
6449,The packaging looks extremely standard. Nothing special.,Neutral
6450,Customer support proved to be quite amazing. Exceeded expectations.,Positive
6451,The price seems typical. Might buy again.,Neutral
6452,I think the design proved to be awful. Will return it.,Negative
6453,"I think the price feels normal. Not bad, not great.",Neutral
6454,This item feels useless. Do not buy.,Negative
6455,The price feels absolutely standard. Nothing special.,Neutral
6456,The packaging feels mediocre. As expected.,Neutral
6457,I think the product seems okay. Nothing special.,Neutral
6458,The service was very acceptable. It does the job.,Neutral
6459,My experience seems fairly superb. I love it.,Positive
6460,The service was useless. I hate it.,Negative
6461,I think the packaging is terrible. Do not buy.,Negative
6462,Customer support was really wonderful. I love it.,Positive
6463,The packaging seems okay. Might buy again.,Neutral
6464,My experience looks stellar. Very satisfied.,Positive
6465,I think customer support looks okay. It does the job.,Neutral
6466,I think the packaging was bad. Total waste of money.,Negative
6467,I think the design was subpar. Will return it.,Negative
6468,The product was poor. Will return it.,Negative
6469,I think the design seems amazing. Very satisfied.,Positive
6470,I think the quality feels superb. Very satisfied.,Positive
6471,I think the quality proved to be fair. Might buy again.,Neutral
6472,I think the packaging seems subpar. Total waste of money.,Negative
6473,I think the design seems acceptable. It does the job.,Neutral
6474,This item proved to be truly awesome. I love it.,Positive
6475,The price was completely useless. Do not buy.,Negative
6476,I think delivery feels awful. Total waste of money.,Negative
6477,The price feels extremely fair. Nothing special.,Neutral
6478,I think this item feels superb. Very satisfied.,Positive
6479,The price feels superb. Highly recommended!,Positive
6480,The design is poor. Total waste of money.,Negative
6481,Customer support feels completely excellent. I love it.,Positive
6482,My experience proved to be poor. Very frustrated.,Negative
6483,The packaging was awful. Total waste of money.,Negative
6484,The product looks useless. Do not buy.,Negative
6485,I think the service feels subpar. Very frustrated.,Negative
6486,The price is fantastic. Highly recommended!,Positive
6487,I think delivery was horrible. Will return it.,Negative
6488,The product looks brilliant. Highly recommended!,Positive
6489,The quality seems disappointing. I hate it.,Negative
6490,I think the quality proved to be bad. Total waste of money.,Negative
6491,I think customer support feels poor. Very frustrated.,Negative
6492,"Delivery feels mediocre. Not bad, not great.",Neutral
6493,The design seems fairly fantastic. I love it.,Positive
6494,This item was poor. Very frustrated.,Negative
6495,The product feels standard. Might buy again.,Neutral
6496,The product proved to be poor. Total waste of money.,Negative
6497,Delivery feels normal. Nothing special.,Neutral
6498,I think delivery seems average. As expected.,Neutral
6499,My experience seems extremely excellent. I love it.,Positive
6500,The service looks regular. It does the job.,Neutral
6501,I think the product is fantastic. Best purchase ever.,Positive
6502,Delivery feels brilliant. Highly recommended!,Positive
6503,I think this item looks useless. Do not buy.,Negative
6504,The price looks amazing. I love it.,Positive
6505,The product was absolutely fair. As expected.,Neutral
6506,This item feels bad. Save your money.,Negative
6507,I think my experience was fair. Serves its purpose.,Neutral
6508,Delivery looks average. Nothing special.,Neutral
6509,I think the price feels useless. Total waste of money.,Negative
6510,I think my experience was useless. Will return it.,Negative
6511,The product looks fair. As expected.,Neutral
6512,The price seems fantastic. Best purchase ever.,Positive
6513,I think the packaging seems okay. It does the job.,Neutral
6514,My experience feels great. I love it.,Positive
6515,The product looks absolutely superb. Will buy again.,Positive
6516,I think the packaging proved to be subpar. Very frustrated.,Negative
6517,This item looks normal. Serves its purpose.,Neutral
6518,I think my experience feels wonderful. Very satisfied.,Positive
6519,The design looks quite worst. Will return it.,Negative
6520,My experience is worst. Total waste of money.,Negative
6521,I think customer support proved to be superb. I love it.,Positive
6522,My experience feels quite bad. I hate it.,Negative
6523,I think the packaging was poor. Very frustrated.,Negative
6524,The service proved to be terrible. Save your money.,Negative
6525,The price proved to be okay. It does the job.,Neutral
6526,The price seems fairly wonderful. Will buy again.,Positive
6527,The service looks wonderful. Best purchase ever.,Positive
6528,This item seems poor. Do not buy.,Negative
6529,The service feels somewhat superb. Will buy again.,Positive
6530,The price seems really subpar. Do not buy.,Negative
6531,This item seems amazing. Best purchase ever.,Positive
6532,My experience was quite dreadful. Do not buy.,Negative
6533,I think the service proved to be brilliant. Highly recommended!,Positive
6534,The quality is excellent. Will buy again.,Positive
6535,The service was bad. I hate it.,Negative
6536,The design looks absolutely acceptable. Might buy again.,Neutral
6537,I think customer support seems disappointing. Save your money.,Negative
6538,I think the price was perfect. Exceeded expectations.,Positive
6539,The product feels extremely excellent. Will buy again.,Positive
6540,Customer support feels fair. As expected.,Neutral
6541,Customer support feels extremely average. As expected.,Neutral
6542,I think the service seems terrible. Very frustrated.,Negative
6543,Customer support was terrible. Will return it.,Negative
6544,This item looks fairly excellent. I love it.,Positive
6545,I think my experience was excellent. Very satisfied.,Positive
6546,Delivery feels bad. Very frustrated.,Negative
6547,I think customer support is okay. Might buy again.,Neutral
6548,The quality was quite bad. Will return it.,Negative
6549,Customer support proved to be worst. Save your money.,Negative
6550,The service proved to be totally stellar. Highly recommended!,Positive
6551,I think the quality looks typical. Might buy again.,Neutral
6552,I think this item feels great. Best purchase ever.,Positive
6553,The price proved to be worst. I hate it.,Negative
6554,I think the quality feels awesome. Best purchase ever.,Positive
6555,Customer support was okay. As expected.,Neutral
6556,Customer support looks really disappointing. Very frustrated.,Negative
6557,The design proved to be totally fantastic. Highly recommended!,Positive
6558,I think the service looks poor. Save your money.,Negative
6559,I think the design feels subpar. Save your money.,Negative
6560,The product is excellent. Very satisfied.,Positive
6561,Customer support is superb. Best purchase ever.,Positive
6562,The quality proved to be very stellar. Very satisfied.,Positive
6563,The packaging seems truly poor. Do not buy.,Negative
6564,The quality seems really bad. Save your money.,Neutral
6565,"The product seems extremely standard. Not bad, not great.",Neutral
6566,The packaging is truly brilliant. Exceeded expectations.,Positive
6567,I think the packaging is great. Best purchase ever.,Positive
6568,Customer support seems superb. I love it.,Positive
6569,I think my experience proved to be fine. As expected.,Neutral
6570,The service looks extremely mediocre. Serves its purpose.,Neutral
6571,The packaging seems very fine. Might buy again.,Neutral
6572,My experience proved to be completely great. Exceeded expectations.,Positive
6573,The quality looks great. Will buy again.,Positive
6574,I think my experience feels terrible. Total waste of money.,Negative
6575,I think this item looks awful. Will return it.,Negative
6576,Delivery seems normal. It does the job.,Neutral
6577,This item proved to be absolutely okay. Serves its purpose.,Neutral
6578,The product looks fairly awful. Save your money.,Negative
6579,My experience seems perfect. Exceeded expectations.,Positive
6580,My experience seems truly fair. Nothing special.,Neutral
6581,I think the quality looks subpar. Save your money.,Negative
6582,I think the product was perfect. Very satisfied.,Positive
6583,Customer support was poor. Will return it.,Negative
6584,I think customer support proved to be horrible. Do not buy.,Negative
6585,The quality seems awesome. Will buy again.,Positive
6586,I think the price feels brilliant. I love it.,Negative
6587,Customer support feels absolutely worst. Total waste of money.,Negative
6588,I think the packaging seems brilliant. Best purchase ever.,Positive
6589,My experience is wonderful. Very satisfied.,Positive
6590,I think this item was bad. Will return it.,Negative
6591,The design proved to be very typical. Serves its purpose.,Neutral
6592,I think my experience feels useless. Do not buy.,Negative
6593,I think the price was great. Exceeded expectations.,Neutral
6594,Delivery looks somewhat superb. Best purchase ever.,Neutral
6595,The design was extremely bad. Total waste of money.,Negative
6596,The design looks really fair. Nothing special.,Neutral
6597,Customer support was somewhat awesome. Will buy again.,Positive
6598,I think delivery feels useless. Save your money.,Negative
6599,I think delivery seems awful. Do not buy.,Negative
6600,The quality looks awful. I hate it.,Negative
6601,Customer support feels wonderful. Exceeded expectations.,Positive
6602,My experience was totally stellar. I love it.,Positive
6603,The product proved to be somewhat dreadful. Will return it.,Negative
6604,The product looks terrible. Very frustrated.,Negative
6605,The price proved to be very stellar. Very satisfied.,Positive
6606,The design is perfect. Exceeded expectations.,Positive
6607,I think the price proved to be regular. Might buy again.,Neutral
6608,"The price was extremely okay. Not bad, not great.",Neutral
6609,The price proved to be terrible. Do not buy.,Negative
6610,I think this item looks worst. Very frustrated.,Negative
6611,I think this item was amazing. I love it.,Positive
6612,Delivery is regular. Serves its purpose.,Neutral
6613,My experience feels very average. Might buy again.,Neutral
6614,The packaging feels extremely excellent. Highly recommended!,Positive
6615,The service seems extremely worst. Will return it.,Negative
6616,I think the packaging proved to be amazing. Will buy again.,Positive
6617,I think my experience looks worst. Very frustrated.,Negative
6618,The service was great. Exceeded expectations.,Positive
6619,The price is quite stellar. Exceeded expectations.,Positive
6620,"The product looks fine. Not bad, not great.",Neutral
6621,Customer support looks really perfect. Very satisfied.,Positive
6622,The design was somewhat fair. Nothing special.,Neutral
6623,The packaging is awesome. I love it.,Positive
6624,This item was average. Serves its purpose.,Neutral
6625,I think the product feels dreadful. Will return it.,Negative
6626,I think the service is fantastic. Exceeded expectations.,Positive
6627,I think the packaging seems brilliant. Exceeded expectations.,Positive
6628,The quality feels absolutely superb. Best purchase ever.,Positive
6629,This item looks worst. Very frustrated.,Negative
6630,I think the service feels wonderful. Exceeded expectations.,Positive
6631,The design feels mediocre. It does the job.,Neutral
6632,My experience is very regular. Nothing special.,Neutral
6633,I think my experience looks awful. Total waste of money.,Negative
6634,Delivery feels standard. Might buy again.,Neutral
6635,The product looks horrible. Save your money.,Negative
6636,The packaging looks totally dreadful. Total waste of money.,Negative
6637,This item feels bad. Total waste of money.,Negative
6638,The price feels worst. Do not buy.,Negative
6639,The packaging is fair. Might buy again.,Neutral
6640,I think the packaging looks perfect. I love it.,Positive
6641,I think the design is standard. Nothing special.,Neutral
6642,The quality feels great. I love it.,Positive
6643,The price seems really terrible. Very frustrated.,Negative
6644,I think delivery proved to be awesome. I love it.,Positive
6645,Customer support feels awful. Very frustrated.,Negative
6646,The product looks extremely excellent. Exceeded expectations.,Negative
6647,The service looks absolutely stellar. Very satisfied.,Positive
6648,Customer support looks dreadful. Will return it.,Negative
6649,Delivery was quite disappointing. Very frustrated.,Negative
6650,I think the design proved to be brilliant. Will buy again.,Positive
6651,I think the design was excellent. Highly recommended!,Positive
6652,I think customer support looks excellent. Exceeded expectations.,Negative
6653,The design is quite regular. Serves its purpose.,Neutral
6654,The packaging is horrible. I hate it.,Negative
6655,The price is horrible. Total waste of money.,Negative
6656,I think the quality looks superb. Highly recommended!,Positive
6657,Customer support looks somewhat fantastic. Best purchase ever.,Positive
6658,Customer support looks totally brilliant. Very satisfied.,Positive
6659,The packaging seems okay. It does the job.,Neutral
6660,This item is very worst. Very frustrated.,Negative
6661,The quality proved to be normal. Nothing special.,Neutral
6662,"The quality proved to be totally average. Not bad, not great.",Neutral
6663,The price seems truly stellar. Best purchase ever.,Positive
6664,Delivery is extremely worst. Do not buy.,Negative
6665,I think the service is stellar. Very satisfied.,Positive
6666,I think the price was excellent. Exceeded expectations.,Positive
6667,The price looks worst. Total waste of money.,Negative
6668,I think the product feels awful. Will return it.,Negative
6669,The service is totally horrible. Save your money.,Negative
6670,The price feels awful. Very frustrated.,Negative
6671,Customer support was fairly worst. Save your money.,Negative
6672,The design feels subpar. Will return it.,Negative
6673,I think the design looks brilliant. Very satisfied.,Positive
6674,The quality looks regular. Nothing special.,Neutral
6675,This item feels typical. Nothing special.,Neutral
6676,The quality was worst. Save your money.,Negative
6677,I think this item proved to be disappointing. I hate it.,Negative
6678,I think the quality was perfect. I love it.,Positive
6679,I think the service looks fantastic. Best purchase ever.,Positive
6680,Customer support seems absolutely okay. Might buy again.,Neutral
6681,Delivery was fantastic. Best purchase ever.,Positive
6682,The price looks fairly horrible. Save your money.,Negative
6683,Customer support was truly brilliant. I love it.,Positive
6684,The price looks horrible. Very frustrated.,Negative
6685,I think the packaging is typical. As expected.,Neutral
6686,I think the packaging seems dreadful. Save your money.,Negative
6687,I think the product seems stellar. I love it.,Positive
6688,I think the service proved to be awful. Do not buy.,Negative
6689,I think this item seems stellar. Will buy again.,Positive
6690,The packaging proved to be completely brilliant. Best purchase ever.,Positive
6691,The design looks truly awful. I hate it.,Negative
6692,This item was fairly mediocre. It does the job.,Neutral
6693,Delivery is awful. Very frustrated.,Negative
6694,The design seems mediocre. As expected.,Neutral
6695,I think the price proved to be poor. Very frustrated.,Negative
6696,My experience was amazing. Best purchase ever.,Positive
6697,My experience looks very superb. I love it.,Positive
6698,I think the service proved to be disappointing. I hate it.,Negative
6699,The design proved to be totally great. Best purchase ever.,Positive
6700,The design proved to be great. Will buy again.,Positive
6701,The quality feels fairly worst. I hate it.,Negative
6702,I think the design was worst. Save your money.,Negative
6703,"My experience was somewhat fine. Not bad, not great.",Neutral
6704,The price seems poor. I hate it.,Negative
6705,I think my experience proved to be useless. Will return it.,Negative
6706,Customer support is regular. It does the job.,Neutral
6707,I think this item feels horrible. Will return it.,Negative
6708,"Delivery looks somewhat mediocre. Not bad, not great.",Neutral
6709,This item looks truly great. Highly recommended!,Positive
6710,The service seems completely perfect. Best purchase ever.,Positive
6711,I think customer support proved to be typical. It does the job.,Neutral
6712,The service was quite wonderful. Best purchase ever.,Positive
6713,The service seems awesome. Highly recommended!,Positive
6714,My experience looks poor. Total waste of money.,Negative
6715,The packaging proved to be terrible. I hate it.,Negative
6716,I think my experience seems great. Will buy again.,Positive
6717,Delivery is totally excellent. Best purchase ever.,Positive
6718,The packaging looks fairly fine. Serves its purpose.,Negative
6719,I think my experience feels fantastic. Exceeded expectations.,Positive
6720,The quality proved to be subpar. Save your money.,Negative
6721,My experience is okay. It does the job.,Neutral
6722,I think the product is awesome. Exceeded expectations.,Positive
6723,Delivery proved to be fairly dreadful. I hate it.,Negative
6724,The packaging looks absolutely disappointing. Will return it.,Negative
6725,The quality looks quite brilliant. Very satisfied.,Positive
6726,The price looks completely worst. I hate it.,Negative
6727,The design is absolutely normal. Might buy again.,Neutral
6728,The price feels totally poor. I hate it.,Negative
6729,The service feels disappointing. Save your money.,Negative
6730,The product feels very dreadful. Total waste of money.,Negative
6731,I think the packaging is excellent. Will buy again.,Positive
6732,The product seems fantastic. Exceeded expectations.,Positive
6733,I think the product seems mediocre. Nothing special.,Neutral
6734,Delivery looks bad. Save your money.,Negative
6735,This item is totally stellar. Will buy again.,Positive
6736,The design proved to be awesome. Will buy again.,Positive
6737,I think the price proved to be worst. Very frustrated.,Negative
6738,This item looks poor. Very frustrated.,Negative
6739,Delivery looks somewhat fine. Nothing special.,Neutral
6740,My experience proved to be subpar. Total waste of money.,Negative
6741,The packaging proved to be somewhat perfect. Exceeded expectations.,Positive
6742,The packaging is absolutely stellar. Highly recommended!,Positive
6743,The product seems truly perfect. Highly recommended!,Positive
6744,I think delivery was superb. I love it.,Positive
6745,My experience was horrible. I hate it.,Negative
6746,The design feels awesome. Best purchase ever.,Negative
6747,This item feels awful. Very frustrated.,Negative
6748,My experience seems fairly standard. Serves its purpose.,Neutral
6749,The packaging is fairly bad. Will return it.,Negative
6750,My experience was amazing. I love it.,Positive
6751,I think customer support proved to be poor. I hate it.,Negative
6752,The service feels very perfect. Highly recommended!,Positive
6753,Delivery feels somewhat worst. I hate it.,Negative
6754,The quality was somewhat disappointing. Do not buy.,Negative
6755,The price proved to be brilliant. Highly recommended!,Positive
6756,Customer support seems really subpar. I hate it.,Negative
6757,Delivery was fairly great. Exceeded expectations.,Positive
6758,The service feels truly horrible. Save your money.,Negative
6759,The price was totally fair. Serves its purpose.,Neutral
6760,Customer support seems disappointing. Very frustrated.,Negative
6761,Customer support proved to be quite average. As expected.,Neutral
6762,I think this item looks superb. Very satisfied.,Positive
6763,I think the product proved to be fantastic. Will buy again.,Positive
6764,The quality seems disappointing. Very frustrated.,Negative
6765,I think customer support looks subpar. Do not buy.,Negative
6766,I think the service feels okay. Might buy again.,Neutral
6767,The product is horrible. I hate it.,Negative
6768,This item is very normal. Might buy again.,Neutral
6769,The design feels wonderful. Best purchase ever.,Positive
6770,"The price feels regular. Not bad, not great.",Neutral
6771,Customer support proved to be quite poor. Total waste of money.,Negative
6772,I think the packaging seems perfect. Highly recommended!,Positive
6773,Delivery is brilliant. Best purchase ever.,Positive
6774,I think the packaging feels worst. Total waste of money.,Negative
6775,The product seems fairly dreadful. Total waste of money.,Negative
6776,This item proved to be dreadful. I hate it.,Negative
6777,My experience proved to be disappointing. Save your money.,Negative
6778,This item feels useless. I hate it.,Negative
6779,The product seems truly normal. As expected.,Neutral
6780,Customer support proved to be absolutely amazing. Will buy again.,Positive
6781,The service seems okay. Nothing special.,Neutral
6782,The quality is awful. Total waste of money.,Negative
6783,The price proved to be disappointing. Will return it.,Negative
6784,I think customer support looks disappointing. Will return it.,Negative
6785,I think the service is perfect. Best purchase ever.,Positive
6786,The price proved to be wonderful. I love it.,Positive
6787,The product feels totally amazing. Highly recommended!,Positive
6788,My experience was disappointing. Will return it.,Negative
6789,The product seems somewhat fantastic. Highly recommended!,Positive
6790,I think the price was brilliant. I love it.,Positive
6791,The service is okay. Might buy again.,Neutral
6792,I think the packaging seems fantastic. Highly recommended!,Positive
6793,The product was somewhat normal. Serves its purpose.,Neutral
6794,I think my experience was brilliant. Very satisfied.,Positive
6795,I think the product is perfect. I love it.,Positive
6796,This item is stellar. Will buy again.,Positive
6797,The quality was superb. Best purchase ever.,Positive
6798,I think the product seems wonderful. Will buy again.,Positive
6799,I think the design feels superb. Will buy again.,Positive
6800,"Customer support feels totally mediocre. Not bad, not great.",Neutral
6801,I think the design feels poor. Do not buy.,Negative
6802,Delivery feels completely superb. Exceeded expectations.,Positive
6803,My experience looks brilliant. Highly recommended!,Positive
6804,My experience was really regular. It does the job.,Neutral
6805,Customer support proved to be brilliant. Very satisfied.,Positive
6806,The price looks bad. Will return it.,Negative
6807,I think this item was standard. Serves its purpose.,Neutral
6808,The service was fantastic. Highly recommended!,Positive
6809,The quality feels awesome. Very satisfied.,Positive
6810,The product is fairly average. Serves its purpose.,Neutral
6811,Delivery looks really worst. Total waste of money.,Negative
6812,The service was totally amazing. Highly recommended!,Positive
6813,The design seems excellent. Best purchase ever.,Positive
6814,The packaging is typical. Serves its purpose.,Neutral
6815,The service looks subpar. Save your money.,Negative
6816,The packaging seems brilliant. Best purchase ever.,Positive
6817,My experience looks superb. Will buy again.,Positive
6818,This item feels completely amazing. Best purchase ever.,Positive
6819,I think customer support looks dreadful. I hate it.,Negative
6820,I think my experience was regular. It does the job.,Neutral
6821,I think the price feels fine. Serves its purpose.,Neutral
6822,Customer support proved to be horrible. Do not buy.,Negative
6823,I think the service feels excellent. Will buy again.,Positive
6824,The quality feels fairly subpar. I hate it.,Negative
6825,My experience feels absolutely excellent. Exceeded expectations.,Positive
6826,The product looks stellar. Very satisfied.,Positive
6827,I think the price was stellar. Very satisfied.,Negative
6828,The product seems somewhat awesome. I love it.,Positive
6829,I think the packaging is poor. Do not buy.,Negative
6830,Customer support looks poor. Do not buy.,Negative
6831,I think the design proved to be stellar. I love it.,Positive
6832,Delivery was really poor. Total waste of money.,Positive
6833,I think my experience feels subpar. I hate it.,Negative
6834,I think this item proved to be standard. Might buy again.,Neutral
6835,The price proved to be very terrible. Save your money.,Negative
6836,The price was somewhat superb. I love it.,Positive
6837,The design is completely bad. Will return it.,Neutral
6838,The quality is completely subpar. I hate it.,Negative
6839,The price seems completely great. Will buy again.,Positive
6840,My experience seems great. Highly recommended!,Positive
6841,Customer support feels extremely average. Might buy again.,Neutral
6842,I think the packaging looks horrible. Save your money.,Negative
6843,Customer support is fair. Nothing special.,Neutral
6844,I think the design is amazing. I love it.,Positive
6845,The product proved to be superb. Very satisfied.,Positive
6846,I think the product proved to be poor. I hate it.,Negative
6847,I think customer support feels awful. I hate it.,Negative
6848,I think this item looks excellent. Best purchase ever.,Positive
6849,The design proved to be useless. I hate it.,Negative
6850,The service proved to be quite useless. Do not buy.,Negative
6851,Customer support looks fairly excellent. Highly recommended!,Positive
6852,The design feels totally horrible. Do not buy.,Negative
6853,The service is completely standard. Might buy again.,Neutral
6854,I think customer support seems acceptable. Might buy again.,Neutral
6855,Delivery seems excellent. Very satisfied.,Neutral
6856,The design looks totally awful. Save your money.,Negative
6857,I think the price was acceptable. Might buy again.,Neutral
6858,I think the product proved to be average. Serves its purpose.,Neutral
6859,I think delivery proved to be acceptable. Serves its purpose.,Neutral
6860,The design is truly awesome. I love it.,Positive
6861,I think the product is great. Highly recommended!,Positive
6862,The packaging was amazing. Will buy again.,Positive
6863,This item seems superb. Best purchase ever.,Positive
6864,This item looks quite mediocre. Might buy again.,Neutral
6865,I think the product is mediocre. It does the job.,Neutral
6866,I think the packaging seems okay. It does the job.,Neutral
6867,I think the design proved to be awesome. Exceeded expectations.,Positive
6868,Customer support is absolutely poor. Save your money.,Negative
6869,The product feels perfect. Very satisfied.,Positive
6870,The product proved to be amazing. Exceeded expectations.,Positive
6871,My experience seems brilliant. Very satisfied.,Positive
6872,My experience looks great. I love it.,Positive
6873,"I think the quality is regular. Not bad, not great.",Neutral
6874,I think customer support feels worst. Very frustrated.,Negative
6875,I think the product is subpar. Very frustrated.,Negative
6876,My experience proved to be stellar. Highly recommended!,Negative
6877,I think the quality seems okay. Nothing special.,Neutral
6878,The price proved to be truly useless. Total waste of money.,Negative
6879,I think delivery feels horrible. Very frustrated.,Negative
6880,This item looks completely perfect. I love it.,Positive
6881,I think customer support seems superb. Best purchase ever.,Positive
6882,I think delivery looks average. Serves its purpose.,Neutral
6883,The design is fairly poor. Do not buy.,Negative
6884,The quality seems truly wonderful. Best purchase ever.,Positive
6885,The product feels great. Highly recommended!,Positive
6886,The packaging was poor. Do not buy.,Negative
6887,The price seems fantastic. Highly recommended!,Positive
6888,I think my experience is superb. Highly recommended!,Neutral
6889,Customer support seems completely subpar. Very frustrated.,Negative
6890,Delivery is superb. Will buy again.,Positive
6891,The packaging feels normal. Nothing special.,Neutral
6892,The service looks absolutely poor. Save your money.,Negative
6893,The design looks quite useless. I hate it.,Negative
6894,I think this item looks fine. Nothing special.,Neutral
6895,The service was fantastic. Best purchase ever.,Positive
6896,I think my experience looks useless. Do not buy.,Negative
6897,I think this item seems worst. Very frustrated.,Negative
6898,The price is worst. Total waste of money.,Neutral
6899,My experience seems truly worst. Will return it.,Negative
6900,The quality feels very excellent. Very satisfied.,Positive
6901,The service proved to be very awful. I hate it.,Negative
6902,My experience looks truly disappointing. Very frustrated.,Negative
6903,The price proved to be worst. Very frustrated.,Negative
6904,Customer support is truly amazing. I love it.,Positive
6905,My experience feels quite fantastic. I love it.,Positive
6906,I think the service proved to be bad. Will return it.,Neutral
6907,I think the product is fine. It does the job.,Neutral
6908,I think this item was standard. Nothing special.,Neutral
6909,I think my experience is poor. I hate it.,Negative
6910,The quality seems bad. Save your money.,Negative
6911,Customer support proved to be awful. Do not buy.,Negative
6912,I think the quality is amazing. Highly recommended!,Positive
6913,The packaging feels subpar. Save your money.,Negative
6914,I think this item feels okay. It does the job.,Neutral
6915,I think this item feels superb. Best purchase ever.,Neutral
6916,I think the service was awful. Do not buy.,Negative
6917,The price is excellent. I love it.,Positive
6918,The product seems somewhat subpar. Will return it.,Negative
6919,I think the service is worst. Do not buy.,Negative
6920,The design feels stellar. Exceeded expectations.,Positive
6921,Delivery was great. Will buy again.,Positive
6922,Delivery is fairly amazing. Best purchase ever.,Positive
6923,My experience is brilliant. Best purchase ever.,Positive
6924,I think my experience seems disappointing. Total waste of money.,Negative
6925,This item proved to be poor. Save your money.,Negative
6926,I think the price feels wonderful. Best purchase ever.,Positive
6927,I think the product was fantastic. Highly recommended!,Positive
6928,Delivery seems useless. Save your money.,Negative
6929,I think my experience feels fair. Serves its purpose.,Neutral
6930,I think the product proved to be acceptable. Might buy again.,Neutral
6931,The product seems totally horrible. Will return it.,Negative
6932,I think delivery seems poor. Will return it.,Positive
6933,I think customer support proved to be perfect. Best purchase ever.,Positive
6934,The product proved to be fairly stellar. Best purchase ever.,Positive
6935,The packaging is normal. Serves its purpose.,Positive
6936,The service looks worst. Save your money.,Negative
6937,Delivery feels absolutely excellent. Will buy again.,Positive
6938,I think delivery looks wonderful. Exceeded expectations.,Positive
6939,The packaging looks quite amazing. Exceeded expectations.,Positive
6940,I think the price seems awesome. Exceeded expectations.,Positive
6941,I think the price seems bad. Save your money.,Negative
6942,The design proved to be truly awesome. Very satisfied.,Neutral
6943,Delivery seems okay. As expected.,Neutral
6944,The packaging seems really subpar. Very frustrated.,Negative
6945,Customer support looks fantastic. Very satisfied.,Positive
6946,This item seems stellar. Exceeded expectations.,Positive
6947,I think the quality was wonderful. Very satisfied.,Positive
6948,I think customer support looks amazing. Best purchase ever.,Positive
6949,The product is average. Might buy again.,Neutral
6950,My experience proved to be poor. Total waste of money.,Negative
6951,The service feels extremely regular. It does the job.,Neutral
6952,The price looks fantastic. Highly recommended!,Positive
6953,The product seems very brilliant. Best purchase ever.,Positive
6954,The service feels absolutely subpar. Save your money.,Negative
6955,"The product was quite average. Not bad, not great.",Neutral
6956,The product seems excellent. Will buy again.,Positive
6957,My experience looks somewhat bad. Will return it.,Negative
6958,"The packaging feels absolutely okay. Not bad, not great.",Neutral
6959,The quality was superb. Highly recommended!,Positive
6960,The price feels truly useless. Save your money.,Neutral
6961,My experience is average. Nothing special.,Neutral
6962,The design was perfect. Exceeded expectations.,Negative
6963,The service is fairly disappointing. Save your money.,Neutral
6964,The product feels truly stellar. Exceeded expectations.,Positive
6965,The service is great. Best purchase ever.,Positive
6966,The packaging proved to be extremely brilliant. Exceeded expectations.,Positive
6967,The product looks horrible. Save your money.,Negative
6968,My experience looks really regular. Might buy again.,Neutral
6969,The product seems dreadful. Save your money.,Negative
6970,The quality proved to be stellar. Will buy again.,Positive
6971,I think my experience seems wonderful. Will buy again.,Positive
6972,This item proved to be fantastic. Exceeded expectations.,Positive
6973,The packaging feels amazing. Exceeded expectations.,Positive
6974,I think the price is terrible. Save your money.,Negative
6975,The design is very awesome. Will buy again.,Positive
6976,I think my experience was dreadful. Total waste of money.,Negative
6977,I think the quality was fantastic. Will buy again.,Positive
6978,The service looks great. Exceeded expectations.,Negative
6979,I think the product seems awful. Do not buy.,Negative
6980,The design was extremely brilliant. Exceeded expectations.,Positive
6981,My experience seems useless. Do not buy.,Negative
6982,Delivery seems completely awesome. Best purchase ever.,Positive
6983,The quality is stellar. Highly recommended!,Positive
6984,I think the quality was worst. I hate it.,Negative
6985,Customer support feels average. As expected.,Neutral
6986,My experience was totally useless. Save your money.,Negative
6987,The price was dreadful. Very frustrated.,Negative
6988,The price looks brilliant. Very satisfied.,Positive
6989,Delivery feels extremely amazing. Will buy again.,Positive
6990,Customer support is worst. Save your money.,Negative
6991,The price was extremely wonderful. I love it.,Positive
6992,I think the packaging feels awesome. I love it.,Positive
6993,I think the quality is regular. Might buy again.,Neutral
6994,I think the service is fine. Nothing special.,Neutral
6995,The price was completely excellent. I love it.,Positive
6996,The quality proved to be absolutely stellar. Very satisfied.,Positive
6997,The quality looks truly amazing. Very satisfied.,Positive
6998,Delivery seems average. As expected.,Neutral
6999,Delivery is dreadful. Total waste of money.,Negative
7000,The packaging is very awesome. Very satisfied.,Positive
7001,Customer support feels fairly regular. It does the job.,Neutral
7002,The service seems superb. Highly recommended!,Positive
7003,The quality proved to be fairly amazing. Very satisfied.,Positive
7004,This item feels wonderful. Highly recommended!,Positive
7005,The design looks really excellent. Very satisfied.,Positive
7006,Customer support seems wonderful. Best purchase ever.,Positive
7007,I think the design was awful. Very frustrated.,Negative
7008,Delivery seems very fantastic. Very satisfied.,Positive
7009,"Delivery looks fine. Not bad, not great.",Neutral
7010,I think delivery looks awful. Save your money.,Negative
7011,The design is okay. Might buy again.,Neutral
7012,I think the packaging feels amazing. I love it.,Positive
7013,The service is completely superb. Very satisfied.,Neutral
7014,I think the quality seems fantastic. Very satisfied.,Positive
7015,Customer support feels really excellent. Exceeded expectations.,Positive
7016,The design proved to be great. Exceeded expectations.,Positive
7017,The product proved to be fairly useless. Save your money.,Negative
7018,I think the service is great. Highly recommended!,Positive
7019,The packaging proved to be quite awesome. I love it.,Positive
7020,Customer support is poor. Will return it.,Negative
7021,I think the design is wonderful. Exceeded expectations.,Positive
7022,This item seems very average. As expected.,Neutral
7023,The packaging was really awful. Save your money.,Negative
7024,The design is superb. Best purchase ever.,Positive
7025,The design is extremely brilliant. Will buy again.,Positive
7026,My experience proved to be horrible. Do not buy.,Negative
7027,The price was very fair. Might buy again.,Neutral
7028,My experience feels normal. It does the job.,Neutral
7029,"The packaging feels somewhat typical. Not bad, not great.",Neutral
7030,The quality seems quite amazing. Will buy again.,Negative
7031,I think the packaging feels fantastic. Very satisfied.,Positive
7032,The service feels terrible. Will return it.,Negative
7033,I think the service proved to be disappointing. Very frustrated.,Negative
7034,The product seems amazing. Highly recommended!,Positive
7035,The packaging looks quite poor. I hate it.,Negative
7036,I think customer support is amazing. I love it.,Positive
7037,The service feels regular. Serves its purpose.,Neutral
7038,I think delivery was stellar. Exceeded expectations.,Positive
7039,Delivery seems subpar. Save your money.,Negative
7040,Customer support looks completely brilliant. I love it.,Positive
7041,The quality seems totally acceptable. As expected.,Neutral
7042,I think the design proved to be poor. I hate it.,Neutral
7043,I think the price looks worst. Save your money.,Negative
7044,The price seems truly useless. Will return it.,Negative
7045,Customer support was very normal. Nothing special.,Neutral
7046,"I think the quality seems normal. Not bad, not great.",Negative
7047,Customer support was absolutely standard. Might buy again.,Neutral
7048,I think delivery is great. I love it.,Positive
7049,I think customer support feels mediocre. Nothing special.,Neutral
7050,I think the price proved to be horrible. Will return it.,Negative
7051,The service was great. Exceeded expectations.,Neutral
7052,I think my experience seems amazing. I love it.,Neutral
7053,The design was worst. Save your money.,Negative
7054,I think the packaging proved to be fantastic. Best purchase ever.,Positive
7055,My experience was poor. Save your money.,Positive
7056,The design looks very superb. Exceeded expectations.,Positive
7057,I think this item was horrible. Total waste of money.,Negative
7058,I think the design is brilliant. Very satisfied.,Positive
7059,I think delivery proved to be terrible. Very frustrated.,Negative
7060,I think the price proved to be amazing. Will buy again.,Positive
7061,I think the packaging was okay. Might buy again.,Neutral
7062,My experience feels quite okay. As expected.,Neutral
7063,I think delivery proved to be okay. Serves its purpose.,Neutral
7064,"The service is truly acceptable. Not bad, not great.",Neutral
7065,The service is absolutely subpar. Very frustrated.,Negative
7066,The product seems fantastic. Very satisfied.,Positive
7067,I think delivery is useless. I hate it.,Negative
7068,I think the service feels perfect. Will buy again.,Positive
7069,The price seems fantastic. Will buy again.,Positive
7070,This item looks absolutely horrible. Very frustrated.,Negative
7071,This item looks fairly okay. Might buy again.,Neutral
7072,The service seems totally awful. Total waste of money.,Negative
7073,The packaging was completely awesome. I love it.,Positive
7074,Customer support seems great. Best purchase ever.,Positive
7075,I think the price feels poor. Do not buy.,Negative
7076,I think the service is stellar. Will buy again.,Positive
7077,The design proved to be quite okay. Nothing special.,Neutral
7078,The product was subpar. Save your money.,Negative
7079,I think the service looks wonderful. Best purchase ever.,Neutral
7080,The price seems dreadful. Will return it.,Negative
7081,I think the service seems awful. I hate it.,Negative
7082,The design was somewhat terrible. Will return it.,Negative
7083,I think the design proved to be excellent. Will buy again.,Positive
7084,The design looks dreadful. Total waste of money.,Negative
7085,I think the product was awesome. Exceeded expectations.,Positive
7086,I think my experience proved to be perfect. Will buy again.,Positive
7087,I think the price feels fantastic. Exceeded expectations.,Positive
7088,I think the packaging proved to be superb. I love it.,Positive
7089,My experience proved to be perfect. Will buy again.,Positive
7090,My experience was really fine. As expected.,Neutral
7091,This item was quite worst. Total waste of money.,Negative
7092,The packaging seems normal. Nothing special.,Neutral
7093,The service is completely excellent. Exceeded expectations.,Positive
7094,The price is mediocre. It does the job.,Neutral
7095,The product feels wonderful. Best purchase ever.,Positive
7096,Customer support is excellent. Very satisfied.,Positive
7097,The product is fairly stellar. Exceeded expectations.,Positive
7098,Customer support looks worst. I hate it.,Negative
7099,"The quality is acceptable. Not bad, not great.",Neutral
7100,This item is awful. Will return it.,Negative
7101,I think the design feels fine. Serves its purpose.,Neutral
7102,The packaging was superb. Exceeded expectations.,Positive
7103,I think this item is stellar. Highly recommended!,Positive
7104,The product is disappointing. Save your money.,Negative
7105,I think the quality feels awesome. Best purchase ever.,Positive
7106,My experience looks somewhat wonderful. I love it.,Positive
7107,The price seems truly brilliant. Highly recommended!,Positive
7108,I think this item seems brilliant. Exceeded expectations.,Positive
7109,The design proved to be very amazing. Highly recommended!,Positive
7110,The service is useless. I hate it.,Negative
7111,I think my experience proved to be terrible. Total waste of money.,Negative
7112,Delivery was fine. Might buy again.,Neutral
7113,The design feels terrible. Save your money.,Negative
7114,My experience is really okay. It does the job.,Neutral
7115,I think delivery is wonderful. Will buy again.,Positive
7116,The product was totally excellent. Very satisfied.,Positive
7117,The design seems quite fine. Serves its purpose.,Neutral
7118,I think delivery seems brilliant. I love it.,Positive
7119,I think the service looks typical. It does the job.,Neutral
7120,This item is excellent. I love it.,Positive
7121,The service was completely perfect. Best purchase ever.,Positive
7122,I think the design is awful. Total waste of money.,Negative
7123,The packaging is dreadful. Do not buy.,Negative
7124,I think the packaging looks wonderful. Best purchase ever.,Neutral
7125,The product seems very fine. Serves its purpose.,Neutral
7126,Customer support feels really disappointing. Very frustrated.,Negative
7127,Customer support seems mediocre. Serves its purpose.,Neutral
7128,"The service feels fine. Not bad, not great.",Neutral
7129,Delivery was fairly awesome. Will buy again.,Positive
7130,I think the design feels typical. As expected.,Negative
7131,The design proved to be perfect. Very satisfied.,Positive
7132,I think delivery is fantastic. Best purchase ever.,Positive
7133,I think the packaging proved to be normal. Nothing special.,Neutral
7134,I think the design seems amazing. Highly recommended!,Positive
7135,I think customer support looks stellar. Exceeded expectations.,Positive
7136,The price proved to be amazing. Highly recommended!,Positive
7137,The design was disappointing. Save your money.,Negative
7138,My experience is amazing. Will buy again.,Positive
7139,The packaging feels fairly disappointing. Will return it.,Negative
7140,This item was really perfect. Highly recommended!,Positive
7141,Delivery was absolutely terrible. Total waste of money.,Positive
7142,My experience was poor. Save your money.,Negative
7143,The quality proved to be very stellar. Highly recommended!,Positive
7144,The packaging looks worst. Save your money.,Negative
7145,The design seems really useless. Will return it.,Negative
7146,Delivery feels bad. Save your money.,Negative
7147,I think the quality is fantastic. Will buy again.,Positive
7148,Customer support is extremely horrible. Total waste of money.,Negative
7149,The service proved to be totally superb. I love it.,Positive
7150,The quality was superb. Will buy again.,Positive
7151,I think the quality proved to be amazing. I love it.,Positive
7152,My experience proved to be absolutely subpar. Very frustrated.,Negative
7153,The quality proved to be quite normal. It does the job.,Neutral
7154,The packaging looks worst. Will return it.,Negative
7155,My experience feels fairly excellent. Exceeded expectations.,Positive
7156,The packaging seems wonderful. I love it.,Negative
7157,I think the packaging proved to be terrible. Total waste of money.,Negative
7158,I think the packaging proved to be subpar. Do not buy.,Negative
7159,This item seems very useless. Will return it.,Negative
7160,I think the service feels excellent. Best purchase ever.,Positive
7161,I think customer support feels terrible. Very frustrated.,Negative
7162,The service is excellent. I love it.,Positive
7163,I think this item was amazing. Will buy again.,Positive
7164,Delivery was really dreadful. Save your money.,Negative
7165,The design looks awful. Save your money.,Negative
7166,"The quality feels totally acceptable. Not bad, not great.",Neutral
7167,The design is great. Best purchase ever.,Positive
7168,The quality seems excellent. Very satisfied.,Positive
7169,I think the packaging looks normal. As expected.,Neutral
7170,I think the price feels subpar. Do not buy.,Negative
7171,The price was average. As expected.,Neutral
7172,The quality was perfect. I love it.,Positive
7173,The quality is quite superb. Highly recommended!,Positive
7174,Delivery was stellar. Exceeded expectations.,Positive
7175,I think my experience is standard. Nothing special.,Neutral
7176,Customer support seems subpar. Do not buy.,Negative
7177,I think my experience proved to be brilliant. Best purchase ever.,Positive
7178,I think my experience is awesome. Very satisfied.,Positive
7179,This item proved to be absolutely useless. Total waste of money.,Positive
7180,I think my experience was terrible. Will return it.,Positive
7181,I think the product seems superb. Exceeded expectations.,Positive
7182,I think my experience is okay. As expected.,Neutral
7183,I think the packaging is standard. It does the job.,Neutral
7184,The quality looks stellar. Best purchase ever.,Positive
7185,The packaging seems absolutely disappointing. Do not buy.,Negative
7186,Customer support seems worst. Will return it.,Negative
7187,I think the quality was excellent. Very satisfied.,Positive
7188,I think the quality looks excellent. Very satisfied.,Positive
7189,I think the service proved to be standard. As expected.,Neutral
7190,The design proved to be mediocre. Might buy again.,Neutral
7191,The product seems disappointing. Will return it.,Negative
7192,The packaging seems disappointing. Will return it.,Positive
7193,The quality was totally standard. It does the job.,Neutral
7194,The service was completely standard. As expected.,Neutral
7195,The design feels fine. Nothing special.,Neutral
7196,The price proved to be excellent. Highly recommended!,Positive
7197,Customer support feels regular. Might buy again.,Negative
7198,This item looks totally terrible. Will return it.,Positive
7199,I think this item looks poor. Do not buy.,Negative
7200,The design feels poor. Very frustrated.,Negative
7201,The product proved to be brilliant. Exceeded expectations.,Positive
7202,Delivery is normal. Might buy again.,Neutral
7203,"Delivery proved to be completely fine. Not bad, not great.",Neutral
7204,This item feels extremely fantastic. Very satisfied.,Positive
7205,The quality was absolutely stellar. Best purchase ever.,Positive
7206,The price was extremely awful. Save your money.,Negative
7207,Customer support looks mediocre. It does the job.,Neutral
7208,I think the packaging seems fine. Serves its purpose.,Neutral
7209,Delivery was horrible. Do not buy.,Negative
7210,The packaging proved to be very disappointing. I hate it.,Negative
7211,Delivery is superb. Very satisfied.,Positive
7212,The product is quite worst. Will return it.,Negative
7213,The service proved to be brilliant. Best purchase ever.,Positive
7214,I think the price was brilliant. Best purchase ever.,Positive
7215,The design proved to be quite excellent. Will buy again.,Positive
7216,The price proved to be very fantastic. Highly recommended!,Positive
7217,I think delivery looks normal. Might buy again.,Neutral
7218,The product was absolutely wonderful. Will buy again.,Positive
7219,I think the design proved to be fantastic. Very satisfied.,Positive
7220,Delivery feels bad. Total waste of money.,Negative
7221,I think the service was wonderful. Very satisfied.,Positive
7222,The packaging seems fairly terrible. Very frustrated.,Negative
7223,The price was amazing. I love it.,Positive
7224,The quality feels worst. I hate it.,Negative
7225,This item feels very average. It does the job.,Negative
7226,I think the quality feels useless. Very frustrated.,Negative
7227,I think customer support is awesome. Exceeded expectations.,Positive
7228,Customer support is completely fair. Serves its purpose.,Neutral
7229,I think the service seems worst. I hate it.,Negative
7230,I think customer support is awful. Will return it.,Negative
7231,The quality looks bad. Very frustrated.,Negative
7232,I think the price looks bad. Save your money.,Negative
7233,The product seems worst. Total waste of money.,Negative
7234,I think the design is regular. As expected.,Neutral
7235,The packaging is typical. Nothing special.,Neutral
7236,"I think delivery feels average. Not bad, not great.",Neutral
7237,The packaging is regular. Serves its purpose.,Neutral
7238,I think the service looks acceptable. As expected.,Neutral
7239,The design looks completely subpar. I hate it.,Negative
7240,I think the service was disappointing. I hate it.,Negative
7241,The product was quite wonderful. I love it.,Positive
7242,I think the service feels wonderful. Highly recommended!,Positive
7243,Customer support seems perfect. Very satisfied.,Positive
7244,I think the packaging is excellent. Will buy again.,Positive
7245,Delivery feels very awful. Total waste of money.,Negative
7246,I think the price was typical. It does the job.,Neutral
7247,I think the design seems terrible. Do not buy.,Negative
7248,The product was bad. Very frustrated.,Positive
7249,I think delivery seems excellent. Highly recommended!,Positive
7250,My experience is fairly normal. As expected.,Neutral
7251,The product looks great. I love it.,Positive
7252,I think delivery was mediocre. As expected.,Neutral
7253,This item seems extremely amazing. Best purchase ever.,Positive
7254,The packaging is mediocre. Serves its purpose.,Neutral
7255,The service looks bad. Very frustrated.,Negative
7256,The design feels worst. Very frustrated.,Negative
7257,I think the quality was awesome. Best purchase ever.,Positive
7258,My experience proved to be totally excellent. Very satisfied.,Positive
7259,The packaging proved to be useless. I hate it.,Negative
7260,The quality is brilliant. Highly recommended!,Positive
7261,I think this item was wonderful. Will buy again.,Positive
7262,My experience is truly poor. I hate it.,Negative
7263,Customer support proved to be totally fair. Might buy again.,Neutral
7264,The design proved to be excellent. Very satisfied.,Positive
7265,The packaging looks completely excellent. Very satisfied.,Positive
7266,The quality feels quite terrible. Will return it.,Negative
7267,The quality seems stellar. Very satisfied.,Positive
7268,I think my experience looks wonderful. Very satisfied.,Positive
7269,The price proved to be completely excellent. Best purchase ever.,Positive
7270,My experience is superb. I love it.,Positive
7271,I think the service proved to be stellar. Very satisfied.,Positive
7272,This item looks completely subpar. Save your money.,Negative
7273,I think the quality proved to be fine. Serves its purpose.,Neutral
7274,Delivery is bad. Very frustrated.,Negative
7275,The quality feels very normal. It does the job.,Neutral
7276,The quality proved to be great. I love it.,Neutral
7277,I think the product proved to be useless. Total waste of money.,Negative
7278,The product proved to be truly brilliant. Will buy again.,Positive
7279,"This item seems average. Not bad, not great.",Negative
7280,I think the service feels wonderful. Best purchase ever.,Positive
7281,The price proved to be very horrible. Will return it.,Negative
7282,I think delivery feels acceptable. Serves its purpose.,Neutral
7283,Delivery feels awesome. Highly recommended!,Positive
7284,I think this item proved to be great. Best purchase ever.,Positive
7285,The product was awesome. Very satisfied.,Positive
7286,I think my experience feels average. Might buy again.,Neutral
7287,I think my experience seems horrible. I hate it.,Negative
7288,I think customer support proved to be subpar. Very frustrated.,Negative
7289,Customer support is awful. Very frustrated.,Negative
7290,I think the design was useless. Save your money.,Positive
7291,I think my experience looks awful. I hate it.,Negative
7292,I think the price was wonderful. Very satisfied.,Positive
7293,Customer support proved to be horrible. Very frustrated.,Negative
7294,Delivery is poor. I hate it.,Negative
7295,Delivery feels totally worst. Total waste of money.,Negative
7296,The service is fairly terrible. Total waste of money.,Negative
7297,Customer support looks absolutely worst. Total waste of money.,Negative
7298,The product seems somewhat poor. I hate it.,Negative
7299,The quality proved to be bad. I hate it.,Negative
7300,I think my experience looks subpar. Very frustrated.,Negative
7301,The quality was truly subpar. Will return it.,Negative
7302,The packaging was somewhat superb. Exceeded expectations.,Positive
7303,I think this item is wonderful. I love it.,Positive
7304,This item seems quite wonderful. Will buy again.,Positive
7305,Delivery feels really perfect. Very satisfied.,Positive
7306,The price was excellent. Will buy again.,Positive
7307,The packaging was stellar. Best purchase ever.,Neutral
7308,This item seems worst. Total waste of money.,Negative
7309,I think this item proved to be perfect. Will buy again.,Positive
7310,My experience seems awful. Do not buy.,Negative
7311,The packaging seems disappointing. Total waste of money.,Negative
7312,The packaging was fantastic. Very satisfied.,Positive
7313,Delivery seems mediocre. Nothing special.,Neutral
7314,The design proved to be awful. Will return it.,Negative
7315,I think the service was perfect. Will buy again.,Positive
7316,The quality proved to be horrible. Total waste of money.,Negative
7317,This item seems totally excellent. I love it.,Positive
7318,The product looks absolutely normal. Nothing special.,Neutral
7319,The product was completely bad. Total waste of money.,Negative
7320,The quality looks very awesome. Will buy again.,Positive
7321,This item looks disappointing. Total waste of money.,Negative
7322,The price seems horrible. Very frustrated.,Negative
7323,Delivery looks superb. Very satisfied.,Positive
7324,The design feels totally horrible. Will return it.,Negative
7325,I think the service proved to be stellar. Will buy again.,Positive
7326,The product is fantastic. Exceeded expectations.,Positive
7327,This item feels awesome. Highly recommended!,Positive
7328,Customer support seems awful. Save your money.,Negative
7329,I think the price feels poor. Do not buy.,Negative
7330,The design was disappointing. Very frustrated.,Negative
7331,I think the quality looks perfect. Highly recommended!,Positive
7332,I think the service is typical. Nothing special.,Neutral
7333,"I think the design looks fair. Not bad, not great.",Neutral
7334,The service is extremely bad. I hate it.,Negative
7335,I think the product is poor. Total waste of money.,Negative
7336,"The quality proved to be somewhat fair. Not bad, not great.",Neutral
7337,The product is standard. As expected.,Neutral
7338,Delivery seems totally subpar. Will return it.,Negative
7339,The service feels completely stellar. Best purchase ever.,Positive
7340,I think my experience is brilliant. Will buy again.,Positive
7341,The service proved to be completely awful. Will return it.,Negative
7342,Customer support proved to be fine. Nothing special.,Neutral
7343,I think this item looks useless. Save your money.,Negative
7344,The product feels subpar. Total waste of money.,Negative
7345,Customer support proved to be somewhat bad. I hate it.,Negative
7346,The product was fine. As expected.,Neutral
7347,The packaging feels useless. Save your money.,Negative
7348,The price is completely perfect. Highly recommended!,Positive
7349,Delivery feels very awful. Will return it.,Negative
7350,I think delivery feels excellent. I love it.,Positive
7351,The quality feels completely stellar. Highly recommended!,Positive
7352,The service proved to be okay. As expected.,Neutral
7353,The price seems quite subpar. Save your money.,Negative
7354,The quality seems subpar. Do not buy.,Negative
7355,Delivery looks quite normal. Nothing special.,Neutral
7356,I think the service looks terrible. I hate it.,Negative
7357,I think the quality proved to be superb. Exceeded expectations.,Positive
7358,The quality feels fairly disappointing. Save your money.,Negative
7359,Delivery proved to be really perfect. Very satisfied.,Positive
7360,I think delivery is superb. Very satisfied.,Positive
7361,I think the product is awful. Total waste of money.,Negative
7362,This item was quite okay. As expected.,Negative
7363,Customer support feels bad. Will return it.,Negative
7364,This item looks somewhat stellar. Best purchase ever.,Positive
7365,The quality seems totally terrible. I hate it.,Negative
7366,The quality is bad. Very frustrated.,Negative
7367,Delivery proved to be quite perfect. I love it.,Positive
7368,I think the packaging proved to be poor. Do not buy.,Negative
7369,I think the product seems disappointing. I hate it.,Negative
7370,This item proved to be perfect. Highly recommended!,Positive
7371,I think customer support looks awful. Total waste of money.,Negative
7372,My experience is poor. Very frustrated.,Negative
7373,This item is bad. Will return it.,Negative
7374,The product looks perfect. Very satisfied.,Positive
7375,The product is normal. It does the job.,Neutral
7376,The design is disappointing. Will return it.,Negative
7377,I think this item is awesome. Exceeded expectations.,Positive
7378,The price proved to be horrible. Save your money.,Negative
7379,I think the packaging looks disappointing. Total waste of money.,Negative
7380,Delivery proved to be amazing. Very satisfied.,Positive
7381,Customer support looks horrible. Will return it.,Negative
7382,The price seems horrible. I hate it.,Negative
7383,"Delivery proved to be totally acceptable. Not bad, not great.",Neutral
7384,Customer support was very brilliant. Best purchase ever.,Positive
7385,The service was awesome. Highly recommended!,Positive
7386,This item feels dreadful. I hate it.,Negative
7387,The service feels completely awful. Save your money.,Negative
7388,I think the packaging proved to be average. Might buy again.,Neutral
7389,The price is really okay. Nothing special.,Neutral
7390,Delivery seems really terrible. Very frustrated.,Negative
7391,The service proved to be poor. Save your money.,Negative
7392,Customer support seems perfect. Best purchase ever.,Positive
7393,This item seems poor. Will return it.,Negative
7394,I think the product was poor. Do not buy.,Negative
7395,My experience is amazing. Will buy again.,Positive
7396,The design was poor. Save your money.,Negative
7397,The packaging is great. Will buy again.,Positive
7398,Customer support proved to be brilliant. Very satisfied.,Positive
7399,I think the price is stellar. Best purchase ever.,Positive
7400,I think customer support seems wonderful. Highly recommended!,Positive
7401,Customer support proved to be dreadful. Total waste of money.,Negative
7402,The price seems bad. Will return it.,Positive
7403,Customer support seems somewhat poor. Very frustrated.,Negative
7404,The packaging seems poor. Very frustrated.,Negative
7405,Customer support was useless. Save your money.,Negative
7406,My experience looks totally normal. As expected.,Neutral
7407,"I think the service is regular. Not bad, not great.",Neutral
7408,I think the quality feels typical. Serves its purpose.,Neutral
7409,My experience feels poor. Will return it.,Negative
7410,The packaging seems stellar. Exceeded expectations.,Positive
7411,I think the service feels fantastic. I love it.,Positive
7412,Customer support feels poor. Very frustrated.,Negative
7413,The service feels totally stellar. Very satisfied.,Positive
7414,This item proved to be awful. Very frustrated.,Negative
7415,The quality seems fantastic. Will buy again.,Positive
7416,The product seems extremely regular. Might buy again.,Neutral
7417,The packaging proved to be really stellar. Highly recommended!,Positive
7418,Customer support is mediocre. Might buy again.,Neutral
7419,Customer support looks truly excellent. Best purchase ever.,Positive
7420,This item feels worst. Do not buy.,Negative
7421,The service looks excellent. I love it.,Positive
7422,I think the product seems typical. Nothing special.,Neutral
7423,Customer support is completely excellent. Will buy again.,Positive
7424,I think the service looks worst. Will return it.,Negative
7425,The price seems completely subpar. Do not buy.,Negative
7426,My experience looks truly disappointing. I hate it.,Negative
7427,The product is completely horrible. Will return it.,Negative
7428,This item looks very terrible. Very frustrated.,Negative
7429,This item is very dreadful. Save your money.,Negative
7430,The price proved to be completely dreadful. Save your money.,Negative
7431,This item feels totally typical. Nothing special.,Neutral
7432,The product seems horrible. Save your money.,Negative
7433,Delivery was totally normal. As expected.,Neutral
7434,This item looks completely poor. Total waste of money.,Negative
7435,The design looks awful. Save your money.,Negative
7436,I think the quality proved to be bad. Save your money.,Negative
7437,"The price is standard. Not bad, not great.",Neutral
7438,This item is totally superb. Highly recommended!,Positive
7439,I think this item is brilliant. Exceeded expectations.,Positive
7440,Customer support feels fine. Nothing special.,Neutral
7441,The design feels worst. I hate it.,Negative
7442,The service proved to be awesome. Very satisfied.,Positive
7443,I think my experience proved to be bad. Total waste of money.,Negative
7444,The quality looks disappointing. Will return it.,Negative
7445,The quality was quite awful. I hate it.,Neutral
7446,The service seems very subpar. Very frustrated.,Negative
7447,My experience feels useless. Save your money.,Negative
7448,I think the price feels perfect. Best purchase ever.,Positive
7449,I think customer support proved to be perfect. I love it.,Positive
7450,I think the service looks fine. As expected.,Neutral
7451,Customer support feels poor. Total waste of money.,Negative
7452,I think this item was subpar. Total waste of money.,Negative
7453,The product seems superb. Will buy again.,Positive
7454,The product is really terrible. Will return it.,Negative
7455,The design looks bad. Save your money.,Negative
7456,The design is terrible. Will return it.,Negative
7457,The product seems totally stellar. Best purchase ever.,Positive
7458,The packaging feels excellent. Very satisfied.,Positive
7459,Delivery feels useless. Total waste of money.,Negative
7460,The design looks completely useless. Save your money.,Negative
7461,The design seems useless. Total waste of money.,Negative
7462,I think this item looks useless. Save your money.,Negative
7463,Customer support seems stellar. Highly recommended!,Positive
7464,The product is perfect. Best purchase ever.,Positive
7465,The quality seems superb. Best purchase ever.,Positive
7466,The quality feels fairly awful. Very frustrated.,Negative
7467,I think the packaging was brilliant. Exceeded expectations.,Positive
7468,Delivery feels somewhat subpar. Do not buy.,Negative
7469,I think the service seems wonderful. I love it.,Neutral
7470,Delivery is dreadful. Do not buy.,Negative
7471,I think delivery feels useless. Very frustrated.,Negative
7472,The design was really awful. I hate it.,Neutral
7473,The design is disappointing. Save your money.,Negative
7474,The design feels truly mediocre. It does the job.,Neutral
7475,I think the service was superb. I love it.,Positive
7476,I think delivery looks mediocre. It does the job.,Neutral
7477,I think customer support feels stellar. Very satisfied.,Positive
7478,Customer support seems really awesome. I love it.,Positive
7479,The packaging proved to be extremely perfect. I love it.,Positive
7480,The price proved to be somewhat wonderful. Exceeded expectations.,Positive
7481,This item was worst. Very frustrated.,Negative
7482,The design was amazing. I love it.,Positive
7483,I think this item proved to be disappointing. I hate it.,Negative
7484,The design proved to be fairly fantastic. I love it.,Positive
7485,My experience seems horrible. Will return it.,Positive
7486,Delivery seems quite brilliant. I love it.,Positive
7487,My experience was awful. Do not buy.,Negative
7488,The price is dreadful. I hate it.,Negative
7489,Customer support looks superb. Will buy again.,Positive
7490,The product feels absolutely poor. Will return it.,Negative
7491,I think customer support looks subpar. Will return it.,Negative
7492,I think the product is worst. Very frustrated.,Negative
7493,The packaging was truly terrible. Save your money.,Negative
7494,I think the quality was horrible. Very frustrated.,Negative
7495,My experience proved to be brilliant. Exceeded expectations.,Positive
7496,The price was quite standard. It does the job.,Neutral
7497,The design looks poor. Will return it.,Negative
7498,I think the packaging feels disappointing. Very frustrated.,Negative
7499,The product seems great. Will buy again.,Positive
7500,The price is typical. Serves its purpose.,Neutral
7501,My experience feels totally perfect. I love it.,Positive
7502,I think the price is bad. Will return it.,Negative
7503,"I think delivery seems typical. Not bad, not great.",Neutral
7504,My experience is fairly fantastic. Best purchase ever.,Positive
7505,I think the quality proved to be amazing. Best purchase ever.,Positive
7506,The quality looks average. Might buy again.,Negative
7507,I think the product looks awesome. Highly recommended!,Positive
7508,My experience is perfect. Very satisfied.,Positive
7509,I think the service feels great. I love it.,Positive
7510,The product proved to be worst. Total waste of money.,Negative
7511,The price looks very bad. Will return it.,Negative
7512,My experience was totally wonderful. I love it.,Positive
7513,The design is great. Very satisfied.,Positive
7514,I think this item proved to be average. It does the job.,Neutral
7515,The product is fairly disappointing. Very frustrated.,Negative
7516,I think this item proved to be subpar. I hate it.,Negative
7517,Delivery was absolutely wonderful. Highly recommended!,Positive
7518,Delivery is fantastic. Highly recommended!,Positive
7519,I think this item looks dreadful. Save your money.,Negative
7520,I think customer support is great. Exceeded expectations.,Positive
7521,I think delivery seems great. Exceeded expectations.,Positive
7522,Delivery feels horrible. Very frustrated.,Negative
7523,The quality seems poor. Very frustrated.,Negative
7524,I think my experience seems normal. Serves its purpose.,Neutral
7525,Customer support is amazing. Exceeded expectations.,Positive
7526,The packaging looks bad. Do not buy.,Negative
7527,Customer support was totally fantastic. Exceeded expectations.,Positive
7528,I think the quality seems dreadful. Will return it.,Neutral
7529,The price feels dreadful. Do not buy.,Negative
7530,I think the packaging looks poor. Save your money.,Negative
7531,The product feels completely terrible. Very frustrated.,Negative
7532,I think the design proved to be dreadful. Save your money.,Negative
7533,I think customer support was horrible. Save your money.,Negative
7534,Customer support proved to be superb. I love it.,Positive
7535,The packaging proved to be absolutely fantastic. Exceeded expectations.,Positive
7536,I think the product was awesome. Exceeded expectations.,Positive
7537,This item seems brilliant. Highly recommended!,Positive
7538,My experience proved to be really useless. Will return it.,Negative
7539,I think the price looks brilliant. Exceeded expectations.,Positive
7540,I think the product was wonderful. I love it.,Positive
7541,I think the design proved to be bad. Will return it.,Negative
7542,The price is really worst. Save your money.,Negative
7543,The packaging is very brilliant. I love it.,Positive
7544,The quality is regular. Nothing special.,Neutral
7545,I think the service proved to be disappointing. Will return it.,Positive
7546,The packaging proved to be average. Nothing special.,Neutral
7547,I think customer support seems horrible. Save your money.,Negative
7548,The packaging feels dreadful. Very frustrated.,Negative
7549,Delivery looks truly worst. Total waste of money.,Negative
7550,The product looks fantastic. Best purchase ever.,Positive
7551,I think the design feels stellar. Exceeded expectations.,Positive
7552,The packaging feels extremely disappointing. Do not buy.,Negative
7553,I think my experience is brilliant. Highly recommended!,Positive
7554,I think this item looks great. Highly recommended!,Positive
7555,The service feels totally great. I love it.,Positive
7556,I think the quality was normal. Nothing special.,Neutral
7557,The packaging was great. Best purchase ever.,Positive
7558,I think the service was fair. Serves its purpose.,Neutral
7559,"I think the price looks fair. Not bad, not great.",Neutral
7560,I think customer support proved to be terrible. Save your money.,Negative
7561,I think the quality feels great. Exceeded expectations.,Positive
7562,I think the service feels useless. Total waste of money.,Negative
7563,The design feels horrible. Total waste of money.,Negative
7564,The packaging is somewhat great. Highly recommended!,Positive
7565,My experience looks absolutely dreadful. Total waste of money.,Negative
7566,This item is somewhat excellent. Best purchase ever.,Positive
7567,The quality was normal. Might buy again.,Neutral
7568,The quality looks great. I love it.,Positive
7569,My experience feels fairly bad. Total waste of money.,Negative
7570,I think the product proved to be amazing. Best purchase ever.,Positive
7571,The service was awful. Do not buy.,Negative
7572,The design feels worst. I hate it.,Negative
7573,My experience looks fantastic. Exceeded expectations.,Positive
7574,I think my experience seems stellar. Best purchase ever.,Positive
7575,My experience looks extremely fine. As expected.,Negative
7576,I think the packaging seems fantastic. Highly recommended!,Positive
7577,I think the price is awful. Very frustrated.,Negative
7578,I think delivery looks awesome. Highly recommended!,Positive
7579,Delivery was perfect. Very satisfied.,Neutral
7580,The packaging is truly poor. Will return it.,Negative
7581,I think the product feels awesome. Very satisfied.,Positive
7582,"I think the design was mediocre. Not bad, not great.",Neutral
7583,"The design looks completely fair. Not bad, not great.",Neutral
7584,The service feels okay. It does the job.,Neutral
7585,The design proved to be mediocre. It does the job.,Neutral
7586,I think the quality feels great. Best purchase ever.,Positive
7587,Customer support feels average. Serves its purpose.,Neutral
7588,Delivery was dreadful. Do not buy.,Negative
7589,I think this item looks disappointing. Total waste of money.,Negative
7590,Delivery proved to be absolutely mediocre. As expected.,Neutral
7591,The product feels totally superb. Best purchase ever.,Positive
7592,I think customer support seems excellent. Best purchase ever.,Positive
7593,"I think customer support is mediocre. Not bad, not great.",Neutral
7594,I think the design looks great. I love it.,Positive
7595,Delivery proved to be excellent. Very satisfied.,Positive
7596,This item was extremely superb. I love it.,Positive
7597,I think the quality is fantastic. Very satisfied.,Positive
7598,The quality was fairly poor. Total waste of money.,Positive
7599,"I think the packaging looks fair. Not bad, not great.",Neutral
7600,I think my experience feels dreadful. Do not buy.,Negative
7601,I think my experience feels typical. Nothing special.,Neutral
7602,I think the design is acceptable. As expected.,Neutral
7603,The quality looks somewhat fine. Serves its purpose.,Neutral
7604,I think the price was stellar. Highly recommended!,Positive
7605,The quality proved to be fairly terrible. Will return it.,Positive
7606,Delivery proved to be completely terrible. Total waste of money.,Negative
7607,I think delivery was awesome. Highly recommended!,Positive
7608,I think my experience is awesome. I love it.,Positive
7609,I think the service feels bad. Will return it.,Negative
7610,Delivery looks worst. Very frustrated.,Negative
7611,Delivery looks quite brilliant. Very satisfied.,Positive
7612,"The price seems standard. Not bad, not great.",Neutral
7613,The packaging is superb. Exceeded expectations.,Positive
7614,Customer support looks terrible. Total waste of money.,Negative
7615,The quality proved to be totally mediocre. Might buy again.,Neutral
7616,I think delivery is amazing. Will buy again.,Positive
7617,The service seems useless. Very frustrated.,Negative
7618,The price feels useless. Very frustrated.,Negative
7619,I think customer support was amazing. Will buy again.,Positive
7620,Customer support is subpar. Total waste of money.,Negative
7621,I think delivery looks perfect. Very satisfied.,Positive
7622,My experience is completely poor. Will return it.,Negative
7623,"The design proved to be fairly regular. Not bad, not great.",Neutral
7624,I think customer support proved to be stellar. I love it.,Positive
7625,I think the design is wonderful. Best purchase ever.,Positive
7626,The quality was quite worst. Save your money.,Negative
7627,I think the price seems fantastic. Exceeded expectations.,Positive
7628,I think the price feels regular. Serves its purpose.,Neutral
7629,The product seems absolutely subpar. Save your money.,Negative
7630,I think delivery is worst. Total waste of money.,Negative
7631,I think the price proved to be stellar. I love it.,Positive
7632,I think delivery feels awful. Do not buy.,Neutral
7633,I think the product was awful. Total waste of money.,Negative
7634,I think the design is perfect. Best purchase ever.,Positive
7635,The design was very perfect. Will buy again.,Positive
7636,The price proved to be really fantastic. Will buy again.,Positive
7637,The quality seems really great. Exceeded expectations.,Positive
7638,I think this item proved to be perfect. I love it.,Positive
7639,The design seems extremely awful. Total waste of money.,Negative
7640,I think customer support was terrible. Save your money.,Negative
7641,This item proved to be excellent. Will buy again.,Positive
7642,The packaging is really fantastic. I love it.,Positive
7643,Delivery is great. Highly recommended!,Positive
7644,The price looks fairly regular. As expected.,Positive
7645,Customer support proved to be really stellar. Best purchase ever.,Positive
7646,I think delivery looks excellent. I love it.,Positive
7647,The quality feels excellent. Will buy again.,Positive
7648,The service was standard. Might buy again.,Neutral
7649,The price is extremely fine. Might buy again.,Neutral
7650,I think customer support was disappointing. Total waste of money.,Negative
7651,I think the product feels mediocre. It does the job.,Neutral
7652,I think the quality seems excellent. Best purchase ever.,Positive
7653,I think the packaging feels stellar. Best purchase ever.,Positive
7654,I think the quality is normal. As expected.,Neutral
7655,The product proved to be wonderful. Will buy again.,Positive
7656,I think delivery looks great. Highly recommended!,Positive
7657,The price is completely wonderful. Will buy again.,Positive
7658,Delivery is dreadful. Do not buy.,Negative
7659,Customer support seems useless. Save your money.,Negative
7660,I think the price seems useless. Will return it.,Negative
7661,The design feels fairly fantastic. I love it.,Positive
7662,The design feels completely excellent. Highly recommended!,Positive
7663,Customer support looks extremely brilliant. Will buy again.,Positive
7664,"I think the product is fine. Not bad, not great.",Neutral
7665,I think this item seems awesome. Exceeded expectations.,Positive
7666,I think delivery is disappointing. Do not buy.,Negative
7667,The packaging was amazing. I love it.,Negative
7668,The packaging is very poor. Do not buy.,Negative
7669,I think the packaging looks great. Exceeded expectations.,Positive
7670,This item feels absolutely amazing. Best purchase ever.,Positive
7671,The product feels totally bad. Total waste of money.,Negative
7672,The service proved to be fairly superb. Exceeded expectations.,Positive
7673,The quality proved to be awful. Total waste of money.,Negative
7674,I think the product feels typical. Nothing special.,Neutral
7675,I think my experience is superb. Highly recommended!,Positive
7676,I think this item proved to be fantastic. Exceeded expectations.,Positive
7677,The product is truly excellent. Best purchase ever.,Positive
7678,"Delivery is fairly regular. Not bad, not great.",Neutral
7679,I think customer support feels bad. Do not buy.,Negative
7680,The quality looks bad. Save your money.,Negative
7681,The service seems terrible. Total waste of money.,Negative
7682,I think the service looks poor. Total waste of money.,Negative
7683,My experience is very fair. As expected.,Neutral
7684,The quality was extremely fantastic. I love it.,Negative
7685,The price was somewhat excellent. Will buy again.,Positive
7686,The product is stellar. Exceeded expectations.,Positive
7687,Customer support feels subpar. Will return it.,Negative
7688,This item feels superb. I love it.,Positive
7689,Customer support feels disappointing. Total waste of money.,Negative
7690,The service feels wonderful. I love it.,Positive
7691,The packaging was really useless. Total waste of money.,Negative
7692,I think the quality looks awful. Will return it.,Negative
7693,This item seems somewhat dreadful. Save your money.,Negative
7694,The product feels truly terrible. Do not buy.,Negative
7695,The product seems completely superb. Exceeded expectations.,Positive
7696,Customer support looks brilliant. I love it.,Positive
7697,The product looks somewhat stellar. Exceeded expectations.,Positive
7698,The service seems acceptable. Serves its purpose.,Neutral
7699,The service looks extremely brilliant. Highly recommended!,Positive
7700,I think the quality looks stellar. Highly recommended!,Positive
7701,The design is really disappointing. Total waste of money.,Negative
7702,The service feels totally awful. I hate it.,Negative
7703,I think the packaging feels awesome. Best purchase ever.,Positive
7704,I think the product feels horrible. I hate it.,Negative
7705,I think the packaging looks mediocre. It does the job.,Neutral
7706,The quality was terrible. Will return it.,Negative
7707,The packaging looks somewhat poor. I hate it.,Negative
7708,I think the quality seems brilliant. Exceeded expectations.,Positive
7709,The price feels extremely dreadful. I hate it.,Negative
7710,This item proved to be superb. Best purchase ever.,Positive
7711,The service feels wonderful. Very satisfied.,Positive
7712,Delivery feels totally horrible. Total waste of money.,Negative
7713,I think the price feels typical. It does the job.,Neutral
7714,The product was really brilliant. Best purchase ever.,Positive
7715,The service looks normal. As expected.,Neutral
7716,I think the design looks bad. Do not buy.,Negative
7717,The price feels absolutely disappointing. Total waste of money.,Negative
7718,The price seems quite stellar. Exceeded expectations.,Positive
7719,The product was amazing. Exceeded expectations.,Positive
7720,The product feels quite normal. It does the job.,Neutral
7721,Customer support feels totally stellar. Very satisfied.,Positive
7722,I think the design is amazing. Highly recommended!,Positive
7723,This item proved to be typical. Serves its purpose.,Neutral
7724,I think customer support is dreadful. Will return it.,Negative
7725,I think the service feels average. Serves its purpose.,Positive
7726,The product proved to be extremely worst. Total waste of money.,Negative
7727,The service feels standard. Serves its purpose.,Neutral
7728,The price was stellar. Highly recommended!,Positive
7729,The quality was awesome. Will buy again.,Positive
7730,This item feels really stellar. Exceeded expectations.,Positive
7731,The price looks awesome. Very satisfied.,Positive
7732,Customer support feels somewhat great. Will buy again.,Positive
7733,The service feels awful. Will return it.,Negative
7734,This item looks quite wonderful. Exceeded expectations.,Positive
7735,The service was truly poor. Save your money.,Negative
7736,This item proved to be fantastic. Highly recommended!,Positive
7737,This item proved to be fairly subpar. Do not buy.,Negative
7738,I think the design proved to be superb. Best purchase ever.,Positive
7739,The design feels extremely perfect. Will buy again.,Positive
7740,The price feels absolutely horrible. Total waste of money.,Negative
7741,This item seems fairly useless. Do not buy.,Negative
7742,The quality looks superb. Highly recommended!,Positive
7743,My experience is horrible. Do not buy.,Negative
7744,This item looks dreadful. Very frustrated.,Negative
7745,The packaging looks stellar. I love it.,Positive
7746,I think the packaging was regular. As expected.,Neutral
7747,This item seems bad. Save your money.,Negative
7748,Delivery seems subpar. Total waste of money.,Negative
7749,I think customer support feels normal. As expected.,Neutral
7750,I think the price seems horrible. Total waste of money.,Negative
7751,I think the quality seems stellar. Best purchase ever.,Positive
7752,Customer support was poor. Save your money.,Negative
7753,I think delivery is awesome. Very satisfied.,Positive
7754,The design seems absolutely stellar. Will buy again.,Positive
7755,The service looks absolutely horrible. Do not buy.,Negative
7756,Customer support feels really superb. Will buy again.,Positive
7757,I think the service looks perfect. Highly recommended!,Positive
7758,I think customer support was worst. Very frustrated.,Positive
7759,Delivery proved to be fairly horrible. Do not buy.,Negative
7760,I think customer support proved to be awful. Very frustrated.,Negative
7761,Customer support feels somewhat normal. Serves its purpose.,Neutral
7762,Customer support feels extremely awful. Total waste of money.,Negative
7763,Delivery feels excellent. Exceeded expectations.,Positive
7764,The product looks awesome. Best purchase ever.,Positive
7765,The packaging was horrible. Save your money.,Negative
7766,The quality looks truly fantastic. Will buy again.,Positive
7767,I think the packaging feels worst. Very frustrated.,Negative
7768,The service feels completely excellent. Very satisfied.,Positive
7769,The quality is really dreadful. Very frustrated.,Neutral
7770,The design seems totally okay. As expected.,Neutral
7771,I think the product is perfect. I love it.,Positive
7772,Customer support seems really terrible. Total waste of money.,Negative
7773,The price was completely horrible. Do not buy.,Negative
7774,I think the design looks perfect. Very satisfied.,Positive
7775,The price feels absolutely stellar. Very satisfied.,Positive
7776,Delivery feels disappointing. Do not buy.,Negative
7777,I think my experience proved to be brilliant. Will buy again.,Positive
7778,"I think my experience is typical. Not bad, not great.",Positive
7779,I think this item is fine. As expected.,Neutral
7780,I think the service proved to be subpar. Save your money.,Negative
7781,Customer support feels somewhat terrible. Do not buy.,Neutral
7782,This item is terrible. Will return it.,Negative
7783,The product looks somewhat worst. Will return it.,Negative
7784,Delivery proved to be absolutely useless. I hate it.,Neutral
7785,The product was quite worst. Do not buy.,Negative
7786,I think the packaging seems bad. Total waste of money.,Negative
7787,I think the design is subpar. Do not buy.,Negative
7788,The price is fine. Serves its purpose.,Neutral
7789,I think the design was fair. It does the job.,Neutral
7790,I think the price was great. Will buy again.,Positive
7791,I think the price is brilliant. Very satisfied.,Positive
7792,The packaging is really useless. Total waste of money.,Negative
7793,I think the price proved to be useless. Will return it.,Negative
7794,I think the quality was excellent. I love it.,Positive
7795,I think delivery looks perfect. Very satisfied.,Positive
7796,The design feels totally perfect. Highly recommended!,Positive
7797,I think the quality seems awful. I hate it.,Negative
7798,The price feels awesome. Will buy again.,Positive
7799,"My experience feels totally fair. Not bad, not great.",Positive
7800,I think the packaging proved to be mediocre. It does the job.,Neutral
7801,The service was fairly terrible. Total waste of money.,Negative
7802,The price feels really awful. I hate it.,Negative
7803,The quality looks absolutely superb. Exceeded expectations.,Positive
7804,Customer support is disappointing. Total waste of money.,Negative
7805,I think my experience looks normal. As expected.,Neutral
7806,I think the packaging is worst. Will return it.,Negative
7807,Customer support feels subpar. Will return it.,Negative
7808,I think the price seems great. Best purchase ever.,Positive
7809,"This item feels very fine. Not bad, not great.",Positive
7810,I think the packaging proved to be superb. Highly recommended!,Positive
7811,I think the design proved to be subpar. Do not buy.,Negative
7812,The design was really awful. I hate it.,Negative
7813,The product looks truly dreadful. Will return it.,Negative
7814,Customer support feels quite typical. Might buy again.,Neutral
7815,This item was truly great. Best purchase ever.,Neutral
7816,I think my experience looks worst. Will return it.,Negative
7817,The design looks very bad. Save your money.,Negative
7818,The service feels really excellent. Highly recommended!,Positive
7819,I think delivery feels awesome. Will buy again.,Positive
7820,I think the product feels okay. Serves its purpose.,Neutral
7821,I think this item is worst. Total waste of money.,Negative
7822,"The price is average. Not bad, not great.",Neutral
7823,The product proved to be totally terrible. Save your money.,Negative
7824,The design is truly normal. It does the job.,Neutral
7825,The design seems perfect. Best purchase ever.,Positive
7826,I think the packaging is fantastic. Exceeded expectations.,Positive
7827,The service looks poor. Very frustrated.,Negative
7828,Customer support is truly awful. I hate it.,Negative
7829,Customer support is fantastic. Exceeded expectations.,Positive
7830,I think the packaging looks bad. Save your money.,Negative
7831,Delivery was great. Exceeded expectations.,Positive
7832,I think delivery was amazing. I love it.,Positive
7833,This item seems fairly standard. As expected.,Neutral
7834,Delivery looks really worst. Very frustrated.,Negative
7835,I think my experience proved to be excellent. Best purchase ever.,Positive
7836,"This item was regular. Not bad, not great.",Neutral
7837,I think customer support is average. As expected.,Positive
7838,The quality is fairly horrible. Will return it.,Negative
7839,I think the packaging proved to be awful. I hate it.,Negative
7840,I think the design seems awesome. Will buy again.,Positive
7841,I think the price feels superb. Very satisfied.,Positive
7842,The service looks awesome. Best purchase ever.,Positive
7843,The product proved to be really stellar. Exceeded expectations.,Positive
7844,I think customer support looks useless. Total waste of money.,Negative
7845,I think this item seems fantastic. Best purchase ever.,Positive
7846,I think the price feels dreadful. I hate it.,Negative
7847,The quality is totally subpar. Save your money.,Negative
7848,Delivery is somewhat wonderful. Highly recommended!,Positive
7849,The price looks quite superb. Best purchase ever.,Positive
7850,The service is disappointing. Very frustrated.,Negative
7851,"The packaging feels standard. Not bad, not great.",Neutral
7852,Customer support seems very subpar. Total waste of money.,Negative
7853,The packaging seems somewhat dreadful. Very frustrated.,Negative
7854,This item proved to be dreadful. Save your money.,Negative
7855,This item feels fantastic. Will buy again.,Positive
7856,The quality was truly subpar. I hate it.,Negative
7857,The product was extremely dreadful. Very frustrated.,Negative
7858,I think my experience proved to be useless. Very frustrated.,Negative
7859,My experience is typical. It does the job.,Neutral
7860,Delivery is standard. It does the job.,Neutral
7861,The product seems brilliant. I love it.,Positive
7862,The design proved to be stellar. Exceeded expectations.,Positive
7863,Delivery looks completely awesome. Very satisfied.,Positive
7864,The packaging seems truly fair. Might buy again.,Neutral
7865,The price proved to be fairly disappointing. Will return it.,Neutral
7866,The design looks bad. Will return it.,Neutral
7867,The service was perfect. Will buy again.,Positive
7868,I think the quality looks poor. Do not buy.,Negative
7869,The service looks truly great. I love it.,Positive
7870,The service is normal. It does the job.,Neutral
7871,The quality seems very normal. Nothing special.,Neutral
7872,I think the service feels worst. Save your money.,Negative
7873,The price is somewhat useless. I hate it.,Negative
7874,The price is fairly amazing. Best purchase ever.,Positive
7875,This item feels subpar. Will return it.,Negative
7876,"I think customer support feels typical. Not bad, not great.",Neutral
7877,The product was bad. Save your money.,Negative
7878,The service looks very perfect. I love it.,Positive
7879,The product seems totally awful. Will return it.,Negative
7880,My experience seems fantastic. I love it.,Positive
7881,Delivery was superb. Highly recommended!,Positive
7882,I think the product is brilliant. Very satisfied.,Positive
7883,The product was fairly horrible. Do not buy.,Negative
7884,I think my experience is poor. I hate it.,Negative
7885,My experience is truly mediocre. Might buy again.,Neutral
7886,I think the packaging was perfect. I love it.,Positive
7887,I think this item was fair. It does the job.,Neutral
7888,My experience looks really awesome. Highly recommended!,Positive
7889,This item proved to be great. Will buy again.,Positive
7890,I think the packaging was excellent. Highly recommended!,Positive
7891,The service proved to be poor. Very frustrated.,Negative
7892,I think the price seems fine. Nothing special.,Neutral
7893,The product feels useless. Will return it.,Negative
7894,I think the design is worst. Save your money.,Negative
7895,I think the product proved to be standard. Nothing special.,Positive
7896,Customer support was truly awesome. Exceeded expectations.,Positive
7897,Customer support looks completely subpar. Will return it.,Negative
7898,The product was disappointing. Do not buy.,Negative
7899,This item looks terrible. Very frustrated.,Negative
7900,Customer support is bad. I hate it.,Negative
7901,The price looks amazing. Very satisfied.,Positive
7902,Delivery was fantastic. Will buy again.,Positive
7903,I think delivery feels superb. Highly recommended!,Positive
7904,I think the price looks amazing. I love it.,Positive
7905,Customer support was excellent. Will buy again.,Positive
7906,I think delivery was awful. Very frustrated.,Negative
7907,I think the service proved to be amazing. Best purchase ever.,Positive
7908,The quality proved to be extremely poor. I hate it.,Negative
7909,I think customer support was disappointing. Save your money.,Negative
7910,The price was somewhat worst. Save your money.,Negative
7911,The packaging is terrible. Do not buy.,Negative
7912,I think the quality was horrible. Will return it.,Negative
7913,I think this item proved to be terrible. Will return it.,Negative
7914,The design proved to be extremely regular. It does the job.,Neutral
7915,The product feels really great. Very satisfied.,Positive
7916,I think the design seems average. Might buy again.,Neutral
7917,The service was very bad. I hate it.,Negative
7918,The design feels extremely useless. Save your money.,Negative
7919,This item is fantastic. Will buy again.,Positive
7920,The quality proved to be fairly worst. Save your money.,Negative
7921,The service proved to be normal. Might buy again.,Neutral
7922,This item proved to be awesome. Exceeded expectations.,Positive
7923,The design proved to be bad. Total waste of money.,Negative
7924,My experience feels really excellent. Very satisfied.,Positive
7925,The service seems useless. Will return it.,Negative
7926,I think the product feels worst. Very frustrated.,Negative
7927,Customer support proved to be regular. Nothing special.,Neutral
7928,The price is totally horrible. Do not buy.,Negative
7929,I think the design is okay. Might buy again.,Neutral
7930,I think the quality was useless. Very frustrated.,Negative
7931,I think my experience looks disappointing. Save your money.,Negative
7932,I think the design was great. Highly recommended!,Positive
7933,I think delivery was awful. Total waste of money.,Negative
7934,My experience feels quite brilliant. I love it.,Positive
7935,I think the quality was wonderful. Exceeded expectations.,Positive
7936,The product looks fairly great. I love it.,Positive
7937,Customer support seems fairly stellar. Best purchase ever.,Positive
7938,The product was perfect. Highly recommended!,Positive
7939,I think my experience feels okay. As expected.,Neutral
7940,Customer support looks superb. Highly recommended!,Positive
7941,The packaging proved to be quite amazing. Best purchase ever.,Positive
7942,The service seems quite superb. Will buy again.,Positive
7943,The product proved to be stellar. I love it.,Positive
7944,This item was normal. Might buy again.,Neutral
7945,"Delivery proved to be okay. Not bad, not great.",Neutral
7946,The product looks useless. I hate it.,Negative
7947,The quality is amazing. Will buy again.,Positive
7948,This item is wonderful. Best purchase ever.,Positive
7949,Customer support was poor. Total waste of money.,Neutral
7950,The packaging feels somewhat excellent. Best purchase ever.,Positive
7951,The price looks great. I love it.,Positive
7952,The quality is truly awful. Do not buy.,Negative
7953,The packaging is truly awful. I hate it.,Negative
7954,"I think the packaging was mediocre. Not bad, not great.",Neutral
7955,The price is really wonderful. Highly recommended!,Positive
7956,I think the price looks fine. Nothing special.,Neutral
7957,My experience was fairly poor. Save your money.,Negative
7958,I think the packaging is great. Very satisfied.,Positive
7959,This item was dreadful. Will return it.,Negative
7960,The packaging seems mediocre. As expected.,Neutral
7961,"My experience looks regular. Not bad, not great.",Negative
7962,The quality proved to be awesome. Very satisfied.,Positive
7963,My experience feels great. Highly recommended!,Positive
7964,The service looks somewhat useless. I hate it.,Negative
7965,I think the quality seems fair. Serves its purpose.,Neutral
7966,I think the product was worst. Will return it.,Negative
7967,I think my experience is brilliant. Highly recommended!,Positive
7968,My experience seems somewhat great. Very satisfied.,Positive
7969,The service is disappointing. Very frustrated.,Negative
7970,Delivery proved to be fair. Nothing special.,Neutral
7971,The price seems perfect. Very satisfied.,Positive
7972,The service proved to be amazing. I love it.,Positive
7973,The packaging looks acceptable. Nothing special.,Neutral
7974,The design is wonderful. Best purchase ever.,Positive
7975,My experience seems worst. Total waste of money.,Negative
7976,The quality is fair. As expected.,Neutral
7977,I think delivery was superb. I love it.,Positive
7978,I think the price looks bad. I hate it.,Negative
7979,The quality was extremely amazing. I love it.,Neutral
7980,The price feels disappointing. Will return it.,Negative
7981,I think the product looks mediocre. Nothing special.,Neutral
7982,I think the quality proved to be regular. As expected.,Neutral
7983,My experience was brilliant. Exceeded expectations.,Positive
7984,The service looks somewhat poor. Do not buy.,Negative
7985,I think the price looks fantastic. Exceeded expectations.,Positive
7986,The price seems extremely horrible. Save your money.,Negative
7987,This item is truly great. I love it.,Positive
7988,The design was terrible. Save your money.,Negative
7989,The service proved to be superb. Very satisfied.,Positive
7990,Customer support is extremely excellent. I love it.,Positive
7991,The product feels absolutely terrible. I hate it.,Negative
7992,The product seems very wonderful. Very satisfied.,Positive
7993,Customer support is very poor. I hate it.,Negative
7994,I think the design seems awful. I hate it.,Negative
7995,The quality was very superb. Best purchase ever.,Positive
7996,The packaging feels subpar. Will return it.,Negative
7997,The service looks typical. As expected.,Neutral
7998,I think the design proved to be awful. Total waste of money.,Negative
7999,The design seems totally awful. Very frustrated.,Negative
8000,I think the service feels disappointing. I hate it.,Positive
8001,The service was absolutely average. Nothing special.,Neutral
8002,I think my experience is average. Might buy again.,Neutral
8003,The design seems truly dreadful. Very frustrated.,Negative
8004,This item is terrible. I hate it.,Negative
8005,The quality was completely great. Will buy again.,Positive
8006,I think this item looks regular. As expected.,Neutral
8007,The service is quite wonderful. I love it.,Positive
8008,Customer support looks disappointing. Save your money.,Negative
8009,My experience looks fantastic. Highly recommended!,Positive
8010,My experience seems absolutely terrible. Do not buy.,Negative
8011,The service proved to be poor. Total waste of money.,Negative
8012,I think the packaging feels poor. Will return it.,Negative
8013,The packaging seems completely stellar. Exceeded expectations.,Positive
8014,The design proved to be truly amazing. I love it.,Positive
8015,I think this item was awesome. Exceeded expectations.,Positive
8016,I think the service proved to be great. Exceeded expectations.,Positive
8017,Delivery feels extremely awful. Very frustrated.,Negative
8018,The service looks really disappointing. Do not buy.,Negative
8019,I think the quality proved to be bad. Total waste of money.,Negative
8020,Customer support feels fairly poor. Total waste of money.,Negative
8021,The packaging feels average. It does the job.,Neutral
8022,The price looks subpar. I hate it.,Negative
8023,I think delivery feels fair. Might buy again.,Neutral
8024,"The packaging feels fair. Not bad, not great.",Neutral
8025,The price seems standard. As expected.,Neutral
8026,The packaging feels worst. Very frustrated.,Negative
8027,I think the product seems awful. Total waste of money.,Negative
8028,The quality seems useless. Save your money.,Negative
8029,The design is extremely great. Highly recommended!,Positive
8030,I think delivery proved to be horrible. Very frustrated.,Negative
8031,I think my experience was great. Will buy again.,Positive
8032,Customer support is awesome. Highly recommended!,Positive
8033,The product feels completely great. Very satisfied.,Positive
8034,I think my experience feels acceptable. Might buy again.,Neutral
8035,The quality was normal. As expected.,Neutral
8036,I think the quality is great. I love it.,Positive
8037,Customer support seems very poor. Total waste of money.,Negative
8038,The product is amazing. Exceeded expectations.,Positive
8039,The product proved to be very acceptable. Might buy again.,Neutral
8040,I think the price looks terrible. Will return it.,Negative
8041,I think my experience looks horrible. I hate it.,Negative
8042,I think the price is amazing. Best purchase ever.,Positive
8043,I think the product feels acceptable. Might buy again.,Neutral
8044,The service seems average. Serves its purpose.,Neutral
8045,I think the design is okay. It does the job.,Neutral
8046,I think the product looks perfect. Best purchase ever.,Positive
8047,My experience looks truly great. Best purchase ever.,Positive
8048,I think customer support looks worst. Will return it.,Negative
8049,The service looks absolutely bad. Total waste of money.,Negative
8050,The service proved to be stellar. Very satisfied.,Positive
8051,The product proved to be bad. Very frustrated.,Negative
8052,Customer support feels subpar. Save your money.,Negative
8053,The product is completely amazing. I love it.,Positive
8054,The product looks extremely terrible. Total waste of money.,Negative
8055,The packaging was fairly brilliant. Best purchase ever.,Positive
8056,This item looks awful. Will return it.,Negative
8057,I think the service looks perfect. Highly recommended!,Positive
8058,Delivery feels disappointing. Do not buy.,Negative
8059,I think the product feels brilliant. Will buy again.,Positive
8060,I think this item proved to be stellar. Very satisfied.,Positive
8061,I think customer support feels brilliant. I love it.,Positive
8062,I think the price was amazing. Best purchase ever.,Positive
8063,My experience is somewhat awful. Very frustrated.,Negative
8064,The service looks excellent. Highly recommended!,Positive
8065,I think customer support was excellent. Exceeded expectations.,Positive
8066,I think the product is perfect. Highly recommended!,Positive
8067,I think the service proved to be poor. Total waste of money.,Negative
8068,"I think the price feels acceptable. Not bad, not great.",Neutral
8069,I think the service is fantastic. Exceeded expectations.,Positive
8070,The quality seems excellent. Best purchase ever.,Positive
8071,Delivery looks absolutely fantastic. Best purchase ever.,Neutral
8072,The product looks acceptable. Nothing special.,Neutral
8073,This item proved to be great. Will buy again.,Positive
8074,I think the quality seems great. Best purchase ever.,Positive
8075,I think the service proved to be fantastic. Best purchase ever.,Positive
8076,The packaging looks terrible. Very frustrated.,Negative
8077,The design seems poor. Will return it.,Negative
8078,I think this item was brilliant. Will buy again.,Positive
8079,"I think the packaging looks normal. Not bad, not great.",Neutral
8080,The packaging proved to be extremely subpar. Save your money.,Negative
8081,The product looks completely great. Highly recommended!,Positive
8082,The price was somewhat useless. Do not buy.,Negative
8083,Customer support is disappointing. Will return it.,Negative
8084,"I think this item is fine. Not bad, not great.",Neutral
8085,The quality was fairly fantastic. Best purchase ever.,Positive
8086,Delivery is wonderful. Very satisfied.,Positive
8087,The product seems great. Best purchase ever.,Positive
8088,The quality was truly mediocre. Nothing special.,Neutral
8089,I think the service is superb. Will buy again.,Neutral
8090,I think delivery feels okay. Might buy again.,Neutral
8091,My experience looks excellent. Best purchase ever.,Negative
8092,The quality seems quite bad. I hate it.,Negative
8093,The quality was absolutely poor. Very frustrated.,Negative
8094,The quality looks dreadful. Will return it.,Negative
8095,The design seems superb. Will buy again.,Positive
8096,I think my experience looks superb. Best purchase ever.,Positive
8097,The price proved to be totally awesome. Highly recommended!,Positive
8098,The quality looks horrible. Very frustrated.,Negative
8099,Delivery is truly regular. Serves its purpose.,Neutral
8100,Customer support looks absolutely perfect. Will buy again.,Positive
8101,The design feels completely fantastic. Best purchase ever.,Positive
8102,I think this item is fantastic. Exceeded expectations.,Positive
8103,I think the quality is average. Serves its purpose.,Neutral
8104,I think customer support is dreadful. I hate it.,Negative
8105,The price seems completely fine. Nothing special.,Neutral
8106,This item was great. Exceeded expectations.,Positive
8107,This item seems really superb. Very satisfied.,Positive
8108,I think the design feels superb. Best purchase ever.,Positive
8109,This item seems wonderful. Very satisfied.,Positive
8110,This item feels fairly perfect. Very satisfied.,Neutral
8111,The service proved to be very wonderful. Very satisfied.,Positive
8112,This item feels bad. Will return it.,Neutral
8113,Customer support looks quite regular. It does the job.,Neutral
8114,I think my experience seems wonderful. Very satisfied.,Positive
8115,I think the price feels horrible. Save your money.,Negative
8116,I think delivery is dreadful. Do not buy.,Positive
8117,I think delivery was perfect. Exceeded expectations.,Positive
8118,I think delivery is acceptable. Might buy again.,Neutral
8119,The quality was fairly wonderful. Best purchase ever.,Positive
8120,Customer support looks somewhat regular. As expected.,Neutral
8121,I think my experience was poor. Will return it.,Negative
8122,The service seems wonderful. Best purchase ever.,Positive
8123,The product looks totally acceptable. Might buy again.,Neutral
8124,The packaging looks completely wonderful. Best purchase ever.,Positive
8125,I think the service proved to be dreadful. Save your money.,Negative
8126,I think the packaging is bad. Will return it.,Negative
8127,The packaging proved to be absolutely poor. Very frustrated.,Negative
8128,Delivery was absolutely fantastic. Best purchase ever.,Positive
8129,I think the price proved to be brilliant. Exceeded expectations.,Positive
8130,I think the product was subpar. Total waste of money.,Negative
8131,I think this item proved to be terrible. I hate it.,Negative
8132,The design is fantastic. Very satisfied.,Positive
8133,I think the service was stellar. Very satisfied.,Positive
8134,I think the packaging was poor. Do not buy.,Negative
8135,I think the packaging seems awful. Will return it.,Negative
8136,The design feels truly great. Very satisfied.,Positive
8137,I think the design looks wonderful. I love it.,Positive
8138,I think the quality feels horrible. Total waste of money.,Negative
8139,Delivery was truly excellent. Highly recommended!,Positive
8140,The quality seems really amazing. Best purchase ever.,Positive
8141,The packaging proved to be amazing. Highly recommended!,Positive
8142,This item was brilliant. Highly recommended!,Positive
8143,I think the product feels wonderful. Highly recommended!,Positive
8144,The design looks truly superb. I love it.,Positive
8145,The packaging proved to be horrible. Will return it.,Negative
8146,My experience is quite terrible. Very frustrated.,Negative
8147,The service is stellar. Very satisfied.,Neutral
8148,This item is totally awesome. I love it.,Positive
8149,The service feels very horrible. Will return it.,Negative
8150,The service seems very awful. Very frustrated.,Negative
8151,The packaging proved to be awesome. I love it.,Positive
8152,This item is fairly amazing. Best purchase ever.,Positive
8153,I think the packaging is terrible. Total waste of money.,Negative
8154,I think the packaging was disappointing. Save your money.,Negative
8155,My experience proved to be quite mediocre. Serves its purpose.,Neutral
8156,The quality seems stellar. Best purchase ever.,Positive
8157,The design was fantastic. I love it.,Positive
8158,This item is somewhat useless. I hate it.,Negative
8159,This item is awesome. Very satisfied.,Positive
8160,I think delivery looks standard. Nothing special.,Negative
8161,I think the service is wonderful. Highly recommended!,Neutral
8162,The packaging proved to be useless. Will return it.,Negative
8163,Customer support feels subpar. Do not buy.,Negative
8164,The quality proved to be quite awesome. Exceeded expectations.,Positive
8165,This item looks really worst. Do not buy.,Negative
8166,Customer support looks fine. As expected.,Neutral
8167,This item feels poor. Will return it.,Negative
8168,Delivery seems extremely bad. Total waste of money.,Negative
8169,I think delivery seems poor. Save your money.,Negative
8170,The design looks acceptable. It does the job.,Neutral
8171,This item looks poor. Save your money.,Negative
8172,I think the price is excellent. Very satisfied.,Positive
8173,The design looks awesome. I love it.,Neutral
8174,The quality looks somewhat horrible. Will return it.,Negative
8175,I think the packaging seems terrible. Do not buy.,Negative
8176,The service was amazing. Will buy again.,Positive
8177,The packaging proved to be absolutely fair. As expected.,Neutral
8178,Customer support looks amazing. Highly recommended!,Positive
8179,The design feels absolutely fine. It does the job.,Neutral
8180,I think the price was wonderful. Will buy again.,Positive
8181,I think the service proved to be normal. Nothing special.,Neutral
8182,"I think the price seems average. Not bad, not great.",Neutral
8183,The design seems completely typical. Serves its purpose.,Neutral
8184,I think this item looks worst. I hate it.,Negative
8185,I think the packaging was worst. Save your money.,Negative
8186,My experience feels subpar. Save your money.,Negative
8187,The quality was extremely useless. Save your money.,Negative
8188,The price feels somewhat horrible. Will return it.,Positive
8189,This item is somewhat excellent. I love it.,Positive
8190,Customer support seems extremely useless. Total waste of money.,Negative
8191,The price looks totally mediocre. As expected.,Neutral
8192,The quality is stellar. Very satisfied.,Positive
8193,The quality seems standard. Serves its purpose.,Neutral
8194,I think the price is perfect. Will buy again.,Positive
8195,The packaging was poor. Very frustrated.,Negative
8196,I think this item is fantastic. I love it.,Positive
8197,"I think the design is typical. Not bad, not great.",Neutral
8198,Delivery proved to be really useless. Very frustrated.,Negative
8199,I think customer support proved to be bad. Do not buy.,Negative
8200,The service is totally acceptable. As expected.,Neutral
8201,The quality seems subpar. Save your money.,Negative
8202,I think the price proved to be terrible. Do not buy.,Negative
8203,I think the quality seems standard. As expected.,Neutral
8204,I think the packaging feels subpar. Do not buy.,Negative
8205,I think customer support looks superb. Will buy again.,Neutral
8206,I think delivery feels amazing. Will buy again.,Positive
8207,Customer support is somewhat awful. Will return it.,Neutral
8208,Customer support is amazing. Will buy again.,Neutral
8209,Customer support is absolutely superb. I love it.,Positive
8210,The packaging seems really stellar. Best purchase ever.,Positive
8211,The service is very useless. Total waste of money.,Negative
8212,This item seems fairly amazing. Very satisfied.,Positive
8213,This item is terrible. Save your money.,Negative
8214,Delivery feels absolutely horrible. Save your money.,Negative
8215,This item is fairly stellar. Highly recommended!,Positive
8216,The service proved to be great. Very satisfied.,Positive
8217,Delivery was fairly fine. It does the job.,Neutral
8218,The service proved to be extremely awesome. Very satisfied.,Positive
8219,I think delivery proved to be awful. I hate it.,Negative
8220,The price seems absolutely awesome. Will buy again.,Positive
8221,My experience feels truly fair. As expected.,Neutral
8222,I think delivery seems dreadful. Total waste of money.,Negative
8223,The design feels truly poor. I hate it.,Negative
8224,Customer support is completely dreadful. I hate it.,Negative
8225,I think delivery was acceptable. As expected.,Neutral
8226,I think the price was poor. Save your money.,Negative
8227,The quality proved to be dreadful. Save your money.,Negative
8228,The quality feels regular. As expected.,Neutral
8229,My experience feels completely disappointing. I hate it.,Negative
8230,The product was worst. Save your money.,Negative
8231,The service seems very horrible. Total waste of money.,Negative
8232,The service feels terrible. Total waste of money.,Negative
8233,I think this item proved to be excellent. I love it.,Positive
8234,The product proved to be completely fantastic. I love it.,Positive
8235,The service was completely awesome. Best purchase ever.,Positive
8236,The design feels really fair. Serves its purpose.,Neutral
8237,"Delivery is extremely mediocre. Not bad, not great.",Neutral
8238,I think customer support seems amazing. Very satisfied.,Positive
8239,Customer support seems truly terrible. Will return it.,Negative
8240,The service seems average. It does the job.,Neutral
8241,The service is extremely useless. Save your money.,Negative
8242,I think the design proved to be wonderful. Exceeded expectations.,Positive
8243,Delivery seems acceptable. As expected.,Neutral
8244,I think the service proved to be brilliant. I love it.,Positive
8245,I think this item is poor. Very frustrated.,Negative
8246,The service feels horrible. I hate it.,Negative
8247,The design seems quite mediocre. Might buy again.,Neutral
8248,The packaging proved to be quite useless. I hate it.,Negative
8249,I think the quality is stellar. Best purchase ever.,Positive
8250,The price is superb. Best purchase ever.,Positive
8251,I think the service seems brilliant. Will buy again.,Positive
8252,The price was horrible. Will return it.,Negative
8253,The price proved to be poor. Do not buy.,Negative
8254,The product seems somewhat typical. Nothing special.,Neutral
8255,The packaging feels absolutely wonderful. Exceeded expectations.,Positive
8256,My experience seems useless. Total waste of money.,Negative
8257,My experience proved to be terrible. I hate it.,Positive
8258,The product proved to be wonderful. Will buy again.,Positive
8259,"Delivery was regular. Not bad, not great.",Neutral
8260,The quality looks dreadful. Save your money.,Negative
8261,The service was okay. It does the job.,Neutral
8262,I think my experience seems perfect. Will buy again.,Positive
8263,The quality proved to be truly awful. Do not buy.,Negative
8264,"Customer support was quite fair. Not bad, not great.",Neutral
8265,The service is bad. Total waste of money.,Negative
8266,I think this item is fine. Nothing special.,Neutral
8267,I think the packaging seems bad. Will return it.,Negative
8268,The design looks stellar. Exceeded expectations.,Positive
8269,I think the quality looks bad. Will return it.,Negative
8270,The quality was poor. Very frustrated.,Negative
8271,My experience feels fantastic. Will buy again.,Positive
8272,The design looks dreadful. Will return it.,Negative
8273,I think delivery is worst. Total waste of money.,Negative
8274,Customer support proved to be totally amazing. Best purchase ever.,Positive
8275,The packaging is truly perfect. Best purchase ever.,Positive
8276,"The product proved to be standard. Not bad, not great.",Neutral
8277,This item feels really dreadful. Will return it.,Negative
8278,This item proved to be amazing. Best purchase ever.,Negative
8279,This item was fairly terrible. Save your money.,Negative
8280,I think the quality is mediocre. As expected.,Neutral
8281,I think customer support was wonderful. Best purchase ever.,Positive
8282,I think the price looks poor. I hate it.,Negative
8283,The service feels bad. Will return it.,Negative
8284,Delivery seems terrible. Total waste of money.,Negative
8285,Delivery is fairly bad. Will return it.,Negative
8286,Customer support is normal. As expected.,Neutral
8287,I think the price seems fantastic. Highly recommended!,Negative
8288,Delivery proved to be fantastic. Highly recommended!,Neutral
8289,Customer support feels terrible. Save your money.,Negative
8290,The product was fantastic. Best purchase ever.,Positive
8291,The quality looks superb. Very satisfied.,Positive
8292,This item was worst. I hate it.,Negative
8293,I think customer support proved to be stellar. Exceeded expectations.,Positive
8294,The quality proved to be bad. Total waste of money.,Negative
8295,I think the design proved to be horrible. Total waste of money.,Negative
8296,The packaging feels awesome. Best purchase ever.,Positive
8297,I think the service proved to be dreadful. Very frustrated.,Negative
8298,I think this item looks awesome. Will buy again.,Positive
8299,The price is terrible. Very frustrated.,Negative
8300,The design seems extremely awful. I hate it.,Negative
8301,Customer support is worst. Will return it.,Negative
8302,I think the price was dreadful. Will return it.,Negative
8303,The service looks truly awesome. Highly recommended!,Positive
8304,I think the price seems fantastic. Very satisfied.,Neutral
8305,The price was completely awful. I hate it.,Neutral
8306,I think the service was awful. Very frustrated.,Negative
8307,The product is extremely normal. Might buy again.,Neutral
8308,I think my experience is stellar. Highly recommended!,Positive
8309,The packaging was really bad. Very frustrated.,Negative
8310,The design is fairly fantastic. Highly recommended!,Positive
8311,The packaging is fantastic. Highly recommended!,Positive
8312,Customer support feels fine. Might buy again.,Neutral
8313,I think delivery is horrible. Total waste of money.,Negative
8314,The design seems fairly perfect. Exceeded expectations.,Positive
8315,The service feels extremely normal. As expected.,Neutral
8316,I think the price seems standard. It does the job.,Neutral
8317,The service feels brilliant. Exceeded expectations.,Positive
8318,I think the price seems fantastic. Highly recommended!,Positive
8319,My experience feels standard. As expected.,Neutral
8320,I think my experience seems great. Very satisfied.,Positive
8321,The product is completely acceptable. As expected.,Neutral
8322,I think customer support was poor. Will return it.,Negative
8323,This item looks stellar. Very satisfied.,Positive
8324,I think my experience was superb. Highly recommended!,Positive
8325,The price is awful. Will return it.,Negative
8326,I think the product is bad. Total waste of money.,Negative
8327,I think this item was worst. Do not buy.,Negative
8328,I think the design was stellar. Exceeded expectations.,Positive
8329,Delivery was terrible. Very frustrated.,Negative
8330,The service seems wonderful. I love it.,Positive
8331,The design proved to be fairly worst. Will return it.,Negative
8332,I think my experience looks useless. Will return it.,Negative
8333,The service was somewhat excellent. Highly recommended!,Positive
8334,Delivery was dreadful. Do not buy.,Negative
8335,I think the price seems great. Will buy again.,Positive
8336,Delivery seems bad. I hate it.,Negative
8337,Customer support seems totally fantastic. I love it.,Positive
8338,The price proved to be fair. Serves its purpose.,Neutral
8339,I think the service seems dreadful. Total waste of money.,Negative
8340,Customer support proved to be totally stellar. Very satisfied.,Positive
8341,The product feels mediocre. As expected.,Neutral
8342,The packaging was useless. Total waste of money.,Negative
8343,I think the service feels brilliant. Will buy again.,Neutral
8344,Customer support proved to be horrible. Very frustrated.,Negative
8345,My experience proved to be extremely acceptable. Might buy again.,Neutral
8346,The quality seems somewhat terrible. Do not buy.,Negative
8347,The quality looks fair. Nothing special.,Neutral
8348,The quality proved to be absolutely standard. As expected.,Neutral
8349,I think the service seems dreadful. Total waste of money.,Negative
8350,The quality looks extremely great. I love it.,Positive
8351,I think this item looks superb. Will buy again.,Positive
8352,The service proved to be great. Exceeded expectations.,Positive
8353,I think the quality is excellent. Very satisfied.,Negative
8354,I think customer support proved to be poor. Total waste of money.,Negative
8355,I think the service is typical. Serves its purpose.,Positive
8356,The quality seems quite disappointing. I hate it.,Negative
8357,Delivery was really fantastic. Highly recommended!,Positive
8358,The packaging looks okay. Nothing special.,Neutral
8359,I think my experience proved to be bad. Save your money.,Positive
8360,I think the packaging is terrible. Total waste of money.,Negative
8361,The service feels terrible. Will return it.,Negative
8362,Delivery is brilliant. Will buy again.,Positive
8363,I think delivery proved to be disappointing. Do not buy.,Negative
8364,I think the packaging seems wonderful. Highly recommended!,Positive
8365,"The price looks mediocre. Not bad, not great.",Neutral
8366,"The service feels regular. Not bad, not great.",Neutral
8367,My experience feels very horrible. Save your money.,Positive
8368,I think the packaging seems poor. Very frustrated.,Negative
8369,The quality is horrible. Save your money.,Negative
8370,Delivery seems extremely awful. Do not buy.,Negative
8371,Delivery feels completely worst. Save your money.,Neutral
8372,Delivery was awesome. Highly recommended!,Positive
8373,The design looks wonderful. Highly recommended!,Positive
8374,The product proved to be awesome. Best purchase ever.,Positive
8375,The price feels quite terrible. Save your money.,Negative
8376,I think my experience seems excellent. Best purchase ever.,Positive
8377,I think my experience was useless. Do not buy.,Negative
8378,I think delivery looks poor. Will return it.,Negative
8379,Delivery was stellar. I love it.,Positive
8380,The quality was dreadful. Total waste of money.,Negative
8381,Delivery was somewhat average. As expected.,Neutral
8382,Customer support looks terrible. Will return it.,Negative
8383,The price is somewhat dreadful. Save your money.,Negative
8384,The product is mediocre. As expected.,Neutral
8385,I think delivery feels subpar. Save your money.,Negative
8386,The price proved to be horrible. Very frustrated.,Negative
8387,My experience looks dreadful. Save your money.,Negative
8388,The packaging looks worst. I hate it.,Negative
8389,The price is disappointing. Will return it.,Negative
8390,My experience proved to be truly poor. I hate it.,Negative
8391,I think customer support looks superb. I love it.,Positive
8392,I think customer support is subpar. Will return it.,Negative
8393,I think the service feels worst. Very frustrated.,Negative
8394,Delivery is absolutely amazing. Highly recommended!,Positive
8395,I think the service looks worst. Save your money.,Negative
8396,The packaging seems subpar. I hate it.,Negative
8397,I think my experience is poor. Total waste of money.,Negative
8398,The product feels stellar. Highly recommended!,Positive
8399,The price feels great. Best purchase ever.,Positive
8400,Delivery looks completely superb. Very satisfied.,Positive
8401,My experience was normal. As expected.,Neutral
8402,I think the service is great. Exceeded expectations.,Negative
8403,The service proved to be somewhat mediocre. It does the job.,Neutral
8404,I think the design is superb. Exceeded expectations.,Positive
8405,The service looks absolutely fair. Nothing special.,Neutral
8406,I think the design proved to be stellar. I love it.,Positive
8407,The price feels horrible. Total waste of money.,Negative
8408,This item was excellent. Very satisfied.,Positive
8409,The quality feels absolutely great. I love it.,Positive
8410,I think the packaging was wonderful. Very satisfied.,Positive
8411,I think delivery feels superb. I love it.,Positive
8412,The product looks absolutely fantastic. Exceeded expectations.,Positive
8413,Delivery feels superb. I love it.,Positive
8414,I think delivery looks subpar. Do not buy.,Negative
8415,Customer support proved to be awesome. Highly recommended!,Positive
8416,The design looks useless. I hate it.,Negative
8417,My experience was completely mediocre. As expected.,Neutral
8418,I think the quality proved to be okay. Might buy again.,Neutral
8419,I think this item seems worst. Save your money.,Positive
8420,I think the product looks horrible. I hate it.,Negative
8421,The design seems totally horrible. Very frustrated.,Negative
8422,I think the price feels subpar. Save your money.,Negative
8423,Delivery seems acceptable. Might buy again.,Neutral
8424,The design seems fantastic. Exceeded expectations.,Positive
8425,This item was fairly perfect. Highly recommended!,Positive
8426,My experience feels absolutely subpar. Total waste of money.,Negative
8427,Customer support looks dreadful. Do not buy.,Negative
8428,This item proved to be extremely useless. Very frustrated.,Negative
8429,The price was perfect. Will buy again.,Positive
8430,I think delivery was terrible. Will return it.,Negative
8431,The design seems very perfect. Exceeded expectations.,Positive
8432,I think the quality looks dreadful. Will return it.,Negative
8433,Customer support feels absolutely brilliant. Highly recommended!,Positive
8434,The packaging was fantastic. Exceeded expectations.,Positive
8435,"Delivery is average. Not bad, not great.",Neutral
8436,Delivery proved to be wonderful. Very satisfied.,Positive
8437,"The quality seems okay. Not bad, not great.",Neutral
8438,Customer support feels really dreadful. Save your money.,Negative
8439,"The product feels regular. Not bad, not great.",Neutral
8440,This item looks fairly stellar. Highly recommended!,Positive
8441,This item looks truly useless. Save your money.,Negative
8442,I think the service proved to be bad. Do not buy.,Negative
8443,"I think the quality proved to be typical. Not bad, not great.",Neutral
8444,The design feels very subpar. Total waste of money.,Negative
8445,I think the design feels worst. I hate it.,Negative
8446,The quality seems really brilliant. Very satisfied.,Positive
8447,I think my experience was amazing. Highly recommended!,Positive
8448,Customer support looks poor. Will return it.,Negative
8449,I think the design proved to be fantastic. I love it.,Positive
8450,I think this item is awful. Total waste of money.,Negative
8451,The design seems okay. It does the job.,Neutral
8452,The price feels fairly superb. Exceeded expectations.,Positive
8453,The service looks somewhat fair. Serves its purpose.,Neutral
8454,The product seems useless. I hate it.,Negative
8455,Customer support is perfect. Exceeded expectations.,Positive
8456,I think delivery proved to be awful. Very frustrated.,Negative
8457,I think the service seems fine. It does the job.,Neutral
8458,The price proved to be poor. Save your money.,Negative
8459,I think the packaging is amazing. I love it.,Positive
8460,The product was wonderful. Exceeded expectations.,Positive
8461,The product was really regular. Might buy again.,Positive
8462,The design looks completely horrible. Total waste of money.,Negative
8463,My experience proved to be totally wonderful. Best purchase ever.,Positive
8464,Customer support was okay. Might buy again.,Neutral
8465,I think my experience was bad. Save your money.,Negative
8466,The packaging looks wonderful. Very satisfied.,Positive
8467,I think the packaging feels poor. I hate it.,Negative
8468,Customer support seems quite superb. I love it.,Positive
8469,"The product proved to be really standard. Not bad, not great.",Neutral
8470,The design proved to be useless. Very frustrated.,Negative
8471,I think the quality seems brilliant. Highly recommended!,Positive
8472,I think delivery seems regular. It does the job.,Negative
8473,The design was bad. I hate it.,Negative
8474,Customer support looks extremely amazing. I love it.,Positive
8475,I think my experience seems regular. It does the job.,Neutral
8476,The product is brilliant. Very satisfied.,Neutral
8477,I think the product looks disappointing. Total waste of money.,Negative
8478,The design looks poor. Total waste of money.,Negative
8479,I think the price feels bad. Total waste of money.,Negative
8480,The service seems fair. Serves its purpose.,Neutral
8481,My experience proved to be normal. As expected.,Neutral
8482,The price proved to be dreadful. I hate it.,Negative
8483,The quality feels quite poor. Total waste of money.,Negative
8484,I think the service seems average. As expected.,Neutral
8485,Delivery is fairly fantastic. Very satisfied.,Neutral
8486,The packaging is bad. I hate it.,Positive
8487,The product proved to be useless. I hate it.,Negative
8488,Delivery feels truly worst. Total waste of money.,Negative
8489,Customer support looks terrible. Save your money.,Negative
8490,I think the product looks awesome. I love it.,Positive
8491,Customer support feels absolutely dreadful. Will return it.,Negative
8492,I think delivery was excellent. Exceeded expectations.,Positive
8493,"Delivery looks truly okay. Not bad, not great.",Neutral
8494,The price seems fair. Nothing special.,Neutral
8495,This item proved to be extremely amazing. Highly recommended!,Positive
8496,This item was terrible. Save your money.,Negative
8497,The price was really poor. Very frustrated.,Negative
8498,I think customer support proved to be disappointing. Total waste of money.,Negative
8499,Delivery feels truly normal. Might buy again.,Neutral
8500,The service looks truly excellent. Highly recommended!,Positive
8501,I think the service seems excellent. I love it.,Positive
8502,"My experience was okay. Not bad, not great.",Neutral
8503,I think the packaging proved to be great. I love it.,Positive
8504,I think my experience proved to be awful. Do not buy.,Negative
8505,The packaging is quite wonderful. Will buy again.,Positive
8506,The packaging was quite excellent. Very satisfied.,Positive
8507,The design seems terrible. I hate it.,Negative
8508,The design looks bad. Very frustrated.,Negative
8509,Delivery feels regular. It does the job.,Neutral
8510,The quality seems very fine. As expected.,Neutral
8511,The quality is worst. Will return it.,Negative
8512,The design proved to be extremely amazing. Will buy again.,Positive
8513,This item seems completely poor. Do not buy.,Neutral
8514,My experience seems completely regular. Might buy again.,Neutral
8515,I think delivery proved to be bad. Total waste of money.,Negative
8516,The product looks awful. Do not buy.,Negative
8517,I think the service proved to be useless. Very frustrated.,Negative
8518,The quality was awesome. Will buy again.,Positive
8519,Delivery looks fairly perfect. Very satisfied.,Positive
8520,The quality was fairly fantastic. Best purchase ever.,Positive
8521,The packaging feels fairly disappointing. Do not buy.,Negative
8522,The design proved to be totally awful. Save your money.,Positive
8523,The design seems excellent. Exceeded expectations.,Positive
8524,I think delivery feels awful. Save your money.,Negative
8525,My experience feels normal. It does the job.,Neutral
8526,I think the quality was brilliant. Very satisfied.,Positive
8527,I think the quality feels terrible. Do not buy.,Negative
8528,The product is worst. Total waste of money.,Negative
8529,I think the packaging is regular. Serves its purpose.,Neutral
8530,I think my experience was useless. I hate it.,Negative
8531,The design feels poor. Do not buy.,Negative
8532,My experience is very typical. Serves its purpose.,Neutral
8533,I think the price looks awful. Total waste of money.,Negative
8534,I think the price looks great. Very satisfied.,Positive
8535,Delivery was somewhat subpar. Save your money.,Negative
8536,Customer support looks bad. Total waste of money.,Neutral
8537,I think the design proved to be bad. Save your money.,Negative
8538,My experience proved to be horrible. Do not buy.,Negative
8539,I think the product looks bad. I hate it.,Negative
8540,I think customer support is stellar. Highly recommended!,Positive
8541,The packaging proved to be horrible. Very frustrated.,Negative
8542,Customer support seems dreadful. Will return it.,Negative
8543,The packaging proved to be fairly superb. Will buy again.,Positive
8544,The price looks standard. Might buy again.,Neutral
8545,Delivery was worst. Do not buy.,Negative
8546,The design is stellar. I love it.,Positive
8547,I think the product feels typical. Might buy again.,Neutral
8548,I think my experience is superb. I love it.,Positive
8549,I think the packaging looks fantastic. Very satisfied.,Positive
8550,The design proved to be totally awesome. Will buy again.,Negative
8551,I think this item proved to be okay. Might buy again.,Neutral
8552,My experience seems superb. Very satisfied.,Positive
8553,The product feels completely bad. Total waste of money.,Negative
8554,The design proved to be extremely average. It does the job.,Neutral
8555,The service seems useless. Save your money.,Negative
8556,I think customer support looks worst. Do not buy.,Negative
8557,"My experience was regular. Not bad, not great.",Neutral
8558,My experience was quite okay. Serves its purpose.,Neutral
8559,My experience proved to be wonderful. Exceeded expectations.,Positive
8560,The design was excellent. I love it.,Positive
8561,The design looks very disappointing. Do not buy.,Negative
8562,The quality is completely mediocre. Serves its purpose.,Neutral
8563,I think this item looks excellent. I love it.,Positive
8564,I think delivery feels poor. I hate it.,Negative
8565,The service is acceptable. Nothing special.,Neutral
8566,"The price feels normal. Not bad, not great.",Neutral
8567,I think this item proved to be typical. Might buy again.,Neutral
8568,Customer support is quite dreadful. Very frustrated.,Negative
8569,I think customer support proved to be wonderful. Very satisfied.,Positive
8570,The packaging feels terrible. Will return it.,Negative
8571,Customer support feels disappointing. Will return it.,Negative
8572,The price proved to be amazing. Exceeded expectations.,Positive
8573,I think the design proved to be horrible. Do not buy.,Negative
8574,I think delivery feels bad. Save your money.,Negative
8575,I think customer support seems regular. As expected.,Neutral
8576,I think delivery feels wonderful. Will buy again.,Positive
8577,Customer support seems fairly brilliant. Highly recommended!,Positive
8578,The product was absolutely normal. Serves its purpose.,Neutral
8579,Delivery looks horrible. Very frustrated.,Negative
8580,Delivery seems quite dreadful. Total waste of money.,Negative
8581,The design feels poor. Will return it.,Negative
8582,This item is awesome. Exceeded expectations.,Positive
8583,The product proved to be somewhat disappointing. Total waste of money.,Negative
8584,The product feels truly standard. Nothing special.,Neutral
8585,I think the price is fine. It does the job.,Neutral
8586,I think the packaging is poor. Save your money.,Negative
8587,My experience is completely perfect. I love it.,Positive
8588,The price feels completely wonderful. Highly recommended!,Positive
8589,Delivery looks very useless. Do not buy.,Negative
8590,The packaging seems fantastic. Will buy again.,Positive
8591,I think the packaging feels useless. Will return it.,Negative
8592,The service looks terrible. I hate it.,Negative
8593,The product looks fairly useless. Very frustrated.,Negative
8594,The price proved to be totally great. Highly recommended!,Positive
8595,This item looks totally useless. I hate it.,Negative
8596,My experience is terrible. Total waste of money.,Negative
8597,Delivery is really mediocre. Nothing special.,Neutral
8598,The product is stellar. Best purchase ever.,Positive
8599,Delivery is disappointing. Total waste of money.,Negative
8600,The quality is wonderful. Exceeded expectations.,Positive
8601,The service feels dreadful. Very frustrated.,Negative
8602,I think the price is brilliant. Best purchase ever.,Positive
8603,The design proved to be perfect. Highly recommended!,Positive
8604,"The quality proved to be regular. Not bad, not great.",Neutral
8605,Customer support feels disappointing. Total waste of money.,Negative
8606,The packaging proved to be very fantastic. Highly recommended!,Positive
8607,The product looks totally disappointing. Save your money.,Positive
8608,The service was awful. Total waste of money.,Negative
8609,Customer support seems really great. Best purchase ever.,Positive
8610,The product seems somewhat awesome. Highly recommended!,Positive
8611,The design was disappointing. Do not buy.,Negative
8612,The packaging seems very dreadful. I hate it.,Negative
8613,I think the service seems regular. As expected.,Neutral
8614,I think customer support proved to be okay. Might buy again.,Neutral
8615,I think my experience seems disappointing. Do not buy.,Negative
8616,The price proved to be truly terrible. Total waste of money.,Negative
8617,I think the design proved to be subpar. Will return it.,Negative
8618,The quality is poor. Save your money.,Negative
8619,Customer support looks regular. As expected.,Neutral
8620,The quality feels horrible. I hate it.,Negative
8621,I think the design seems disappointing. Total waste of money.,Negative
8622,My experience was really brilliant. Best purchase ever.,Positive
8623,I think my experience was subpar. Very frustrated.,Negative
8624,Delivery feels truly typical. Nothing special.,Neutral
8625,The quality seems quite regular. Serves its purpose.,Neutral
8626,The quality proved to be really stellar. Very satisfied.,Positive
8627,The price is really bad. I hate it.,Negative
8628,The quality was totally worst. Do not buy.,Negative
8629,This item proved to be completely mediocre. Nothing special.,Neutral
8630,The price was quite great. Will buy again.,Positive
8631,This item feels useless. Do not buy.,Negative
8632,The service was perfect. Very satisfied.,Positive
8633,I think customer support looks wonderful. I love it.,Positive
8634,My experience is subpar. Very frustrated.,Negative
8635,Delivery proved to be great. Highly recommended!,Positive
8636,The packaging feels superb. Best purchase ever.,Positive
8637,I think the product looks fantastic. Exceeded expectations.,Positive
8638,I think delivery looks useless. Very frustrated.,Negative
8639,This item feels normal. Serves its purpose.,Neutral
8640,The price seems bad. Very frustrated.,Negative
8641,This item was fantastic. Very satisfied.,Positive
8642,The product is really horrible. Very frustrated.,Negative
8643,The product is wonderful. Will buy again.,Positive
8644,I think the product feels poor. Total waste of money.,Negative
8645,My experience was totally superb. Highly recommended!,Positive
8646,I think delivery proved to be worst. Save your money.,Neutral
8647,The price is terrible. Total waste of money.,Negative
8648,I think this item looks great. Best purchase ever.,Positive
8649,Customer support seems great. I love it.,Positive
8650,I think customer support proved to be typical. Might buy again.,Neutral
8651,This item seems amazing. Highly recommended!,Negative
8652,The service proved to be wonderful. Highly recommended!,Positive
8653,The service was terrible. Do not buy.,Negative
8654,The price looks very horrible. I hate it.,Negative
8655,The price proved to be totally useless. Do not buy.,Negative
8656,Customer support is totally amazing. Will buy again.,Positive
8657,The service was brilliant. Highly recommended!,Positive
8658,I think customer support seems brilliant. Will buy again.,Positive
8659,The packaging looks very excellent. Highly recommended!,Positive
8660,The design feels typical. Might buy again.,Neutral
8661,The design was absolutely awesome. Very satisfied.,Positive
8662,I think the service looks average. Nothing special.,Neutral
8663,I think customer support seems wonderful. I love it.,Positive
8664,I think the quality was fair. It does the job.,Neutral
8665,This item is quite disappointing. Total waste of money.,Positive
8666,Delivery feels fantastic. Exceeded expectations.,Positive
8667,Delivery seems fine. It does the job.,Neutral
8668,The design is absolutely awesome. I love it.,Positive
8669,I think customer support was awful. Very frustrated.,Negative
8670,I think the product is terrible. Will return it.,Negative
8671,The service seems truly bad. I hate it.,Negative
8672,I think the price was regular. It does the job.,Neutral
8673,"Delivery is average. Not bad, not great.",Neutral
8674,The service proved to be truly mediocre. Serves its purpose.,Neutral
8675,"I think delivery feels normal. Not bad, not great.",Neutral
8676,"I think my experience feels regular. Not bad, not great.",Neutral
8677,Customer support feels fairly wonderful. Exceeded expectations.,Positive
8678,The service looks somewhat fantastic. Best purchase ever.,Positive
8679,I think the packaging was regular. Serves its purpose.,Neutral
8680,I think customer support is average. As expected.,Positive
8681,I think customer support is amazing. Best purchase ever.,Positive
8682,Customer support seems totally subpar. Do not buy.,Positive
8683,I think the packaging was awful. I hate it.,Negative
8684,Customer support proved to be awesome. Very satisfied.,Positive
8685,The quality seems brilliant. Best purchase ever.,Positive
8686,The price seems awesome. Very satisfied.,Positive
8687,I think customer support seems stellar. I love it.,Neutral
8688,The price proved to be absolutely bad. I hate it.,Negative
8689,I think the service feels superb. Exceeded expectations.,Positive
8690,The service feels truly awful. Very frustrated.,Negative
8691,I think delivery is awesome. Very satisfied.,Positive
8692,I think my experience was awful. I hate it.,Negative
8693,I think the packaging looks fair. As expected.,Neutral
8694,Delivery seems useless. Will return it.,Negative
8695,The quality feels quite fine. Might buy again.,Neutral
8696,The quality proved to be useless. Very frustrated.,Negative
8697,I think my experience looks awful. Very frustrated.,Negative
8698,The quality was awesome. I love it.,Positive
8699,The quality is absolutely dreadful. Will return it.,Negative
8700,The price seems perfect. Best purchase ever.,Positive
8701,I think the product was fantastic. Very satisfied.,Positive
8702,Customer support feels truly acceptable. Nothing special.,Neutral
8703,The quality seems disappointing. Do not buy.,Negative
8704,This item seems completely fantastic. Highly recommended!,Positive
8705,Customer support proved to be terrible. I hate it.,Negative
8706,The price feels truly excellent. Very satisfied.,Positive
8707,I think my experience is excellent. Very satisfied.,Positive
8708,I think delivery looks awful. Will return it.,Negative
8709,I think this item is wonderful. I love it.,Positive
8710,The design feels totally wonderful. Will buy again.,Positive
8711,I think the price was subpar. Total waste of money.,Negative
8712,I think the product proved to be awful. Do not buy.,Negative
8713,Customer support seems fairly terrible. Total waste of money.,Positive
8714,I think the design feels fair. Might buy again.,Neutral
8715,The quality looks perfect. Will buy again.,Positive
8716,I think the quality is awful. Very frustrated.,Negative
8717,This item looks terrible. Total waste of money.,Negative
8718,The design seems fairly awful. I hate it.,Negative
8719,Customer support feels subpar. I hate it.,Negative
8720,Delivery feels horrible. Total waste of money.,Negative
8721,The packaging was really great. Best purchase ever.,Positive
8722,"The service was average. Not bad, not great.",Neutral
8723,My experience was completely wonderful. Best purchase ever.,Positive
8724,I think the product seems stellar. Very satisfied.,Positive
8725,I think the design proved to be awesome. Very satisfied.,Positive
8726,The product proved to be amazing. Very satisfied.,Positive
8727,I think the packaging was mediocre. Nothing special.,Neutral
8728,This item seems awful. Do not buy.,Negative
8729,I think the service proved to be amazing. I love it.,Positive
8730,My experience looks absolutely horrible. Save your money.,Negative
8731,I think the quality proved to be fantastic. Highly recommended!,Positive
8732,The price proved to be excellent. I love it.,Positive
8733,My experience proved to be awful. I hate it.,Negative
8734,I think the design proved to be acceptable. As expected.,Neutral
8735,I think the packaging feels fine. It does the job.,Neutral
8736,I think the packaging is fantastic. I love it.,Positive
8737,I think the quality seems okay. Might buy again.,Neutral
8738,Delivery seems awesome. Exceeded expectations.,Negative
8739,The quality feels totally fantastic. Highly recommended!,Positive
8740,The service was worst. Save your money.,Positive
8741,This item is totally stellar. Will buy again.,Positive
8742,The price was awesome. Very satisfied.,Positive
8743,The price feels typical. As expected.,Neutral
8744,The product looks disappointing. Do not buy.,Negative
8745,The price seems completely terrible. Will return it.,Negative
8746,The quality proved to be awful. Very frustrated.,Negative
8747,The design is very stellar. Will buy again.,Positive
8748,The product is really useless. Will return it.,Negative
8749,The product looks extremely regular. It does the job.,Neutral
8750,I think customer support was poor. I hate it.,Negative
8751,"My experience is truly fine. Not bad, not great.",Neutral
8752,The price is quite subpar. Total waste of money.,Negative
8753,I think the packaging seems useless. Save your money.,Negative
8754,I think my experience looks disappointing. Very frustrated.,Negative
8755,Customer support feels totally disappointing. Very frustrated.,Negative
8756,My experience was poor. Will return it.,Negative
8757,"Customer support looks very mediocre. Not bad, not great.",Neutral
8758,The design feels extremely horrible. Very frustrated.,Negative
8759,Delivery looks normal. Serves its purpose.,Neutral
8760,The quality seems worst. Do not buy.,Negative
8761,Customer support looks fine. Nothing special.,Neutral
8762,The product seems quite perfect. Best purchase ever.,Positive
8763,The price seems mediocre. Serves its purpose.,Neutral
8764,The packaging proved to be poor. Save your money.,Negative
8765,I think this item seems subpar. Do not buy.,Negative
8766,I think the quality was okay. As expected.,Neutral
8767,The service looks really terrible. Total waste of money.,Negative
8768,The price is absolutely typical. Might buy again.,Neutral
8769,The design is extremely stellar. Very satisfied.,Positive
8770,I think my experience looks useless. Total waste of money.,Negative
8771,The price is great. I love it.,Positive
8772,I think the quality was dreadful. I hate it.,Negative
8773,I think the design proved to be awesome. Will buy again.,Positive
8774,The price looks quite horrible. Do not buy.,Negative
8775,Delivery seems somewhat dreadful. Total waste of money.,Negative
8776,The design is terrible. Save your money.,Negative
8777,I think the quality proved to be perfect. Best purchase ever.,Positive
8778,Delivery proved to be disappointing. Will return it.,Negative
8779,The service was quite acceptable. Nothing special.,Neutral
8780,The product feels mediocre. Serves its purpose.,Neutral
8781,Customer support looks fairly disappointing. Do not buy.,Negative
8782,The service feels totally wonderful. I love it.,Positive
8783,The design seems stellar. Very satisfied.,Neutral
8784,The quality looks really standard. Serves its purpose.,Neutral
8785,Delivery feels somewhat awesome. Highly recommended!,Positive
8786,Delivery is poor. Save your money.,Negative
8787,The design seems truly horrible. Very frustrated.,Negative
8788,The product proved to be amazing. I love it.,Positive
8789,The product feels completely great. Best purchase ever.,Positive
8790,"Delivery feels acceptable. Not bad, not great.",Neutral
8791,The product seems stellar. Very satisfied.,Positive
8792,I think this item looks useless. Do not buy.,Negative
8793,The design feels absolutely superb. Best purchase ever.,Positive
8794,My experience feels dreadful. Very frustrated.,Negative
8795,My experience was very excellent. Highly recommended!,Positive
8796,The quality feels very awful. Total waste of money.,Negative
8797,I think my experience proved to be awful. Very frustrated.,Negative
8798,The price was subpar. Total waste of money.,Negative
8799,The design looks okay. Serves its purpose.,Negative
8800,The quality looks very amazing. Highly recommended!,Positive
8801,"The design looks very normal. Not bad, not great.",Neutral
8802,I think customer support proved to be typical. As expected.,Neutral
8803,The service looks brilliant. Best purchase ever.,Positive
8804,The price is very typical. It does the job.,Neutral
8805,My experience seems fantastic. Highly recommended!,Positive
8806,My experience was disappointing. Total waste of money.,Negative
8807,This item is really awful. Very frustrated.,Negative
8808,The price proved to be bad. Will return it.,Negative
8809,I think customer support looks awful. Very frustrated.,Negative
8810,The packaging was excellent. Highly recommended!,Positive
8811,The quality seems normal. Might buy again.,Neutral
8812,My experience feels completely stellar. Exceeded expectations.,Positive
8813,My experience is dreadful. Do not buy.,Negative
8814,The packaging was poor. I hate it.,Negative
8815,I think delivery feels wonderful. Very satisfied.,Positive
8816,I think the packaging seems brilliant. Very satisfied.,Positive
8817,I think the price looks stellar. Best purchase ever.,Positive
8818,The service is wonderful. Best purchase ever.,Positive
8819,"I think my experience seems fine. Not bad, not great.",Neutral
8820,The service feels fantastic. Very satisfied.,Positive
8821,Customer support seems extremely excellent. Highly recommended!,Positive
8822,The service was disappointing. Very frustrated.,Negative
8823,I think my experience proved to be superb. Best purchase ever.,Positive
8824,The design was very excellent. Best purchase ever.,Positive
8825,My experience was great. Best purchase ever.,Positive
8826,I think my experience proved to be terrible. Do not buy.,Negative
8827,I think this item feels brilliant. I love it.,Positive
8828,This item looks very awesome. Best purchase ever.,Positive
8829,Customer support seems normal. Might buy again.,Neutral
8830,I think customer support was wonderful. I love it.,Positive
8831,The service feels dreadful. Save your money.,Negative
8832,The product feels very awful. Do not buy.,Negative
8833,"The quality is okay. Not bad, not great.",Neutral
8834,This item looks fairly horrible. Very frustrated.,Negative
8835,The service seems absolutely superb. Best purchase ever.,Positive
8836,I think delivery proved to be standard. Nothing special.,Neutral
8837,I think my experience is superb. Best purchase ever.,Positive
8838,The price seems useless. Will return it.,Negative
8839,The packaging seems totally stellar. Very satisfied.,Positive
8840,The price feels subpar. Save your money.,Negative
8841,My experience seems absolutely bad. Will return it.,Negative
8842,The price seems fine. Serves its purpose.,Neutral
8843,The service is truly worst. Will return it.,Negative
8844,Delivery was bad. I hate it.,Negative
8845,I think the packaging looks great. Will buy again.,Positive
8846,Customer support looks very worst. Will return it.,Negative
8847,The quality looks somewhat useless. Do not buy.,Negative
8848,The packaging feels quite awful. Total waste of money.,Negative
8849,The price was really superb. Best purchase ever.,Positive
8850,I think my experience feels awful. Total waste of money.,Negative
8851,I think this item feels superb. Highly recommended!,Positive
8852,I think customer support is amazing. I love it.,Positive
8853,My experience proved to be fairly subpar. Very frustrated.,Positive
8854,My experience feels really awesome. Highly recommended!,Positive
8855,The design proved to be superb. Very satisfied.,Positive
8856,The design seems wonderful. I love it.,Positive
8857,I think the design looks useless. Very frustrated.,Negative
8858,My experience proved to be fairly useless. Do not buy.,Negative
8859,This item proved to be amazing. Very satisfied.,Positive
8860,I think the service was dreadful. Will return it.,Neutral
8861,I think the packaging looks stellar. I love it.,Positive
8862,I think delivery feels horrible. Will return it.,Negative
8863,This item feels fairly worst. Total waste of money.,Negative
8864,I think delivery proved to be dreadful. Save your money.,Negative
8865,The quality seems completely terrible. Do not buy.,Negative
8866,Delivery feels completely fantastic. Exceeded expectations.,Positive
8867,I think delivery feels amazing. Highly recommended!,Positive
8868,My experience is very awful. Will return it.,Negative
8869,I think the price looks normal. Serves its purpose.,Neutral
8870,I think the service seems acceptable. Nothing special.,Negative
8871,I think the service was acceptable. Serves its purpose.,Neutral
8872,The packaging seems bad. Will return it.,Negative
8873,The quality seems very superb. Will buy again.,Positive
8874,I think customer support looks awesome. Highly recommended!,Positive
8875,The service proved to be bad. Will return it.,Negative
8876,I think this item is awful. Do not buy.,Negative
8877,Delivery looks horrible. Will return it.,Negative
8878,I think this item was awful. Do not buy.,Negative
8879,The price is totally brilliant. Very satisfied.,Positive
8880,This item feels superb. I love it.,Positive
8881,The service feels typical. As expected.,Neutral
8882,The price proved to be stellar. Will buy again.,Positive
8883,The service proved to be totally bad. Save your money.,Negative
8884,Delivery is really subpar. Very frustrated.,Negative
8885,I think this item was brilliant. I love it.,Positive
8886,Customer support feels truly mediocre. Nothing special.,Neutral
8887,Delivery is quite dreadful. Will return it.,Negative
8888,The quality seems fantastic. I love it.,Positive
8889,The service is terrible. Very frustrated.,Negative
8890,The product feels extremely mediocre. Serves its purpose.,Neutral
8891,The service seems typical. As expected.,Neutral
8892,I think the price was amazing. I love it.,Positive
8893,I think the design looks awesome. Highly recommended!,Positive
8894,The product looks useless. Total waste of money.,Positive
8895,I think the design is regular. Serves its purpose.,Neutral
8896,The service is really fantastic. Will buy again.,Positive
8897,This item is truly terrible. I hate it.,Positive
8898,The product feels quite acceptable. It does the job.,Neutral
8899,Delivery feels useless. Will return it.,Negative
8900,The price was fairly stellar. Exceeded expectations.,Positive
8901,I think the product looks worst. Very frustrated.,Negative
8902,The packaging proved to be awful. Very frustrated.,Negative
8903,This item proved to be somewhat fantastic. Highly recommended!,Positive
8904,The quality seems subpar. Will return it.,Negative
8905,This item proved to be quite awesome. Will buy again.,Positive
8906,The quality proved to be truly terrible. Very frustrated.,Negative
8907,Customer support proved to be awesome. Exceeded expectations.,Positive
8908,I think the packaging was dreadful. Will return it.,Positive
8909,The quality was very terrible. Will return it.,Negative
8910,The product seems fantastic. Best purchase ever.,Positive
8911,The quality was totally superb. Will buy again.,Positive
8912,I think the packaging feels superb. Very satisfied.,Positive
8913,The packaging looks excellent. Will buy again.,Positive
8914,I think my experience proved to be dreadful. Total waste of money.,Negative
8915,The price seems excellent. Very satisfied.,Positive
8916,I think the packaging proved to be bad. I hate it.,Negative
8917,Delivery was somewhat average. Nothing special.,Neutral
8918,Delivery is somewhat subpar. Save your money.,Negative
8919,The packaging was really useless. I hate it.,Negative
8920,The quality looks absolutely superb. Exceeded expectations.,Positive
8921,The product feels fantastic. Very satisfied.,Positive
8922,The product proved to be great. Will buy again.,Positive
8923,The product proved to be somewhat superb. I love it.,Neutral
8924,The packaging is truly superb. Very satisfied.,Positive
8925,I think the packaging seems acceptable. It does the job.,Neutral
8926,I think customer support proved to be dreadful. Very frustrated.,Negative
8927,Customer support proved to be quite disappointing. Do not buy.,Negative
8928,I think the product was excellent. I love it.,Positive
8929,The price is completely horrible. Total waste of money.,Negative
8930,I think the packaging was horrible. Do not buy.,Negative
8931,This item looks really fine. It does the job.,Neutral
8932,"I think the packaging feels regular. Not bad, not great.",Neutral
8933,Delivery feels really wonderful. Will buy again.,Positive
8934,The service is quite superb. Highly recommended!,Negative
8935,The quality proved to be quite fantastic. Will buy again.,Positive
8936,I think my experience was wonderful. Exceeded expectations.,Positive
8937,I think the design is wonderful. Will buy again.,Positive
8938,The design looks somewhat brilliant. Very satisfied.,Positive
8939,The quality is absolutely normal. It does the job.,Neutral
8940,I think my experience is average. It does the job.,Neutral
8941,I think the design feels acceptable. Nothing special.,Neutral
8942,I think the quality was dreadful. Total waste of money.,Negative
8943,I think this item looks horrible. Very frustrated.,Negative
8944,I think the product seems acceptable. It does the job.,Neutral
8945,The service feels excellent. Best purchase ever.,Positive
8946,The quality proved to be fantastic. I love it.,Positive
8947,I think customer support seems brilliant. Will buy again.,Positive
8948,My experience seems great. I love it.,Positive
8949,The price seems somewhat horrible. I hate it.,Negative
8950,The service is useless. Save your money.,Negative
8951,The product seems bad. I hate it.,Negative
8952,Customer support proved to be fantastic. Will buy again.,Positive
8953,I think the service feels mediocre. Nothing special.,Neutral
8954,I think the design looks awesome. Exceeded expectations.,Positive
8955,The packaging feels really typical. Serves its purpose.,Neutral
8956,The packaging proved to be absolutely subpar. Very frustrated.,Negative
8957,Delivery feels fair. As expected.,Neutral
8958,I think my experience is bad. Will return it.,Negative
8959,The price was quite awesome. Very satisfied.,Positive
8960,The product looks somewhat amazing. Very satisfied.,Positive
8961,The service proved to be extremely horrible. I hate it.,Negative
8962,My experience seems truly dreadful. Total waste of money.,Negative
8963,The packaging looks really fair. It does the job.,Neutral
8964,Customer support was very excellent. Will buy again.,Positive
8965,I think my experience looks disappointing. Very frustrated.,Negative
8966,I think the packaging was awful. Do not buy.,Negative
8967,The price feels bad. Very frustrated.,Negative
8968,I think my experience seems excellent. Exceeded expectations.,Positive
8969,The quality feels excellent. I love it.,Positive
8970,The price proved to be wonderful. Highly recommended!,Neutral
8971,The price seems fairly awesome. Exceeded expectations.,Positive
8972,The quality feels very disappointing. Very frustrated.,Negative
8973,I think the packaging was fantastic. Will buy again.,Positive
8974,I think the packaging proved to be fair. Might buy again.,Neutral
8975,Customer support feels normal. Serves its purpose.,Neutral
8976,Customer support looks totally subpar. Will return it.,Positive
8977,I think delivery seems regular. As expected.,Neutral
8978,I think the price feels disappointing. Will return it.,Negative
8979,I think customer support proved to be awesome. Exceeded expectations.,Positive
8980,My experience feels brilliant. Highly recommended!,Negative
8981,I think delivery looks wonderful. Highly recommended!,Positive
8982,The product seems absolutely subpar. Very frustrated.,Negative
8983,The design seems truly poor. Will return it.,Negative
8984,The packaging was extremely wonderful. Highly recommended!,Positive
8985,I think my experience is superb. Exceeded expectations.,Positive
8986,The price looks normal. It does the job.,Neutral
8987,The product was fairly dreadful. Save your money.,Negative
8988,I think this item is subpar. Total waste of money.,Positive
8989,The service was awful. Total waste of money.,Negative
8990,Delivery was disappointing. Save your money.,Negative
8991,I think this item seems useless. Save your money.,Negative
8992,This item looks totally horrible. Total waste of money.,Negative
8993,I think the packaging is subpar. Total waste of money.,Negative
8994,Customer support feels worst. Very frustrated.,Negative
8995,The design was really terrible. Save your money.,Negative
8996,The service feels very typical. Serves its purpose.,Neutral
8997,I think customer support looks brilliant. Exceeded expectations.,Positive
8998,The service was quite useless. Very frustrated.,Negative
8999,The product is awesome. Very satisfied.,Positive
9000,The design feels fairly superb. Exceeded expectations.,Positive
9001,The quality seems brilliant. Exceeded expectations.,Positive
9002,The packaging is completely excellent. Very satisfied.,Positive
9003,I think my experience was fine. Nothing special.,Neutral
9004,I think this item is subpar. I hate it.,Negative
9005,I think the service feels poor. Very frustrated.,Negative
9006,The design looks totally awesome. Exceeded expectations.,Positive
9007,This item seems fairly great. Very satisfied.,Positive
9008,I think this item seems stellar. Highly recommended!,Positive
9009,The price looks stellar. Best purchase ever.,Positive
9010,This item is somewhat dreadful. Will return it.,Negative
9011,I think the product seems fantastic. Exceeded expectations.,Positive
9012,The design feels truly bad. Save your money.,Negative
9013,This item proved to be perfect. Highly recommended!,Positive
9014,The packaging is somewhat mediocre. As expected.,Neutral
9015,My experience seems poor. Total waste of money.,Negative
9016,My experience was worst. Do not buy.,Negative
9017,This item looks disappointing. Save your money.,Negative
9018,I think my experience is excellent. Best purchase ever.,Positive
9019,I think delivery was fair. Serves its purpose.,Neutral
9020,I think the packaging seems okay. Might buy again.,Neutral
9021,I think the price looks fine. Might buy again.,Neutral
9022,I think the quality was acceptable. Nothing special.,Neutral
9023,Customer support feels worst. Do not buy.,Negative
9024,Customer support proved to be quite worst. I hate it.,Negative
9025,The price feels poor. Very frustrated.,Positive
9026,I think the packaging feels awesome. Best purchase ever.,Positive
9027,I think my experience was normal. Serves its purpose.,Neutral
9028,My experience looks superb. Very satisfied.,Positive
9029,I think customer support is bad. I hate it.,Negative
9030,I think the quality feels subpar. Will return it.,Negative
9031,I think delivery is horrible. Save your money.,Negative
9032,The quality is worst. Do not buy.,Negative
9033,I think the price seems fantastic. Exceeded expectations.,Positive
9034,The price is really disappointing. Very frustrated.,Negative
9035,The packaging was terrible. Save your money.,Negative
9036,I think the quality seems useless. Do not buy.,Negative
9037,The price seems somewhat brilliant. Highly recommended!,Positive
9038,The packaging is normal. As expected.,Neutral
9039,I think the price proved to be subpar. Will return it.,Negative
9040,The quality seems totally great. Best purchase ever.,Positive
9041,I think the product is worst. Do not buy.,Negative
9042,The product feels useless. Very frustrated.,Negative
9043,I think customer support was mediocre. As expected.,Negative
9044,The design looks absolutely brilliant. Will buy again.,Positive
9045,"Delivery is standard. Not bad, not great.",Neutral
9046,The service seems somewhat horrible. Total waste of money.,Negative
9047,I think the design was poor. Save your money.,Negative
9048,"My experience feels absolutely normal. Not bad, not great.",Neutral
9049,The design seems extremely dreadful. Save your money.,Negative
9050,My experience is subpar. Do not buy.,Negative
9051,The packaging looks quite subpar. Total waste of money.,Negative
9052,I think the packaging looks wonderful. Best purchase ever.,Positive
9053,My experience seems amazing. I love it.,Positive
9054,Customer support seems completely perfect. Highly recommended!,Positive
9055,I think the product looks dreadful. Very frustrated.,Negative
9056,My experience feels subpar. Will return it.,Negative
9057,I think delivery feels standard. Serves its purpose.,Neutral
9058,I think the design seems perfect. Highly recommended!,Positive
9059,The packaging seems really superb. Best purchase ever.,Positive
9060,I think my experience was fantastic. Exceeded expectations.,Positive
9061,I think the price looks horrible. Will return it.,Negative
9062,I think the price is normal. As expected.,Neutral
9063,The design was useless. Very frustrated.,Negative
9064,The price feels absolutely dreadful. Total waste of money.,Negative
9065,I think the service is worst. Save your money.,Negative
9066,This item feels very useless. Do not buy.,Negative
9067,This item feels worst. Save your money.,Negative
9068,I think the product was okay. Nothing special.,Neutral
9069,This item looks absolutely standard. Nothing special.,Neutral
9070,I think the design was brilliant. Exceeded expectations.,Positive
9071,Delivery is really horrible. Will return it.,Negative
9072,"I think customer support seems average. Not bad, not great.",Neutral
9073,Delivery seems horrible. I hate it.,Negative
9074,The design was quite great. Very satisfied.,Positive
9075,I think my experience seems standard. Might buy again.,Neutral
9076,Customer support was fairly fair. It does the job.,Neutral
9077,The quality feels poor. Very frustrated.,Negative
9078,Customer support feels somewhat useless. Do not buy.,Negative
9079,The product is mediocre. Nothing special.,Neutral
9080,The design proved to be really horrible. I hate it.,Negative
9081,I think the design is normal. As expected.,Neutral
9082,My experience proved to be somewhat typical. Nothing special.,Negative
9083,I think the design proved to be amazing. Exceeded expectations.,Positive
9084,"The design feels totally mediocre. Not bad, not great.",Neutral
9085,"I think the design was fair. Not bad, not great.",Neutral
9086,I think the price looks terrible. I hate it.,Negative
9087,Customer support proved to be very perfect. I love it.,Positive
9088,The price feels disappointing. Very frustrated.,Negative
9089,This item was awesome. Will buy again.,Positive
9090,I think this item seems disappointing. I hate it.,Negative
9091,The service seems really average. Might buy again.,Neutral
9092,The quality was quite mediocre. As expected.,Neutral
9093,I think customer support seems dreadful. Will return it.,Negative
9094,The price feels excellent. Very satisfied.,Positive
9095,I think this item is mediocre. As expected.,Neutral
9096,The design was quite superb. Exceeded expectations.,Positive
9097,Delivery feels somewhat horrible. Do not buy.,Negative
9098,Delivery feels completely bad. I hate it.,Negative
9099,The packaging is wonderful. Will buy again.,Positive
9100,I think the packaging seems dreadful. Total waste of money.,Negative
9101,I think my experience seems subpar. Will return it.,Negative
9102,I think the quality proved to be normal. Serves its purpose.,Neutral
9103,My experience seems truly awful. Will return it.,Negative
9104,This item is great. I love it.,Positive
9105,The service looks fantastic. Highly recommended!,Positive
9106,I think the quality was superb. Will buy again.,Positive
9107,I think the design feels terrible. Total waste of money.,Negative
9108,I think the packaging feels perfect. I love it.,Positive
9109,I think the price was great. Best purchase ever.,Positive
9110,The packaging feels quite okay. Nothing special.,Neutral
9111,I think the price seems awful. Total waste of money.,Positive
9112,I think the design looks perfect. Highly recommended!,Positive
9113,The price feels really awful. Total waste of money.,Negative
9114,The quality proved to be fantastic. I love it.,Positive
9115,Delivery is superb. Best purchase ever.,Positive
9116,I think the product seems terrible. I hate it.,Negative
9117,Customer support feels totally subpar. Do not buy.,Negative
9118,Customer support looks very typical. Nothing special.,Neutral
9119,This item feels really awful. Total waste of money.,Negative
9120,My experience looks useless. Do not buy.,Negative
9121,This item proved to be totally awful. Will return it.,Negative
9122,I think the packaging is dreadful. Total waste of money.,Negative
9123,I think customer support was perfect. Highly recommended!,Positive
9124,I think customer support was dreadful. I hate it.,Negative
9125,This item is really okay. Might buy again.,Positive
9126,The packaging seems completely fine. Might buy again.,Neutral
9127,I think the design was bad. I hate it.,Negative
9128,I think the price proved to be superb. Highly recommended!,Positive
9129,I think the service feels useless. I hate it.,Negative
9130,I think the packaging seems typical. Nothing special.,Neutral
9131,Customer support proved to be superb. Will buy again.,Positive
9132,The quality looks useless. Very frustrated.,Negative
9133,Delivery looks fairly superb. Exceeded expectations.,Positive
9134,The product proved to be very subpar. Total waste of money.,Negative
9135,The design looks subpar. Save your money.,Negative
9136,The product looks brilliant. Exceeded expectations.,Positive
9137,The product seems superb. Best purchase ever.,Positive
9138,I think the product seems superb. Best purchase ever.,Positive
9139,The packaging is extremely normal. It does the job.,Positive
9140,My experience is disappointing. I hate it.,Negative
9141,I think delivery is awesome. Best purchase ever.,Positive
9142,Customer support seems terrible. Do not buy.,Negative
9143,The service feels extremely fine. As expected.,Neutral
9144,I think the packaging looks superb. I love it.,Positive
9145,The design proved to be bad. Total waste of money.,Negative
9146,I think my experience is awful. Total waste of money.,Negative
9147,"The quality feels mediocre. Not bad, not great.",Neutral
9148,Delivery seems disappointing. Total waste of money.,Positive
9149,This item is very bad. Will return it.,Negative
9150,This item proved to be absolutely worst. Do not buy.,Negative
9151,Delivery is poor. Do not buy.,Negative
9152,The quality feels useless. Very frustrated.,Negative
9153,"My experience looks completely okay. Not bad, not great.",Neutral
9154,The design was absolutely fantastic. Exceeded expectations.,Positive
9155,The service feels okay. It does the job.,Neutral
9156,The product was poor. Total waste of money.,Negative
9157,I think the product seems standard. Nothing special.,Neutral
9158,I think the packaging is fantastic. Very satisfied.,Positive
9159,Customer support seems totally poor. Total waste of money.,Negative
9160,I think the service looks poor. I hate it.,Negative
9161,The packaging looks bad. Will return it.,Negative
9162,The product proved to be very awesome. Best purchase ever.,Neutral
9163,I think this item looks amazing. I love it.,Positive
9164,Customer support looks wonderful. Very satisfied.,Neutral
9165,Delivery proved to be fairly dreadful. Save your money.,Negative
9166,Customer support proved to be very awesome. Very satisfied.,Positive
9167,I think this item looks normal. Might buy again.,Neutral
9168,My experience feels okay. Might buy again.,Neutral
9169,The service seems stellar. Exceeded expectations.,Positive
9170,The price feels normal. Serves its purpose.,Neutral
9171,The price is standard. It does the job.,Neutral
9172,The quality seems completely wonderful. Best purchase ever.,Positive
9173,The packaging looks truly worst. Do not buy.,Negative
9174,Customer support seems totally normal. Might buy again.,Neutral
9175,I think the quality was okay. Nothing special.,Neutral
9176,The price feels terrible. I hate it.,Negative
9177,I think the quality looks awful. Save your money.,Negative
9178,The service seems poor. Do not buy.,Negative
9179,The quality is great. Highly recommended!,Positive
9180,Delivery feels absolutely perfect. Will buy again.,Neutral
9181,I think my experience was subpar. Very frustrated.,Negative
9182,The price seems regular. It does the job.,Neutral
9183,This item looks bad. Very frustrated.,Negative
9184,The price proved to be bad. Will return it.,Negative
9185,The product feels amazing. Highly recommended!,Positive
9186,The service looks extremely amazing. Will buy again.,Positive
9187,The design seems somewhat superb. Highly recommended!,Positive
9188,I think the packaging proved to be horrible. Do not buy.,Negative
9189,The quality proved to be quite subpar. Very frustrated.,Negative
9190,I think delivery proved to be dreadful. I hate it.,Negative
9191,I think the packaging seems excellent. Best purchase ever.,Positive
9192,My experience feels extremely excellent. Highly recommended!,Positive
9193,Customer support was superb. Exceeded expectations.,Positive
9194,Customer support was quite stellar. I love it.,Positive
9195,I think delivery seems great. Very satisfied.,Positive
9196,The design feels quite excellent. Will buy again.,Positive
9197,The design proved to be useless. Total waste of money.,Negative
9198,I think the quality looks bad. Will return it.,Negative
9199,The design proved to be very wonderful. Best purchase ever.,Positive
9200,The service is amazing. Highly recommended!,Positive
9201,Customer support seems really perfect. Very satisfied.,Positive
9202,I think the product feels awesome. Very satisfied.,Positive
9203,My experience looks great. Exceeded expectations.,Positive
9204,The service looks totally amazing. Very satisfied.,Positive
9205,I think this item is amazing. Will buy again.,Positive
9206,Customer support was amazing. I love it.,Positive
9207,I think my experience is awesome. Very satisfied.,Positive
9208,I think customer support was fantastic. Exceeded expectations.,Positive
9209,I think my experience feels brilliant. Will buy again.,Positive
9210,I think the service feels regular. Might buy again.,Neutral
9211,I think the packaging seems standard. Might buy again.,Neutral
9212,I think the design looks wonderful. Exceeded expectations.,Positive
9213,The design was fair. Nothing special.,Neutral
9214,The price was fairly normal. As expected.,Neutral
9215,The product is superb. Best purchase ever.,Positive
9216,I think the packaging seems disappointing. Very frustrated.,Negative
9217,This item proved to be dreadful. Will return it.,Negative
9218,The product proved to be extremely worst. Do not buy.,Negative
9219,The service seems really excellent. Exceeded expectations.,Positive
9220,"The price proved to be fair. Not bad, not great.",Neutral
9221,I think my experience was poor. Very frustrated.,Negative
9222,I think my experience feels useless. Do not buy.,Negative
9223,"I think the packaging is okay. Not bad, not great.",Neutral
9224,I think my experience looks amazing. Exceeded expectations.,Positive
9225,This item is brilliant. I love it.,Positive
9226,I think the packaging proved to be useless. Do not buy.,Negative
9227,The price proved to be absolutely dreadful. Do not buy.,Negative
9228,This item feels completely amazing. Will buy again.,Positive
9229,I think the price feels awesome. Will buy again.,Positive
9230,I think customer support is subpar. Save your money.,Negative
9231,I think customer support feels bad. Save your money.,Negative
9232,I think the packaging seems dreadful. Do not buy.,Negative
9233,The price looks brilliant. Will buy again.,Positive
9234,The service feels extremely worst. Will return it.,Negative
9235,The packaging looks completely great. Best purchase ever.,Positive
9236,The design feels worst. Do not buy.,Negative
9237,The product seems terrible. Total waste of money.,Neutral
9238,Customer support is absolutely terrible. Very frustrated.,Negative
9239,Delivery looks brilliant. I love it.,Positive
9240,I think this item is mediocre. Might buy again.,Neutral
9241,"My experience proved to be truly okay. Not bad, not great.",Neutral
9242,"This item was mediocre. Not bad, not great.",Neutral
9243,My experience seems dreadful. I hate it.,Negative
9244,I think the quality feels horrible. Do not buy.,Negative
9245,The product is really superb. Highly recommended!,Positive
9246,I think the price seems perfect. Very satisfied.,Positive
9247,My experience looks very excellent. Highly recommended!,Positive
9248,The service looks excellent. I love it.,Positive
9249,Delivery seems truly awesome. Best purchase ever.,Positive
9250,The price was excellent. Exceeded expectations.,Positive
9251,"I think the packaging is normal. Not bad, not great.",Neutral
9252,The quality was great. Will buy again.,Positive
9253,Delivery looks quite wonderful. Will buy again.,Positive
9254,This item proved to be somewhat dreadful. Total waste of money.,Negative
9255,Customer support is quite mediocre. As expected.,Neutral
9256,The service seems really useless. Total waste of money.,Negative
9257,I think the product looks excellent. Best purchase ever.,Positive
9258,I think the product seems useless. I hate it.,Negative
9259,The design seems poor. Total waste of money.,Negative
9260,The quality proved to be great. Very satisfied.,Positive
9261,I think the packaging is awful. I hate it.,Negative
9262,The quality was subpar. Do not buy.,Positive
9263,My experience looks fine. It does the job.,Neutral
9264,I think the service looks worst. I hate it.,Negative
9265,The price looks truly fantastic. Exceeded expectations.,Positive
9266,Customer support feels horrible. Will return it.,Negative
9267,I think the design looks fair. Serves its purpose.,Neutral
9268,The packaging seems brilliant. Highly recommended!,Positive
9269,The price is very great. I love it.,Positive
9270,I think the price looks amazing. Exceeded expectations.,Positive
9271,I think this item is dreadful. Save your money.,Negative
9272,My experience seems amazing. Highly recommended!,Positive
9273,My experience seems poor. Very frustrated.,Negative
9274,The service looks superb. Best purchase ever.,Positive
9275,I think my experience is disappointing. Very frustrated.,Negative
9276,Customer support feels useless. I hate it.,Negative
9277,The product feels perfect. I love it.,Positive
9278,I think the service feels wonderful. Very satisfied.,Positive
9279,I think delivery proved to be useless. I hate it.,Negative
9280,I think the design looks horrible. Save your money.,Negative
9281,The quality was quite poor. Save your money.,Negative
9282,My experience feels dreadful. I hate it.,Negative
9283,The price is worst. Will return it.,Negative
9284,The service was subpar. Will return it.,Negative
9285,I think the price is superb. Best purchase ever.,Positive
9286,I think the design looks dreadful. I hate it.,Negative
9287,Delivery looks fairly dreadful. Do not buy.,Neutral
9288,My experience is fairly worst. Do not buy.,Positive
9289,The quality looks dreadful. Very frustrated.,Negative
9290,The product looks stellar. Exceeded expectations.,Positive
9291,The product is awful. Do not buy.,Negative
9292,The packaging was fairly stellar. Will buy again.,Positive
9293,The service feels truly amazing. Exceeded expectations.,Positive
9294,Delivery looks extremely brilliant. Very satisfied.,Positive
9295,This item feels subpar. Save your money.,Negative
9296,Delivery proved to be somewhat brilliant. Exceeded expectations.,Positive
9297,The service was terrible. Will return it.,Negative
9298,Customer support feels really subpar. Save your money.,Negative
9299,This item is amazing. Best purchase ever.,Positive
9300,I think delivery feels stellar. Highly recommended!,Positive
9301,The product feels disappointing. I hate it.,Negative
9302,The design proved to be totally fantastic. I love it.,Positive
9303,I think the design is awful. I hate it.,Negative
9304,The packaging was excellent. Will buy again.,Positive
9305,I think the design was amazing. Very satisfied.,Positive
9306,The packaging feels mediocre. Might buy again.,Neutral
9307,The packaging seems fair. Nothing special.,Neutral
9308,The price looks absolutely superb. Very satisfied.,Positive
9309,The price looks absolutely disappointing. I hate it.,Negative
9310,This item looks absolutely fair. Nothing special.,Neutral
9311,I think my experience feels wonderful. Best purchase ever.,Positive
9312,Customer support looks worst. Save your money.,Negative
9313,The service looks fantastic. Very satisfied.,Positive
9314,I think delivery is wonderful. Best purchase ever.,Neutral
9315,I think the product was mediocre. Serves its purpose.,Neutral
9316,I think my experience was fantastic. Best purchase ever.,Positive
9317,I think the price was fair. As expected.,Neutral
9318,The product looks useless. Very frustrated.,Negative
9319,My experience proved to be extremely poor. Total waste of money.,Negative
9320,The product feels fine. Might buy again.,Neutral
9321,The design feels poor. Very frustrated.,Negative
9322,The service proved to be subpar. I hate it.,Negative
9323,I think my experience was subpar. Very frustrated.,Negative
9324,I think customer support proved to be awful. Very frustrated.,Negative
9325,I think customer support seems great. Best purchase ever.,Negative
9326,Delivery seems wonderful. Highly recommended!,Positive
9327,I think my experience proved to be brilliant. Exceeded expectations.,Positive
9328,The service is completely brilliant. Highly recommended!,Positive
9329,I think this item was amazing. Very satisfied.,Positive
9330,I think customer support was great. Very satisfied.,Positive
9331,I think the quality is mediocre. As expected.,Neutral
9332,This item proved to be quite awful. Very frustrated.,Positive
9333,I think the design proved to be excellent. Will buy again.,Positive
9334,The quality proved to be fantastic. I love it.,Positive
9335,The price is dreadful. Do not buy.,Negative
9336,I think the product was superb. Exceeded expectations.,Positive
9337,"I think this item is okay. Not bad, not great.",Neutral
9338,The quality feels fairly amazing. I love it.,Positive
9339,This item is wonderful. Exceeded expectations.,Positive
9340,The price proved to be somewhat excellent. Exceeded expectations.,Positive
9341,The service looks fairly mediocre. Might buy again.,Neutral
9342,My experience feels absolutely disappointing. Will return it.,Negative
9343,The design seems fantastic. Best purchase ever.,Positive
9344,The product was very worst. Will return it.,Negative
9345,Delivery seems fine. It does the job.,Neutral
9346,The service was somewhat subpar. Do not buy.,Negative
9347,The product was worst. I hate it.,Negative
9348,This item is totally worst. Do not buy.,Negative
9349,Customer support is extremely subpar. Do not buy.,Negative
9350,Customer support feels really awful. Will return it.,Neutral
9351,The service is absolutely great. Best purchase ever.,Positive
9352,I think the design was terrible. Will return it.,Negative
9353,Delivery was horrible. Will return it.,Negative
9354,I think my experience proved to be fair. Might buy again.,Neutral
9355,I think the quality looks awful. Very frustrated.,Negative
9356,I think the quality feels awful. Save your money.,Negative
9357,I think this item is okay. Serves its purpose.,Positive
9358,My experience proved to be completely terrible. I hate it.,Negative
9359,The price looks bad. Total waste of money.,Negative
9360,This item feels awful. I hate it.,Negative
9361,The price seems absolutely disappointing. Will return it.,Negative
9362,The packaging looks absolutely excellent. Very satisfied.,Positive
9363,The packaging seems fantastic. Highly recommended!,Positive
9364,I think the price was horrible. Save your money.,Negative
9365,I think the quality seems awesome. Highly recommended!,Positive
9366,The service looks perfect. Will buy again.,Positive
9367,I think the product feels bad. Total waste of money.,Negative
9368,I think the service seems superb. Will buy again.,Positive
9369,Customer support feels useless. Save your money.,Negative
9370,I think my experience is worst. I hate it.,Negative
9371,I think the packaging was fine. It does the job.,Neutral
9372,This item was okay. Might buy again.,Neutral
9373,I think the design proved to be mediocre. Serves its purpose.,Neutral
9374,The design feels really fantastic. Best purchase ever.,Positive
9375,Customer support looks quite bad. I hate it.,Negative
9376,I think my experience feels brilliant. Will buy again.,Positive
9377,I think my experience is disappointing. I hate it.,Negative
9378,The quality looks totally poor. Will return it.,Negative
9379,This item proved to be fairly wonderful. Highly recommended!,Positive
9380,This item proved to be fantastic. Highly recommended!,Positive
9381,Delivery proved to be quite standard. Might buy again.,Neutral
9382,My experience proved to be bad. Will return it.,Negative
9383,The price looks okay. Nothing special.,Neutral
9384,This item was absolutely excellent. I love it.,Positive
9385,This item feels fairly superb. Highly recommended!,Positive
9386,I think delivery feels wonderful. I love it.,Positive
9387,"The product was mediocre. Not bad, not great.",Neutral
9388,I think delivery feels poor. Save your money.,Negative
9389,I think the quality was awful. Total waste of money.,Negative
9390,"The design was truly fine. Not bad, not great.",Neutral
9391,I think delivery feels terrible. Do not buy.,Negative
9392,Delivery was really superb. Very satisfied.,Positive
9393,The product seems really awesome. Very satisfied.,Positive
9394,I think the quality proved to be acceptable. As expected.,Neutral
9395,Customer support proved to be completely normal. Nothing special.,Neutral
9396,I think customer support seems amazing. Best purchase ever.,Positive
9397,The price proved to be perfect. Best purchase ever.,Positive
9398,The service feels regular. As expected.,Neutral
9399,I think the price looks bad. Will return it.,Negative
9400,I think the price is typical. Might buy again.,Neutral
9401,The service was fantastic. Best purchase ever.,Positive
9402,I think the quality proved to be worst. Total waste of money.,Negative
9403,My experience looks really fantastic. Very satisfied.,Positive
9404,The design is absolutely awesome. I love it.,Positive
9405,I think the service proved to be subpar. Very frustrated.,Negative
9406,The design seems somewhat bad. Will return it.,Negative
9407,The design proved to be brilliant. Very satisfied.,Positive
9408,My experience is very terrible. Do not buy.,Negative
9409,My experience seems absolutely wonderful. Very satisfied.,Positive
9410,Customer support was very awful. Save your money.,Negative
9411,"The design proved to be fairly okay. Not bad, not great.",Neutral
9412,The service seems useless. Will return it.,Negative
9413,This item proved to be brilliant. I love it.,Positive
9414,This item was excellent. Highly recommended!,Positive
9415,I think the design seems poor. Total waste of money.,Negative
9416,I think the quality is subpar. I hate it.,Negative
9417,The service proved to be amazing. Best purchase ever.,Positive
9418,The service feels quite dreadful. Very frustrated.,Negative
9419,Delivery is fantastic. Exceeded expectations.,Positive
9420,I think the quality feels fine. Nothing special.,Neutral
9421,I think the quality looks superb. Best purchase ever.,Positive
9422,The packaging seems subpar. Total waste of money.,Negative
9423,The packaging seems typical. Might buy again.,Neutral
9424,Customer support seems completely fine. Nothing special.,Neutral
9425,This item feels terrible. Will return it.,Negative
9426,The quality seems amazing. Highly recommended!,Positive
9427,I think the quality proved to be superb. Exceeded expectations.,Positive
9428,The product is stellar. Exceeded expectations.,Positive
9429,This item was completely worst. Total waste of money.,Negative
9430,I think the quality seems superb. Highly recommended!,Positive
9431,The service proved to be absolutely great. Will buy again.,Positive
9432,I think my experience proved to be useless. Very frustrated.,Negative
9433,I think the quality looks awesome. Very satisfied.,Neutral
9434,I think the price looks typical. Serves its purpose.,Neutral
9435,Customer support was fairly typical. As expected.,Neutral
9436,The price is stellar. I love it.,Positive
9437,I think the price is wonderful. Very satisfied.,Positive
9438,I think my experience feels excellent. Highly recommended!,Positive
9439,I think the packaging seems dreadful. Do not buy.,Negative
9440,The service is normal. As expected.,Neutral
9441,The product seems acceptable. As expected.,Neutral
9442,The packaging feels completely subpar. Save your money.,Negative
9443,I think the price feels terrible. I hate it.,Negative
9444,The service is awesome. Highly recommended!,Positive
9445,The quality looks subpar. Will return it.,Negative
9446,I think the quality looks stellar. Very satisfied.,Positive
9447,The packaging seems fairly fair. It does the job.,Neutral
9448,The price proved to be really brilliant. Very satisfied.,Positive
9449,I think this item was dreadful. Total waste of money.,Negative
9450,I think my experience was useless. Will return it.,Negative
9451,I think this item is superb. I love it.,Positive
9452,The product looks quite mediocre. It does the job.,Neutral
9453,I think customer support proved to be brilliant. Exceeded expectations.,Positive
9454,I think this item proved to be subpar. I hate it.,Negative
9455,I think the product seems stellar. Will buy again.,Positive
9456,The product proved to be somewhat poor. Do not buy.,Negative
9457,This item was somewhat fantastic. Exceeded expectations.,Positive
9458,"The service feels okay. Not bad, not great.",Neutral
9459,I think delivery feels useless. Will return it.,Negative
9460,The price proved to be amazing. I love it.,Positive
9461,The service was worst. Total waste of money.,Negative
9462,The design seems fine. As expected.,Neutral
9463,"I think this item was okay. Not bad, not great.",Neutral
9464,Delivery is extremely great. Best purchase ever.,Positive
9465,I think the quality seems great. Highly recommended!,Negative
9466,The service was subpar. Do not buy.,Negative
9467,Delivery proved to be really brilliant. Exceeded expectations.,Positive
9468,I think the quality proved to be bad. Save your money.,Negative
9469,The product was somewhat great. I love it.,Positive
9470,I think customer support looks great. Will buy again.,Positive
9471,Delivery is horrible. I hate it.,Negative
9472,Delivery seems truly worst. Very frustrated.,Negative
9473,I think this item feels acceptable. It does the job.,Positive
9474,I think customer support is amazing. I love it.,Positive
9475,The service proved to be really excellent. Very satisfied.,Positive
9476,Customer support is stellar. Very satisfied.,Positive
9477,The service seems awesome. Exceeded expectations.,Positive
9478,"The quality proved to be quite acceptable. Not bad, not great.",Neutral
9479,This item feels standard. Might buy again.,Neutral
9480,Delivery feels really disappointing. Save your money.,Negative
9481,The quality feels truly disappointing. Total waste of money.,Negative
9482,I think the price was horrible. Very frustrated.,Negative
9483,The quality proved to be truly brilliant. Best purchase ever.,Positive
9484,Delivery feels very terrible. Do not buy.,Negative
9485,The design feels absolutely fantastic. Very satisfied.,Positive
9486,I think this item feels brilliant. Will buy again.,Positive
9487,The design looks totally subpar. Do not buy.,Negative
9488,The quality was perfect. Highly recommended!,Positive
9489,I think the packaging was normal. Might buy again.,Neutral
9490,Delivery looks excellent. Highly recommended!,Positive
9491,My experience feels perfect. Best purchase ever.,Positive
9492,I think customer support proved to be useless. I hate it.,Negative
9493,I think the packaging proved to be perfect. I love it.,Positive
9494,I think the design is superb. Highly recommended!,Positive
9495,I think the product looks great. Exceeded expectations.,Positive
9496,The product proved to be really bad. Save your money.,Negative
9497,The service feels subpar. Total waste of money.,Negative
9498,The packaging seems quite normal. As expected.,Positive
9499,The service proved to be typical. As expected.,Neutral
9500,I think my experience feels perfect. Exceeded expectations.,Positive
9501,The service seems excellent. Exceeded expectations.,Positive
9502,I think this item proved to be okay. It does the job.,Neutral
9503,I think the quality seems great. Highly recommended!,Positive
9504,The design is truly useless. Very frustrated.,Negative
9505,I think this item proved to be fair. As expected.,Neutral
9506,Customer support was quite useless. Total waste of money.,Negative
9507,I think my experience was disappointing. Do not buy.,Negative
9508,The price was bad. I hate it.,Negative
9509,The price was quite great. Highly recommended!,Positive
9510,I think this item seems useless. Very frustrated.,Negative
9511,I think the packaging looks awesome. Very satisfied.,Positive
9512,I think this item looks standard. It does the job.,Neutral
9513,The service proved to be typical. Serves its purpose.,Neutral
9514,The price looks amazing. Very satisfied.,Positive
9515,I think the service was horrible. Very frustrated.,Negative
9516,I think the service is brilliant. Highly recommended!,Positive
9517,The packaging looks somewhat mediocre. Might buy again.,Neutral
9518,I think my experience feels awful. Total waste of money.,Negative
9519,The price proved to be quite terrible. Very frustrated.,Negative
9520,The product proved to be extremely typical. As expected.,Neutral
9521,Customer support is extremely worst. Will return it.,Negative
9522,I think the packaging is dreadful. I hate it.,Negative
9523,I think the service was fantastic. Will buy again.,Positive
9524,The price proved to be fantastic. Best purchase ever.,Positive
9525,I think the service looks subpar. Do not buy.,Negative
9526,My experience seems awesome. Very satisfied.,Positive
9527,I think the design looks bad. Do not buy.,Negative
9528,I think the packaging proved to be fair. Serves its purpose.,Neutral
9529,I think delivery is dreadful. Save your money.,Negative
9530,The packaging is fairly acceptable. It does the job.,Neutral
9531,The service looks terrible. Total waste of money.,Negative
9532,This item was useless. I hate it.,Negative
9533,The quality is fantastic. Will buy again.,Positive
9534,I think delivery is superb. I love it.,Positive
9535,I think delivery was worst. I hate it.,Negative
9536,The quality looks fairly okay. Might buy again.,Neutral
9537,I think delivery proved to be stellar. Exceeded expectations.,Positive
9538,I think the quality seems great. Will buy again.,Positive
9539,The quality was fair. Might buy again.,Neutral
9540,I think the product was horrible. Save your money.,Negative
9541,This item was brilliant. Best purchase ever.,Positive
9542,The price was worst. Very frustrated.,Negative
9543,I think this item looks amazing. Will buy again.,Positive
9544,I think this item proved to be perfect. I love it.,Positive
9545,I think the packaging proved to be fantastic. Exceeded expectations.,Positive
9546,I think the design is dreadful. Total waste of money.,Negative
9547,I think this item seems disappointing. I hate it.,Negative
9548,I think the price seems typical. It does the job.,Neutral
9549,Delivery feels worst. Save your money.,Negative
9550,The price feels very useless. Total waste of money.,Negative
9551,The service was completely excellent. I love it.,Positive
9552,The service was totally great. Best purchase ever.,Positive
9553,The packaging was subpar. Very frustrated.,Negative
9554,Customer support was terrible. I hate it.,Negative
9555,The quality looks excellent. Exceeded expectations.,Positive
9556,Delivery seems wonderful. Highly recommended!,Negative
9557,The packaging feels quite normal. It does the job.,Neutral
9558,I think delivery was superb. Exceeded expectations.,Positive
9559,The product looks fairly amazing. Exceeded expectations.,Positive
9560,The price seems quite normal. Serves its purpose.,Neutral
9561,The design was perfect. Will buy again.,Positive
9562,I think the quality seems awesome. I love it.,Positive
9563,I think the quality was average. Serves its purpose.,Neutral
9564,The design is extremely awesome. Exceeded expectations.,Positive
9565,The packaging is perfect. Very satisfied.,Positive
9566,This item is completely regular. Nothing special.,Neutral
9567,The packaging was truly terrible. Do not buy.,Negative
9568,The product was disappointing. Total waste of money.,Negative
9569,This item was fair. Might buy again.,Neutral
9570,Delivery proved to be totally great. Highly recommended!,Positive
9571,The price proved to be fairly regular. Nothing special.,Neutral
9572,Delivery looks poor. Very frustrated.,Positive
9573,Customer support feels quite amazing. Will buy again.,Positive
9574,The packaging proved to be terrible. Very frustrated.,Negative
9575,My experience was absolutely terrible. Do not buy.,Negative
9576,My experience proved to be normal. Might buy again.,Neutral
9577,I think my experience seems awesome. Best purchase ever.,Positive
9578,I think this item feels bad. Do not buy.,Negative
9579,Customer support looks stellar. Will buy again.,Positive
9580,I think the quality seems bad. Will return it.,Negative
9581,Customer support proved to be absolutely normal. As expected.,Neutral
9582,I think the service looks awesome. I love it.,Positive
9583,I think my experience is mediocre. It does the job.,Neutral
9584,I think customer support proved to be poor. Save your money.,Negative
9585,I think the price proved to be subpar. Total waste of money.,Negative
9586,The price proved to be poor. Do not buy.,Negative
9587,The design looks completely disappointing. Very frustrated.,Negative
9588,My experience looks wonderful. I love it.,Positive
9589,Customer support looks bad. Do not buy.,Negative
9590,I think the service feels wonderful. Highly recommended!,Positive
9591,Customer support looks okay. Serves its purpose.,Negative
9592,My experience feels absolutely average. Might buy again.,Neutral
9593,The price feels fine. Nothing special.,Neutral
9594,The design feels perfect. Very satisfied.,Positive
9595,Customer support is really fantastic. I love it.,Positive
9596,The price looks awesome. Will buy again.,Positive
9597,The service looks absolutely poor. Total waste of money.,Neutral
9598,The price was fairly bad. Total waste of money.,Negative
9599,I think the product is wonderful. Exceeded expectations.,Positive
9600,This item is great. Will buy again.,Positive
9601,Customer support was totally terrible. Do not buy.,Negative
9602,Customer support is average. Serves its purpose.,Neutral
9603,I think the design looks awesome. Best purchase ever.,Negative
9604,The packaging feels somewhat useless. Very frustrated.,Negative
9605,Delivery feels superb. I love it.,Positive
9606,This item is quite average. As expected.,Neutral
9607,The quality seems somewhat disappointing. Will return it.,Negative
9608,I think the quality looks awful. Total waste of money.,Negative
9609,Delivery feels absolutely standard. Nothing special.,Neutral
9610,The design looks fair. As expected.,Neutral
9611,I think the packaging feels excellent. Exceeded expectations.,Positive
9612,The price feels normal. Nothing special.,Neutral
9613,The quality feels truly excellent. I love it.,Positive
9614,The service feels horrible. Will return it.,Negative
9615,I think this item looks poor. Do not buy.,Negative
9616,I think this item proved to be horrible. Very frustrated.,Negative
9617,I think the price proved to be stellar. Highly recommended!,Positive
9618,This item looks great. Exceeded expectations.,Positive
9619,The design proved to be fairly amazing. Will buy again.,Positive
9620,I think the packaging proved to be fair. As expected.,Neutral
9621,The price is completely fantastic. Will buy again.,Positive
9622,This item was perfect. I love it.,Positive
9623,The service is regular. As expected.,Neutral
9624,The design is extremely worst. Total waste of money.,Negative
9625,The product is fairly excellent. Will buy again.,Positive
9626,The quality seems terrible. Do not buy.,Negative
9627,I think the quality looks poor. Total waste of money.,Negative
9628,Customer support proved to be average. Might buy again.,Neutral
9629,I think the design was mediocre. Nothing special.,Neutral
9630,Delivery looks awesome. I love it.,Positive
9631,The packaging was bad. Save your money.,Negative
9632,I think this item is brilliant. Very satisfied.,Positive
9633,Delivery looks absolutely poor. Will return it.,Negative
9634,I think the design is useless. Save your money.,Negative
9635,The service was really acceptable. It does the job.,Neutral
9636,I think the quality feels superb. Exceeded expectations.,Positive
9637,The product was great. Best purchase ever.,Positive
9638,Customer support is fairly fantastic. Best purchase ever.,Positive
9639,The design looks bad. I hate it.,Negative
9640,The product feels very great. Will buy again.,Positive
9641,I think my experience was wonderful. Highly recommended!,Positive
9642,The packaging is extremely superb. I love it.,Positive
9643,Customer support looks poor. I hate it.,Negative
9644,The price looks awful. Will return it.,Negative
9645,The design seems quite awful. Save your money.,Negative
9646,I think the packaging looks bad. Do not buy.,Negative
9647,This item looks really excellent. Exceeded expectations.,Positive
9648,I think my experience was useless. I hate it.,Negative
9649,I think this item seems wonderful. Highly recommended!,Positive
9650,The service seems very superb. Best purchase ever.,Positive
9651,The design was somewhat awesome. Very satisfied.,Positive
9652,I think the price looks dreadful. Do not buy.,Negative
9653,The design is completely poor. Total waste of money.,Negative
9654,I think this item is standard. Might buy again.,Neutral
9655,The design seems amazing. Best purchase ever.,Positive
9656,Customer support feels very useless. Will return it.,Negative
9657,I think my experience seems terrible. Save your money.,Negative
9658,I think delivery proved to be superb. I love it.,Positive
9659,Delivery feels great. Will buy again.,Positive
9660,The service feels very useless. Will return it.,Negative
9661,My experience proved to be very amazing. Will buy again.,Positive
9662,The product looks extremely okay. Serves its purpose.,Neutral
9663,The quality proved to be standard. It does the job.,Neutral
9664,Customer support proved to be disappointing. I hate it.,Negative
9665,I think customer support feels perfect. Exceeded expectations.,Negative
9666,I think the packaging feels disappointing. Will return it.,Negative
9667,Customer support feels fairly terrible. I hate it.,Negative
9668,The price was very perfect. Highly recommended!,Positive
9669,Delivery looks completely fantastic. Very satisfied.,Positive
9670,The quality proved to be absolutely useless. Save your money.,Negative
9671,The product feels quite awesome. I love it.,Positive
9672,I think my experience looks awful. Very frustrated.,Negative
9673,The quality looks truly typical. Might buy again.,Neutral
9674,The product was extremely amazing. I love it.,Positive
9675,The design feels average. As expected.,Neutral
9676,The service was wonderful. Best purchase ever.,Positive
9677,Delivery is poor. Total waste of money.,Negative
9678,This item looks somewhat excellent. I love it.,Positive
9679,Delivery seems extremely mediocre. Serves its purpose.,Neutral
9680,Customer support was perfect. Highly recommended!,Positive
9681,The packaging seems fair. It does the job.,Neutral
9682,Customer support feels average. Serves its purpose.,Neutral
9683,This item proved to be completely regular. Nothing special.,Neutral
9684,The quality seems somewhat subpar. Will return it.,Negative
9685,I think my experience was superb. Very satisfied.,Positive
9686,I think delivery looks perfect. Exceeded expectations.,Positive
9687,The service is really mediocre. As expected.,Neutral
9688,This item was absolutely stellar. Best purchase ever.,Positive
9689,"I think the quality proved to be regular. Not bad, not great.",Neutral
9690,The product was fantastic. Will buy again.,Positive
9691,Customer support was really fine. It does the job.,Neutral
9692,This item was really regular. As expected.,Neutral
9693,Delivery feels quite normal. As expected.,Neutral
9694,The quality looks brilliant. Very satisfied.,Positive
9695,My experience feels normal. It does the job.,Neutral
9696,The product seems completely awesome. Very satisfied.,Positive
9697,I think customer support proved to be useless. Total waste of money.,Negative
9698,The service is very disappointing. Total waste of money.,Negative
9699,I think my experience proved to be horrible. Very frustrated.,Negative
9700,My experience looks great. Best purchase ever.,Positive
9701,Customer support is absolutely disappointing. Do not buy.,Negative
9702,I think this item is awesome. I love it.,Positive
9703,My experience was very superb. I love it.,Positive
9704,The service feels awful. Total waste of money.,Negative
9705,I think the price seems fine. It does the job.,Neutral
9706,My experience was totally brilliant. Best purchase ever.,Positive
9707,The quality feels wonderful. Best purchase ever.,Positive
9708,This item proved to be stellar. I love it.,Positive
9709,The packaging was quite excellent. I love it.,Positive
9710,The packaging feels awful. Will return it.,Negative
9711,The quality looks extremely awesome. Exceeded expectations.,Positive
9712,I think my experience looks wonderful. Very satisfied.,Positive
9713,The service seems fantastic. Very satisfied.,Positive
9714,The design proved to be really brilliant. Highly recommended!,Positive
9715,I think the service proved to be worst. Save your money.,Negative
9716,This item is quite bad. Total waste of money.,Negative
9717,I think delivery feels awful. Very frustrated.,Negative
9718,The product feels bad. Save your money.,Neutral
9719,The packaging seems quite dreadful. Very frustrated.,Negative
9720,I think this item looks disappointing. I hate it.,Negative
9721,The design looks horrible. Do not buy.,Negative
9722,This item was fantastic. Highly recommended!,Positive
9723,The packaging looks completely standard. Serves its purpose.,Neutral
9724,I think customer support feels disappointing. Do not buy.,Negative
9725,The design feels completely excellent. Will buy again.,Positive
9726,I think the packaging is superb. Best purchase ever.,Positive
9727,The price is absolutely typical. Might buy again.,Neutral
9728,I think the design proved to be dreadful. Very frustrated.,Negative
9729,The design seems stellar. Highly recommended!,Positive
9730,The service seems dreadful. Very frustrated.,Negative
9731,I think the design was normal. Might buy again.,Neutral
9732,The price is typical. As expected.,Neutral
9733,I think the service was disappointing. Total waste of money.,Negative
9734,I think the product was dreadful. Do not buy.,Negative
9735,"I think the price seems acceptable. Not bad, not great.",Neutral
9736,The design seems superb. Will buy again.,Positive
9737,I think my experience seems excellent. I love it.,Positive
9738,Customer support looks excellent. Will buy again.,Positive
9739,"Delivery proved to be absolutely typical. Not bad, not great.",Neutral
9740,The service looks fair. As expected.,Neutral
9741,This item feels mediocre. Serves its purpose.,Neutral
9742,This item feels extremely dreadful. Do not buy.,Negative
9743,Delivery looks excellent. Very satisfied.,Positive
9744,I think the service seems fantastic. Very satisfied.,Positive
9745,I think the quality looks okay. It does the job.,Neutral
9746,The service seems worst. Do not buy.,Negative
9747,The design looks extremely useless. Total waste of money.,Negative
9748,I think the design is worst. I hate it.,Negative
9749,Customer support is really excellent. Very satisfied.,Positive
9750,The packaging was totally dreadful. Total waste of money.,Negative
9751,The packaging looks very great. I love it.,Positive
9752,I think the packaging was fantastic. Best purchase ever.,Positive
9753,Customer support proved to be worst. Will return it.,Negative
9754,My experience was excellent. Exceeded expectations.,Positive
9755,I think this item was normal. Serves its purpose.,Neutral
9756,The product seems excellent. Best purchase ever.,Positive
9757,Delivery looks very awful. Will return it.,Negative
9758,"The quality is typical. Not bad, not great.",Neutral
9759,I think delivery feels acceptable. As expected.,Neutral
9760,The price seems totally worst. Very frustrated.,Negative
9761,I think the price proved to be subpar. Will return it.,Negative
9762,I think the packaging seems useless. Will return it.,Negative
9763,I think the service proved to be excellent. Very satisfied.,Positive
9764,I think delivery proved to be excellent. Very satisfied.,Negative
9765,I think the packaging looks great. Very satisfied.,Positive
9766,The design looks truly great. Very satisfied.,Positive
9767,I think the packaging looks fair. Serves its purpose.,Neutral
9768,The quality is absolutely awesome. Best purchase ever.,Positive
9769,Customer support is useless. Total waste of money.,Negative
9770,The product feels absolutely poor. Do not buy.,Negative
9771,The price is awesome. Will buy again.,Positive
9772,I think delivery seems terrible. Save your money.,Negative
9773,I think the service seems bad. Total waste of money.,Negative
9774,I think my experience proved to be typical. It does the job.,Neutral
9775,I think delivery feels bad. Save your money.,Negative
9776,The service looks awesome. Highly recommended!,Positive
9777,My experience is awful. Will return it.,Negative
9778,The quality proved to be somewhat excellent. Very satisfied.,Positive
9779,My experience looks perfect. Exceeded expectations.,Negative
9780,This item was absolutely disappointing. Do not buy.,Negative
9781,I think the packaging was terrible. Do not buy.,Positive
9782,I think the design is awful. I hate it.,Neutral
9783,The product feels truly bad. Very frustrated.,Negative
9784,I think this item is normal. Serves its purpose.,Neutral
9785,The service feels disappointing. Will return it.,Negative
9786,I think my experience looks superb. Very satisfied.,Positive
9787,The quality is totally excellent. Highly recommended!,Positive
9788,The design looks very standard. As expected.,Neutral
9789,I think this item was worst. Very frustrated.,Negative
9790,My experience looks wonderful. Best purchase ever.,Positive
9791,This item was terrible. Total waste of money.,Negative
9792,The price was fantastic. Highly recommended!,Positive
9793,I think this item was disappointing. I hate it.,Positive
9794,The product looks truly brilliant. Very satisfied.,Positive
9795,The service feels poor. Very frustrated.,Negative
9796,I think the design looks bad. I hate it.,Negative
9797,The product proved to be brilliant. Best purchase ever.,Positive
9798,I think customer support looks great. Very satisfied.,Positive
9799,This item feels subpar. Very frustrated.,Negative
9800,The service proved to be extremely horrible. Will return it.,Negative
9801,The design was totally dreadful. Save your money.,Negative
9802,I think the packaging proved to be great. Very satisfied.,Positive
9803,This item seems truly amazing. Very satisfied.,Positive
9804,Customer support was bad. Will return it.,Negative
9805,The product proved to be horrible. I hate it.,Negative
9806,Customer support feels totally great. Very satisfied.,Positive
9807,The packaging is wonderful. Exceeded expectations.,Positive
9808,The packaging proved to be completely awful. I hate it.,Negative
9809,The product seems great. Highly recommended!,Positive
9810,The service was dreadful. Will return it.,Negative
9811,The quality is extremely perfect. I love it.,Positive
9812,The quality is fair. It does the job.,Neutral
9813,The packaging seems worst. Do not buy.,Negative
9814,The product seems somewhat perfect. Highly recommended!,Positive
9815,I think customer support proved to be bad. Total waste of money.,Negative
9816,My experience is extremely wonderful. Highly recommended!,Positive
9817,This item proved to be really bad. Do not buy.,Positive
9818,My experience is truly disappointing. Total waste of money.,Positive
9819,I think delivery feels great. Highly recommended!,Positive
9820,My experience feels absolutely stellar. Highly recommended!,Positive
9821,This item seems quite bad. Will return it.,Negative
9822,The packaging feels truly normal. Might buy again.,Neutral
9823,I think the design proved to be acceptable. Nothing special.,Neutral
9824,My experience proved to be perfect. Very satisfied.,Positive
9825,I think the design is disappointing. Do not buy.,Negative
9826,The service was completely amazing. Highly recommended!,Positive
9827,The price feels somewhat wonderful. Very satisfied.,Positive
9828,My experience was quite wonderful. Very satisfied.,Positive
9829,The price is superb. Best purchase ever.,Positive
9830,The design feels awful. Very frustrated.,Negative
9831,My experience feels disappointing. Do not buy.,Negative
9832,The product seems extremely subpar. Save your money.,Negative
9833,The price was fairly regular. It does the job.,Neutral
9834,The service feels completely poor. Total waste of money.,Negative
9835,The quality looks brilliant. Very satisfied.,Positive
9836,"The product seems truly mediocre. Not bad, not great.",Neutral
9837,The service is terrible. Will return it.,Negative
9838,The price feels excellent. Highly recommended!,Positive
9839,Customer support proved to be subpar. Very frustrated.,Negative
9840,The price was somewhat awful. Very frustrated.,Neutral
9841,The quality feels fairly mediocre. Nothing special.,Neutral
9842,The service feels excellent. Best purchase ever.,Positive
9843,The packaging looks really terrible. Total waste of money.,Negative
9844,The product proved to be totally dreadful. Total waste of money.,Negative
9845,I think the price proved to be dreadful. Total waste of money.,Negative
9846,I think the service proved to be excellent. Highly recommended!,Positive
9847,The service looks standard. Might buy again.,Neutral
9848,The product seems awesome. I love it.,Positive
9849,The product is useless. Total waste of money.,Negative
9850,I think the price feels awesome. Exceeded expectations.,Positive
9851,Delivery is fairly amazing. Exceeded expectations.,Positive
9852,The packaging proved to be subpar. Will return it.,Negative
9853,The packaging seems truly stellar. Exceeded expectations.,Positive
9854,I think my experience feels horrible. I hate it.,Negative
9855,I think the quality looks disappointing. Total waste of money.,Negative
9856,I think the price seems fine. It does the job.,Neutral
9857,"The service was completely regular. Not bad, not great.",Neutral
9858,The quality is average. Serves its purpose.,Neutral
9859,I think the design was mediocre. Might buy again.,Neutral
9860,The design seems superb. I love it.,Positive
9861,My experience proved to be really brilliant. Best purchase ever.,Positive
9862,I think the service was stellar. Highly recommended!,Positive
9863,My experience looks average. Might buy again.,Negative
9864,The price proved to be perfect. Highly recommended!,Positive
9865,Delivery seems fantastic. I love it.,Positive
9866,I think customer support was dreadful. Do not buy.,Negative
9867,This item looks terrible. Do not buy.,Negative
9868,Delivery was very excellent. I love it.,Positive
9869,I think delivery seems mediocre. Nothing special.,Positive
9870,Delivery is absolutely mediocre. As expected.,Neutral
9871,The packaging seems standard. Nothing special.,Neutral
9872,The design feels horrible. Very frustrated.,Negative
9873,This item is fair. Serves its purpose.,Positive
9874,Delivery was somewhat terrible. Do not buy.,Negative
9875,My experience seems totally great. Exceeded expectations.,Positive
9876,This item was quite brilliant. I love it.,Positive
9877,I think the packaging was subpar. I hate it.,Negative
9878,I think the service is mediocre. As expected.,Negative
9879,I think the service proved to be disappointing. Will return it.,Negative
9880,The packaging was fairly perfect. Will buy again.,Positive
9881,The quality proved to be excellent. Highly recommended!,Positive
9882,Customer support was worst. Total waste of money.,Negative
9883,Customer support is really amazing. I love it.,Positive
9884,My experience feels completely terrible. Save your money.,Negative
9885,Customer support proved to be completely acceptable. Serves its purpose.,Neutral
9886,Customer support looks perfect. Exceeded expectations.,Positive
9887,The packaging feels excellent. Exceeded expectations.,Positive
9888,I think the design seems stellar. Will buy again.,Positive
9889,I think the design seems horrible. Do not buy.,Negative
9890,I think customer support looks fair. Serves its purpose.,Neutral
9891,The product looks stellar. Best purchase ever.,Positive
9892,The quality feels perfect. Exceeded expectations.,Positive
9893,Delivery is wonderful. Best purchase ever.,Positive
9894,The price feels horrible. Will return it.,Negative
9895,This item proved to be stellar. Exceeded expectations.,Positive
9896,I think my experience proved to be awesome. I love it.,Positive
9897,The service proved to be fairly stellar. Exceeded expectations.,Positive
9898,I think the packaging feels fair. As expected.,Neutral
9899,The packaging is bad. Will return it.,Negative
9900,The price seems awful. Total waste of money.,Negative
9901,I think the price was bad. Very frustrated.,Negative
9902,I think the price is fine. Serves its purpose.,Neutral
9903,I think delivery looks terrible. Total waste of money.,Negative
9904,I think the product seems perfect. Very satisfied.,Positive
9905,The product is brilliant. Will buy again.,Positive
9906,The packaging seems extremely subpar. Will return it.,Negative
9907,The design feels very stellar. Very satisfied.,Positive
9908,Delivery proved to be great. Exceeded expectations.,Positive
9909,I think the quality is fantastic. Exceeded expectations.,Positive
9910,The price seems disappointing. Will return it.,Negative
9911,The quality looks wonderful. Highly recommended!,Positive
9912,The price seems disappointing. Do not buy.,Negative
9913,The packaging feels very typical. Might buy again.,Positive
9914,The product was mediocre. It does the job.,Neutral
9915,I think the design feels okay. Serves its purpose.,Neutral
9916,I think the product proved to be poor. Save your money.,Negative
9917,I think the price proved to be awesome. Highly recommended!,Positive
9918,The design proved to be extremely bad. Very frustrated.,Negative
9919,Delivery seems truly amazing. Best purchase ever.,Positive
9920,This item looks fairly worst. I hate it.,Negative
9921,I think the quality proved to be terrible. Do not buy.,Negative
9922,The service looks terrible. Very frustrated.,Negative
9923,"I think the quality was okay. Not bad, not great.",Neutral
9924,Customer support was dreadful. Save your money.,Negative
9925,Delivery seems extremely poor. I hate it.,Negative
9926,I think the packaging feels stellar. Will buy again.,Positive
9927,I think delivery is stellar. Will buy again.,Positive
9928,The product feels useless. Save your money.,Negative
9929,I think the price was amazing. Will buy again.,Positive
9930,Customer support seems stellar. Highly recommended!,Positive
9931,I think delivery looks dreadful. Save your money.,Negative
9932,I think the design is terrible. I hate it.,Negative
9933,My experience looks very regular. It does the job.,Neutral
9934,The design is terrible. Will return it.,Negative
9935,This item seems somewhat excellent. Will buy again.,Positive
9936,"The product seems extremely mediocre. Not bad, not great.",Neutral
9937,The quality proved to be perfect. Exceeded expectations.,Positive
9938,I think the service seems superb. Highly recommended!,Positive
9939,The design proved to be absolutely amazing. Best purchase ever.,Positive
9940,I think my experience is poor. Total waste of money.,Negative
9941,The packaging is really dreadful. Very frustrated.,Negative
9942,Customer support was somewhat superb. I love it.,Positive
9943,My experience looks average. As expected.,Neutral
9944,This item proved to be completely excellent. Very satisfied.,Positive
9945,The quality looks really amazing. Very satisfied.,Positive
9946,The packaging seems totally bad. Do not buy.,Negative
9947,The product looks dreadful. Save your money.,Negative
9948,The price was bad. Total waste of money.,Negative
9949,The design looks stellar. Exceeded expectations.,Positive
9950,I think the quality feels poor. Very frustrated.,Negative
9951,I think delivery proved to be regular. Nothing special.,Neutral
9952,The service proved to be very subpar. Save your money.,Positive
9953,This item is okay. As expected.,Neutral
9954,"I think this item proved to be standard. Not bad, not great.",Neutral
9955,I think customer support proved to be fantastic. I love it.,Positive
9956,This item feels great. Best purchase ever.,Positive
9957,The quality is very worst. Do not buy.,Negative
9958,Customer support seems stellar. Will buy again.,Positive
9959,I think the quality proved to be acceptable. Might buy again.,Neutral
9960,I think the packaging looks great. Very satisfied.,Positive
9961,The product feels quite wonderful. Will buy again.,Positive
9962,I think this item seems dreadful. Save your money.,Negative
9963,I think the design feels great. Will buy again.,Positive
9964,The design proved to be fairly great. Very satisfied.,Positive
9965,The service looks totally awful. Very frustrated.,Negative
9966,Customer support was truly useless. Will return it.,Negative
9967,My experience is very awesome. I love it.,Negative
9968,I think my experience seems horrible. Very frustrated.,Negative
9969,My experience proved to be really bad. Do not buy.,Negative
9970,Customer support feels brilliant. Will buy again.,Positive
9971,Customer support is poor. Save your money.,Negative
9972,The packaging is absolutely disappointing. I hate it.,Negative
9973,I think the packaging proved to be superb. Very satisfied.,Positive
9974,Delivery proved to be quite subpar. Do not buy.,Negative
9975,I think the product looks terrible. Total waste of money.,Negative
9976,I think the price looks great. Exceeded expectations.,Positive
9977,The product looks perfect. Highly recommended!,Positive
9978,This item is horrible. Total waste of money.,Negative
9979,Customer support proved to be perfect. Highly recommended!,Positive
9980,The packaging proved to be dreadful. Total waste of money.,Negative
9981,The packaging seems fantastic. Will buy again.,Positive
9982,The product is worst. Total waste of money.,Negative
9983,The quality was dreadful. Total waste of money.,Negative
9984,I think the packaging feels fantastic. Best purchase ever.,Positive
9985,The design seems quite superb. Highly recommended!,Positive
9986,Delivery looks poor. Do not buy.,Negative
9987,I think the service was stellar. Highly recommended!,Positive
9988,I think the price looks regular. Nothing special.,Neutral
9989,My experience was stellar. Highly recommended!,Positive
9990,I think the price was subpar. Save your money.,Negative
9991,I think this item proved to be awful. Will return it.,Negative
9992,The product is great. Will buy again.,Positive
9993,I think customer support was bad. Total waste of money.,Negative
9994,I think the quality seems bad. Very frustrated.,Negative
9995,I think this item was wonderful. Exceeded expectations.,Positive
9996,The design feels very worst. Total waste of money.,Negative
9997,I think customer support feels terrible. I hate it.,Negative
9998,The product was extremely wonderful. Will buy again.,Positive
9999,The price proved to be absolutely awful. Total waste of money.,Positive
10000,The quality seems somewhat disappointing. Do not buy.,Negative
10001,The service is awful. I hate it.,Negative
10002,The quality seems awful. Very frustrated.,Negative
10003,The price was really dreadful. Total waste of money.,Negative
10004,I think the product feels fine. It does the job.,Neutral
10005,The product looks quite perfect. Highly recommended!,Positive
10006,The packaging feels really worst. Will return it.,Negative
10007,I think customer support seems wonderful. Exceeded expectations.,Positive
10008,I think the quality is dreadful. Very frustrated.,Negative
10009,The quality looks absolutely subpar. Do not buy.,Negative
10010,I think the service proved to be average. It does the job.,Neutral
10011,My experience looks somewhat regular. Nothing special.,Neutral
10012,Customer support proved to be useless. Do not buy.,Negative
10013,The service seems subpar. Do not buy.,Negative
10014,The packaging looks really wonderful. Best purchase ever.,Positive
10015,The packaging is disappointing. Very frustrated.,Negative
10016,The quality proved to be fairly great. Will buy again.,Positive
10017,The packaging looks superb. Will buy again.,Positive
10018,I think my experience is subpar. I hate it.,Negative
10019,I think my experience was poor. Very frustrated.,Negative
10020,This item looks fantastic. Will buy again.,Positive
10021,I think this item feels okay. Serves its purpose.,Neutral
10022,I think the packaging feels bad. Very frustrated.,Negative
10023,Customer support looks completely disappointing. Do not buy.,Negative
10024,I think the product was superb. I love it.,Positive
10025,This item seems terrible. Will return it.,Positive
10026,This item looks worst. Will return it.,Negative
10027,The packaging was fantastic. Will buy again.,Positive
10028,I think delivery seems perfect. Exceeded expectations.,Positive
10029,I think the packaging proved to be okay. Nothing special.,Neutral
10030,This item looks wonderful. Exceeded expectations.,Positive
10031,The quality proved to be quite bad. Very frustrated.,Negative
10032,I think the quality looks fair. It does the job.,Neutral
10033,I think this item feels stellar. Will buy again.,Positive
10034,I think delivery feels superb. Exceeded expectations.,Positive
10035,The quality looks mediocre. It does the job.,Neutral
10036,I think the packaging is typical. Nothing special.,Neutral
10037,The product was subpar. I hate it.,Negative
10038,The price was awesome. Very satisfied.,Positive
10039,I think delivery feels awful. Save your money.,Negative
10040,The price proved to be very subpar. Will return it.,Negative
10041,The service feels fairly terrible. I hate it.,Negative
10042,"I think the packaging is average. Not bad, not great.",Neutral
10043,I think this item feels normal. As expected.,Neutral
10044,Customer support seems somewhat superb. I love it.,Neutral
10045,The price seems standard. Nothing special.,Neutral
10046,I think delivery seems awesome. I love it.,Positive
10047,Customer support seems superb. Very satisfied.,Positive
10048,Customer support proved to be fairly typical. Serves its purpose.,Neutral
10049,I think this item seems dreadful. Very frustrated.,Negative
10050,Customer support feels awful. Very frustrated.,Negative
10051,The product looks very bad. Save your money.,Negative
10052,I think my experience is bad. Do not buy.,Negative
10053,This item feels wonderful. Highly recommended!,Positive
10054,I think the quality proved to be wonderful. Will buy again.,Positive
10055,The price feels perfect. Exceeded expectations.,Positive
10056,The packaging seems truly brilliant. Highly recommended!,Positive
10057,The packaging proved to be somewhat excellent. Highly recommended!,Positive
10058,This item was somewhat typical. Nothing special.,Neutral
10059,Customer support is average. Nothing special.,Neutral
10060,I think the price is great. Very satisfied.,Positive
10061,I think this item looks awful. Do not buy.,Neutral
10062,I think the price is subpar. Save your money.,Negative
10063,This item feels completely bad. Total waste of money.,Negative
10064,The service proved to be totally standard. Serves its purpose.,Neutral
10065,Delivery proved to be fantastic. Very satisfied.,Neutral
10066,The packaging feels excellent. Very satisfied.,Positive
10067,Customer support is really acceptable. Serves its purpose.,Neutral
10068,I think this item proved to be perfect. Best purchase ever.,Positive
10069,The price looks horrible. Very frustrated.,Negative
10070,I think the quality looks normal. Serves its purpose.,Neutral
10071,This item proved to be somewhat stellar. Best purchase ever.,Positive
10072,Customer support is useless. Save your money.,Negative
10073,This item is quite bad. Do not buy.,Negative
10074,Delivery is completely awesome. Best purchase ever.,Positive
10075,I think the design was perfect. Will buy again.,Positive
10076,"The price feels okay. Not bad, not great.",Neutral
10077,The service seems quite subpar. I hate it.,Negative
10078,The price was very great. Exceeded expectations.,Positive
10079,The packaging seems completely typical. Might buy again.,Neutral
10080,I think the packaging is normal. Might buy again.,Neutral
10081,I think the quality looks perfect. I love it.,Positive
10082,The price is very fine. It does the job.,Neutral
10083,The design seems poor. Do not buy.,Negative
10084,The packaging is awesome. Exceeded expectations.,Positive
10085,My experience was mediocre. Serves its purpose.,Neutral
10086,This item looks stellar. Highly recommended!,Positive
10087,I think this item is subpar. I hate it.,Negative
10088,The design was mediocre. As expected.,Positive
10089,This item seems truly awesome. Exceeded expectations.,Positive
10090,The packaging was completely fine. As expected.,Neutral
10091,I think customer support is terrible. Very frustrated.,Negative
10092,Delivery feels fantastic. Will buy again.,Positive
10093,The price looks completely wonderful. Will buy again.,Positive
10094,The packaging seems horrible. Will return it.,Positive
10095,The quality was poor. Do not buy.,Negative
10096,Delivery was subpar. Do not buy.,Negative
10097,The design feels great. Very satisfied.,Positive
10098,The product seems brilliant. Highly recommended!,Positive
10099,Delivery feels useless. Total waste of money.,Negative
10100,The product seems fairly average. It does the job.,Neutral
10101,This item was brilliant. Highly recommended!,Positive
10102,I think the service feels standard. Nothing special.,Neutral
10103,My experience proved to be somewhat poor. Do not buy.,Negative
10104,I think the price looks terrible. Total waste of money.,Negative
10105,The product looks horrible. Will return it.,Negative
10106,The price looks totally normal. It does the job.,Neutral
10107,I think the quality was excellent. Highly recommended!,Positive
10108,The price feels totally awful. Will return it.,Negative
10109,I think the design proved to be awful. Will return it.,Negative
10110,My experience was awful. Total waste of money.,Negative
10111,The packaging seems totally typical. Might buy again.,Neutral
10112,The price looks amazing. Highly recommended!,Positive
10113,I think my experience seems subpar. Very frustrated.,Negative
10114,I think the product is bad. Do not buy.,Negative
10115,Customer support is poor. Total waste of money.,Negative
10116,The service feels perfect. I love it.,Positive
10117,The quality looks perfect. Exceeded expectations.,Positive
10118,I think the design seems terrible. Very frustrated.,Negative
10119,Delivery is amazing. Highly recommended!,Positive
10120,"I think customer support looks mediocre. Not bad, not great.",Neutral
10121,The quality proved to be fairly stellar. Exceeded expectations.,Positive
10122,The packaging looks brilliant. I love it.,Positive
10123,Customer support looks awful. Will return it.,Negative
10124,I think delivery proved to be stellar. Best purchase ever.,Positive
10125,The service is great. Will buy again.,Positive
10126,This item was fairly superb. I love it.,Positive
10127,I think customer support looks brilliant. Exceeded expectations.,Positive
10128,Delivery was completely amazing. Will buy again.,Positive
10129,This item seems quite useless. Total waste of money.,Negative
10130,The quality seems disappointing. Save your money.,Negative
10131,I think the product feels wonderful. Highly recommended!,Positive
10132,I think this item proved to be typical. Serves its purpose.,Neutral
10133,I think my experience looks bad. I hate it.,Negative
10134,The service looks superb. Exceeded expectations.,Positive
10135,The design proved to be dreadful. Save your money.,Positive
10136,The product seems fairly stellar. I love it.,Positive
10137,The product feels truly stellar. Exceeded expectations.,Positive
10138,I think delivery seems poor. Do not buy.,Negative
10139,I think the product proved to be stellar. I love it.,Positive
10140,The packaging seems fine. As expected.,Neutral
10141,This item proved to be terrible. Do not buy.,Negative
10142,This item looks very poor. Total waste of money.,Negative
10143,This item is very worst. Do not buy.,Negative
10144,Customer support was amazing. Exceeded expectations.,Positive
10145,I think the packaging proved to be useless. Total waste of money.,Negative
10146,I think the packaging proved to be perfect. Best purchase ever.,Positive
10147,I think the price feels typical. As expected.,Neutral
10148,The quality proved to be bad. Do not buy.,Negative
10149,This item proved to be bad. Save your money.,Negative
10150,"Customer support feels mediocre. Not bad, not great.",Neutral
10151,The product seems truly fine. Might buy again.,Neutral
10152,I think the service proved to be superb. Highly recommended!,Positive
10153,The quality looks dreadful. Will return it.,Negative
10154,The price proved to be dreadful. Very frustrated.,Negative
10155,The packaging is really dreadful. Do not buy.,Negative
10156,The quality was quite dreadful. Save your money.,Negative
10157,I think the design proved to be worst. Total waste of money.,Negative
10158,Customer support was extremely amazing. Very satisfied.,Positive
10159,I think delivery proved to be excellent. Very satisfied.,Positive
10160,Customer support seems useless. Do not buy.,Negative
10161,I think the price seems perfect. Exceeded expectations.,Positive
10162,I think the quality was perfect. Will buy again.,Positive
10163,I think this item feels average. Serves its purpose.,Neutral
10164,"Delivery seems really mediocre. Not bad, not great.",Neutral
10165,The service is absolutely perfect. Will buy again.,Positive
10166,I think the design feels poor. Will return it.,Negative
10167,I think the product proved to be awesome. Best purchase ever.,Positive
10168,The design is awful. Very frustrated.,Negative
10169,The packaging is horrible. Do not buy.,Negative
10170,Delivery proved to be absolutely terrible. Very frustrated.,Negative
10171,Delivery proved to be stellar. Best purchase ever.,Positive
10172,Customer support feels awesome. Best purchase ever.,Positive
10173,The quality proved to be disappointing. Total waste of money.,Negative
10174,I think the quality feels typical. As expected.,Neutral
10175,"The service was typical. Not bad, not great.",Neutral
10176,Customer support is very fine. Might buy again.,Neutral
10177,Customer support is terrible. Total waste of money.,Negative
10178,The price proved to be fair. Nothing special.,Neutral
10179,The product looks brilliant. Highly recommended!,Positive
10180,The service was awesome. Will buy again.,Positive
10181,The quality seems great. Exceeded expectations.,Positive
10182,The packaging proved to be stellar. I love it.,Positive
10183,Delivery was fair. Serves its purpose.,Neutral
10184,My experience feels regular. As expected.,Neutral
10185,The quality was perfect. Very satisfied.,Positive
10186,I think delivery is dreadful. Very frustrated.,Negative
10187,The service looks completely disappointing. Do not buy.,Negative
10188,I think the price proved to be fantastic. Very satisfied.,Positive
10189,This item is somewhat awful. I hate it.,Negative
10190,The packaging looks really perfect. Very satisfied.,Positive
10191,I think the product feels stellar. Will buy again.,Positive
10192,I think the product was fantastic. Very satisfied.,Positive
10193,The quality proved to be stellar. Exceeded expectations.,Positive
10194,I think my experience feels bad. Total waste of money.,Negative
10195,Customer support is bad. Total waste of money.,Negative
10196,I think this item was awesome. Exceeded expectations.,Positive
10197,The price feels bad. Very frustrated.,Negative
10198,The product proved to be very standard. Serves its purpose.,Neutral
10199,This item is wonderful. Best purchase ever.,Positive
10200,The service looks fantastic. Exceeded expectations.,Positive
10201,The product feels absolutely brilliant. Exceeded expectations.,Positive
10202,My experience is quite horrible. Will return it.,Negative
10203,The design is fairly brilliant. Highly recommended!,Positive
10204,The quality was somewhat wonderful. Exceeded expectations.,Positive
10205,I think the product looks useless. Will return it.,Negative
10206,The product looks dreadful. Will return it.,Negative
10207,The product was very brilliant. Very satisfied.,Positive
10208,The product feels very dreadful. Total waste of money.,Negative
10209,Customer support proved to be absolutely subpar. Do not buy.,Negative
10210,I think this item was wonderful. Exceeded expectations.,Positive
10211,The packaging proved to be terrible. Very frustrated.,Negative
10212,This item feels totally terrible. Will return it.,Negative
10213,The product feels stellar. Best purchase ever.,Positive
10214,This item seems worst. Will return it.,Negative
10215,My experience was excellent. Very satisfied.,Positive
10216,My experience proved to be awesome. Will buy again.,Positive
10217,The design is awful. I hate it.,Negative
10218,The packaging proved to be extremely dreadful. Total waste of money.,Negative
10219,I think the quality looks fair. Might buy again.,Neutral
10220,This item was really bad. Do not buy.,Negative
10221,"I think this item was normal. Not bad, not great.",Neutral
10222,"My experience feels mediocre. Not bad, not great.",Positive
10223,The quality is fairly excellent. Highly recommended!,Positive
10224,The design proved to be fine. It does the job.,Neutral
10225,"I think the price was standard. Not bad, not great.",Neutral
10226,"The design looks quite fine. Not bad, not great.",Neutral
10227,I think the product was fine. As expected.,Neutral
10228,I think the price feels worst. Total waste of money.,Negative
10229,"I think delivery is mediocre. Not bad, not great.",Neutral
10230,The packaging proved to be completely stellar. Highly recommended!,Positive
10231,My experience looks extremely disappointing. I hate it.,Negative
10232,Delivery feels extremely average. Serves its purpose.,Neutral
10233,Delivery is very brilliant. Will buy again.,Positive
10234,I think customer support is subpar. Do not buy.,Negative
10235,The price seems extremely dreadful. I hate it.,Negative
10236,The packaging seems very typical. Might buy again.,Neutral
10237,The packaging proved to be awful. I hate it.,Negative
10238,I think the design feels awesome. Will buy again.,Positive
10239,The design is dreadful. Will return it.,Negative
10240,The quality was subpar. Very frustrated.,Negative
10241,The quality looks somewhat worst. Save your money.,Negative
10242,I think the price is wonderful. Very satisfied.,Positive
10243,Customer support proved to be typical. Might buy again.,Neutral
10244,The product proved to be fairly great. Very satisfied.,Positive
10245,The packaging seems quite excellent. I love it.,Positive
10246,Delivery seems truly horrible. Do not buy.,Negative
10247,I think the price feels horrible. Will return it.,Negative
10248,The product feels amazing. I love it.,Negative
10249,I think the quality seems perfect. Best purchase ever.,Positive
10250,The product feels somewhat useless. Total waste of money.,Negative
10251,The quality feels awesome. I love it.,Positive
10252,I think the price seems brilliant. Best purchase ever.,Positive
10253,The design was fairly terrible. Very frustrated.,Negative
10254,I think the service looks awesome. I love it.,Positive
10255,"The price proved to be fair. Not bad, not great.",Neutral
10256,I think the product was excellent. Exceeded expectations.,Positive
10257,The product was dreadful. Save your money.,Negative
10258,Customer support is fantastic. Will buy again.,Positive
10259,Delivery was somewhat useless. I hate it.,Negative
10260,I think delivery is subpar. Total waste of money.,Negative
10261,I think the price looks acceptable. Nothing special.,Neutral
10262,I think the price looks horrible. I hate it.,Negative
10263,I think the quality was average. It does the job.,Neutral
10264,I think the design was horrible. Will return it.,Negative
10265,I think the quality looks superb. I love it.,Positive
10266,The service is extremely amazing. Highly recommended!,Positive
10267,I think delivery looks awesome. Will buy again.,Positive
10268,Delivery is brilliant. Highly recommended!,Positive
10269,The service proved to be somewhat okay. Might buy again.,Neutral
10270,Delivery is brilliant. Very satisfied.,Positive
10271,I think my experience is fantastic. Exceeded expectations.,Positive
10272,I think the price is fair. Might buy again.,Neutral
10273,My experience feels extremely poor. Do not buy.,Negative
10274,I think the quality seems wonderful. Best purchase ever.,Positive
10275,My experience feels great. Exceeded expectations.,Negative
10276,The design feels extremely okay. It does the job.,Neutral
10277,The product feels subpar. Very frustrated.,Negative
10278,The packaging is fine. It does the job.,Neutral
10279,The design proved to be brilliant. Highly recommended!,Positive
10280,"My experience was fair. Not bad, not great.",Neutral
10281,I think this item proved to be stellar. Highly recommended!,Positive
10282,The product was perfect. Best purchase ever.,Positive
10283,The packaging looks very stellar. Best purchase ever.,Negative
10284,I think delivery is worst. I hate it.,Negative
10285,The design seems quite superb. Will buy again.,Positive
10286,The packaging feels average. Nothing special.,Neutral
10287,Customer support proved to be awesome. Highly recommended!,Positive
10288,I think delivery proved to be fantastic. I love it.,Neutral
10289,The price is absolutely awful. I hate it.,Negative
10290,I think delivery is acceptable. Nothing special.,Neutral
10291,Delivery looks worst. Will return it.,Negative
10292,Delivery is absolutely mediocre. It does the job.,Neutral
10293,Customer support is truly stellar. I love it.,Positive
10294,I think the service was subpar. Total waste of money.,Negative
10295,I think delivery looks fantastic. Very satisfied.,Positive
10296,Customer support is very worst. Will return it.,Negative
10297,Customer support was truly amazing. Highly recommended!,Positive
10298,The design is useless. I hate it.,Negative
10299,The service proved to be horrible. Very frustrated.,Negative
10300,The price proved to be normal. Nothing special.,Neutral
10301,The quality seems really perfect. Best purchase ever.,Positive
10302,The packaging looks fantastic. Will buy again.,Positive
10303,The price seems completely brilliant. I love it.,Positive
10304,I think the service is perfect. Will buy again.,Positive
10305,Delivery feels terrible. Total waste of money.,Negative
10306,The packaging looks truly terrible. Do not buy.,Negative
10307,I think the service feels brilliant. Highly recommended!,Positive
10308,I think the quality proved to be terrible. Do not buy.,Negative
10309,Customer support is awesome. Will buy again.,Positive
10310,I think the quality is fantastic. Exceeded expectations.,Positive
10311,The packaging is absolutely okay. Serves its purpose.,Neutral
10312,The service seems fairly great. Best purchase ever.,Positive
10313,The quality was great. I love it.,Positive
10314,I think the price proved to be fair. Might buy again.,Neutral
10315,My experience proved to be bad. Do not buy.,Negative
10316,The packaging feels totally awful. I hate it.,Negative
10317,"I think delivery proved to be okay. Not bad, not great.",Neutral
10318,I think my experience seems superb. Best purchase ever.,Positive
10319,"The design is absolutely mediocre. Not bad, not great.",Neutral
10320,The service was amazing. I love it.,Positive
10321,The quality feels fairly fantastic. Will buy again.,Positive
10322,The quality is totally subpar. Will return it.,Negative
10323,I think delivery feels standard. As expected.,Neutral
10324,I think my experience looks useless. I hate it.,Negative
10325,I think the design feels worst. Do not buy.,Negative
10326,"The product proved to be absolutely normal. Not bad, not great.",Neutral
10327,The product seems subpar. Will return it.,Neutral
10328,The quality is totally wonderful. Will buy again.,Positive
10329,Customer support proved to be truly brilliant. Very satisfied.,Positive
10330,My experience seems quite awesome. Very satisfied.,Positive
10331,I think customer support looks subpar. Total waste of money.,Negative
10332,Delivery was truly useless. Do not buy.,Negative
10333,Customer support feels really bad. Save your money.,Negative
10334,I think the product seems standard. As expected.,Neutral
10335,I think the packaging looks disappointing. Do not buy.,Negative
10336,I think the quality was wonderful. Highly recommended!,Positive
10337,My experience was regular. Nothing special.,Neutral
10338,Customer support was terrible. Do not buy.,Neutral
10339,The service proved to be perfect. Very satisfied.,Positive
10340,The service looks somewhat superb. Exceeded expectations.,Neutral
10341,I think the service proved to be excellent. Exceeded expectations.,Positive
10342,The service looks dreadful. I hate it.,Positive
10343,I think the service proved to be bad. I hate it.,Negative
10344,This item looks fantastic. Very satisfied.,Positive
10345,The quality feels really fair. Might buy again.,Neutral
10346,"My experience feels somewhat standard. Not bad, not great.",Neutral
10347,This item was somewhat useless. Do not buy.,Negative
10348,I think delivery feels wonderful. Highly recommended!,Positive
10349,Delivery looks bad. Save your money.,Negative
10350,I think the product looks amazing. I love it.,Positive
10351,The quality feels completely superb. Very satisfied.,Positive
10352,I think the product looks great. Very satisfied.,Positive
10353,I think my experience feels dreadful. Save your money.,Negative
10354,"This item seems truly typical. Not bad, not great.",Neutral
10355,Delivery proved to be extremely great. Best purchase ever.,Positive
10356,I think the service was subpar. I hate it.,Negative
10357,The packaging looks worst. Do not buy.,Negative
10358,This item is terrible. Do not buy.,Negative
10359,I think the packaging was wonderful. Best purchase ever.,Positive
10360,This item feels brilliant. Will buy again.,Positive
10361,The service feels excellent. Will buy again.,Positive
10362,The price seems amazing. I love it.,Positive
10363,The service looks completely worst. Total waste of money.,Negative
10364,I think the design is wonderful. Exceeded expectations.,Positive
10365,Customer support looks bad. Do not buy.,Neutral
10366,I think the price is standard. It does the job.,Positive
10367,This item proved to be absolutely average. Nothing special.,Neutral
10368,I think my experience was disappointing. I hate it.,Negative
10369,I think this item is bad. Save your money.,Negative
10370,The design is extremely poor. Very frustrated.,Negative
10371,I think the quality is perfect. Very satisfied.,Positive
10372,The packaging is somewhat awesome. Exceeded expectations.,Positive
10373,I think the packaging is subpar. Save your money.,Negative
10374,The product is quite normal. Might buy again.,Negative
10375,I think the price feels excellent. I love it.,Positive
10376,I think this item feels great. Best purchase ever.,Positive
10377,The quality feels terrible. Will return it.,Negative
10378,"The service seems regular. Not bad, not great.",Neutral
10379,The design feels awful. Very frustrated.,Negative
10380,Customer support proved to be quite excellent. Will buy again.,Positive
10381,I think the packaging feels horrible. I hate it.,Negative
10382,I think this item is useless. I hate it.,Neutral
10383,The design is disappointing. I hate it.,Negative
10384,The service proved to be quite subpar. Will return it.,Negative
10385,I think customer support looks perfect. I love it.,Positive
10386,The price feels bad. I hate it.,Negative
10387,I think the design seems worst. Do not buy.,Negative
10388,The service feels completely awesome. I love it.,Positive
10389,Delivery was very worst. Save your money.,Negative
10390,I think delivery seems amazing. Exceeded expectations.,Positive
10391,The product looks excellent. Best purchase ever.,Positive
10392,The packaging proved to be wonderful. Highly recommended!,Positive
10393,I think customer support feels fantastic. Best purchase ever.,Positive
10394,Delivery proved to be bad. Save your money.,Negative
10395,The price feels totally subpar. I hate it.,Negative
10396,The product was absolutely dreadful. Very frustrated.,Negative
10397,The service looks extremely wonderful. Highly recommended!,Positive
10398,The price feels truly wonderful. Very satisfied.,Positive
10399,I think my experience proved to be great. Will buy again.,Positive
10400,The quality looks regular. It does the job.,Neutral
10401,Customer support was completely worst. Do not buy.,Negative
10402,I think my experience looks disappointing. Will return it.,Neutral
10403,The service feels fairly mediocre. It does the job.,Neutral
10404,This item seems completely brilliant. Will buy again.,Positive
10405,The design looks very worst. Will return it.,Negative
10406,The quality is truly excellent. Best purchase ever.,Positive
10407,The service looks completely average. Serves its purpose.,Neutral
10408,My experience seems completely awesome. I love it.,Positive
10409,My experience seems bad. Save your money.,Negative
10410,I think this item proved to be fantastic. Exceeded expectations.,Positive
10411,The price looks terrible. Will return it.,Negative
10412,Customer support looks quite disappointing. I hate it.,Negative
10413,Customer support looks very worst. Will return it.,Negative
10414,The price seems really perfect. I love it.,Positive
10415,The product was extremely wonderful. I love it.,Positive
10416,"The quality proved to be somewhat standard. Not bad, not great.",Neutral
10417,I think the packaging proved to be fantastic. Very satisfied.,Positive
10418,The service feels somewhat horrible. Do not buy.,Negative
10419,I think the product proved to be perfect. Will buy again.,Positive
10420,I think the packaging was superb. Exceeded expectations.,Positive
10421,I think delivery proved to be poor. Very frustrated.,Negative
10422,The design was really useless. I hate it.,Negative
10423,The service is quite okay. Serves its purpose.,Neutral
10424,The service feels poor. Do not buy.,Negative
10425,Customer support looks poor. Very frustrated.,Negative
10426,"The packaging is average. Not bad, not great.",Neutral
10427,The product looks somewhat horrible. Will return it.,Negative
10428,I think the quality is regular. Serves its purpose.,Neutral
10429,This item proved to be dreadful. Save your money.,Negative
10430,I think this item proved to be mediocre. It does the job.,Neutral
10431,The price seems very worst. I hate it.,Negative
10432,This item is worst. Save your money.,Negative
10433,Customer support feels totally excellent. Exceeded expectations.,Positive
10434,My experience feels really superb. Very satisfied.,Positive
10435,The quality feels awesome. Highly recommended!,Positive
10436,The service was brilliant. Best purchase ever.,Positive
10437,Delivery is awful. Very frustrated.,Negative
10438,I think the product looks superb. Very satisfied.,Positive
10439,The product feels somewhat bad. Do not buy.,Negative
10440,I think the quality proved to be wonderful. Exceeded expectations.,Positive
10441,Delivery looks fairly perfect. Exceeded expectations.,Positive
10442,My experience proved to be truly fair. Might buy again.,Neutral
10443,I think this item proved to be bad. Will return it.,Neutral
10444,The quality was average. As expected.,Neutral
10445,I think customer support is okay. As expected.,Neutral
10446,I think customer support proved to be horrible. Save your money.,Negative
10447,I think the product was amazing. Exceeded expectations.,Positive
10448,Customer support seems extremely excellent. Will buy again.,Positive
10449,I think this item proved to be bad. Do not buy.,Negative
10450,Delivery proved to be mediocre. As expected.,Neutral
10451,My experience proved to be absolutely worst. I hate it.,Negative
10452,I think the packaging is dreadful. Total waste of money.,Negative
10453,Customer support feels fairly poor. Save your money.,Negative
10454,"I think customer support seems regular. Not bad, not great.",Neutral
10455,The design feels perfect. Will buy again.,Positive
10456,The design looks fairly wonderful. Will buy again.,Positive
10457,The packaging is somewhat stellar. Will buy again.,Positive
10458,I think customer support is stellar. Very satisfied.,Positive
10459,I think delivery proved to be stellar. Will buy again.,Positive
10460,I think the packaging was perfect. Best purchase ever.,Positive
10461,I think the service was fantastic. Highly recommended!,Positive
10462,"I think the packaging is mediocre. Not bad, not great.",Neutral
10463,"The service was somewhat acceptable. Not bad, not great.",Neutral
10464,Customer support feels fantastic. Very satisfied.,Positive
10465,I think this item feels poor. I hate it.,Negative
10466,Customer support seems awful. Total waste of money.,Negative
10467,I think my experience is worst. Total waste of money.,Negative
10468,The design was fairly wonderful. I love it.,Positive
10469,This item looks dreadful. Save your money.,Negative
10470,I think delivery proved to be typical. Serves its purpose.,Neutral
10471,I think the price looks wonderful. Exceeded expectations.,Positive
10472,I think the design looks perfect. Will buy again.,Neutral
10473,The service looks truly awesome. I love it.,Positive
10474,The packaging seems completely amazing. Highly recommended!,Positive
10475,This item proved to be fair. Serves its purpose.,Neutral
10476,Delivery was very normal. Nothing special.,Neutral
10477,"The quality was absolutely mediocre. Not bad, not great.",Neutral
10478,I think the packaging is stellar. Will buy again.,Positive
10479,Customer support is brilliant. Exceeded expectations.,Positive
10480,The packaging looks regular. Might buy again.,Neutral
10481,I think the quality was okay. Nothing special.,Neutral
10482,I think my experience was useless. I hate it.,Negative
10483,My experience proved to be horrible. Very frustrated.,Negative
10484,The price looks great. Exceeded expectations.,Positive
10485,I think the quality feels terrible. Very frustrated.,Negative
10486,The design was really horrible. Save your money.,Negative
10487,I think the quality looks mediocre. As expected.,Neutral
10488,I think the quality proved to be mediocre. It does the job.,Neutral
10489,My experience seems totally subpar. Total waste of money.,Negative
10490,The product is truly stellar. Best purchase ever.,Positive
10491,I think delivery feels worst. Very frustrated.,Negative
10492,The service looks amazing. I love it.,Positive
10493,This item feels really excellent. Exceeded expectations.,Positive
10494,My experience was horrible. Very frustrated.,Negative
10495,I think the quality feels disappointing. I hate it.,Negative
10496,I think the price feels awesome. Very satisfied.,Positive
10497,The service looks superb. Will buy again.,Positive
10498,The packaging was completely stellar. Exceeded expectations.,Positive
10499,I think the packaging looks mediocre. It does the job.,Neutral
10500,I think my experience was brilliant. Highly recommended!,Positive
10501,I think my experience feels horrible. I hate it.,Negative
10502,The service feels perfect. Will buy again.,Positive
10503,I think the product was worst. Will return it.,Negative
10504,This item is poor. Total waste of money.,Negative
10505,Customer support was superb. Will buy again.,Positive
10506,The design proved to be stellar. Highly recommended!,Positive
10507,The product seems truly typical. Nothing special.,Neutral
10508,The price proved to be useless. Will return it.,Negative
10509,I think customer support seems mediocre. It does the job.,Neutral
10510,My experience proved to be normal. As expected.,Neutral
10511,The packaging is great. I love it.,Positive
10512,This item was stellar. Very satisfied.,Positive
10513,I think the packaging looks wonderful. Very satisfied.,Positive
10514,The price seems bad. Total waste of money.,Negative
10515,The quality feels poor. Will return it.,Negative
10516,The design proved to be somewhat stellar. I love it.,Positive
10517,I think the price is bad. Total waste of money.,Negative
10518,The product proved to be excellent. Will buy again.,Positive
10519,My experience is excellent. Very satisfied.,Positive
10520,I think my experience seems fair. Serves its purpose.,Neutral
10521,I think the design seems fantastic. Very satisfied.,Positive
10522,I think my experience seems worst. Very frustrated.,Negative
10523,I think the quality was disappointing. Very frustrated.,Negative
10524,The service feels truly mediocre. Nothing special.,Neutral
10525,Customer support feels fantastic. Highly recommended!,Positive
10526,I think delivery seems great. Will buy again.,Positive
10527,This item feels really useless. Save your money.,Neutral
10528,Customer support looks fairly horrible. Very frustrated.,Negative
10529,The quality feels subpar. I hate it.,Negative
10530,The product seems useless. Save your money.,Negative
10531,The price proved to be very awful. I hate it.,Negative
10532,The price feels superb. Best purchase ever.,Positive
10533,The quality is brilliant. Highly recommended!,Positive
10534,The packaging was fine. As expected.,Neutral
10535,The packaging is completely horrible. Do not buy.,Negative
10536,The packaging feels quite dreadful. I hate it.,Negative
10537,This item looks really terrible. Save your money.,Negative
10538,Customer support looks extremely poor. I hate it.,Negative
10539,The packaging was very poor. Do not buy.,Negative
10540,I think the product is bad. Save your money.,Negative
10541,I think my experience looks fantastic. Best purchase ever.,Positive
10542,This item seems perfect. Will buy again.,Positive
10543,This item looks disappointing. Very frustrated.,Negative
10544,The design was quite perfect. Highly recommended!,Neutral
10545,The service was awesome. Exceeded expectations.,Positive
10546,The product feels somewhat fantastic. Will buy again.,Positive
10547,The service is great. Best purchase ever.,Positive
10548,I think my experience seems poor. Very frustrated.,Negative
10549,This item feels awesome. Highly recommended!,Positive
10550,I think my experience looks poor. Do not buy.,Negative
10551,I think delivery was perfect. Highly recommended!,Positive
10552,This item is very fair. Nothing special.,Neutral
10553,"The price seems quite average. Not bad, not great.",Neutral
10554,I think the price feels subpar. Very frustrated.,Negative
10555,Customer support looks truly awful. I hate it.,Negative
10556,The product feels worst. Do not buy.,Negative
10557,I think this item seems awesome. Best purchase ever.,Positive
10558,The service seems fairly awesome. Exceeded expectations.,Positive
10559,Delivery looks really mediocre. As expected.,Neutral
10560,Delivery looks perfect. I love it.,Positive
10561,I think the design was disappointing. Total waste of money.,Negative
10562,I think the quality is disappointing. Save your money.,Negative
10563,I think the price proved to be awesome. Exceeded expectations.,Positive
10564,I think my experience is dreadful. Total waste of money.,Negative
10565,Customer support looks terrible. Will return it.,Negative
10566,My experience feels average. Serves its purpose.,Neutral
10567,My experience seems absolutely bad. Save your money.,Negative
10568,My experience looks excellent. Will buy again.,Positive
10569,I think the service feels perfect. Very satisfied.,Positive
10570,This item is extremely bad. Save your money.,Negative
10571,The quality was typical. As expected.,Neutral
10572,I think the price seems standard. It does the job.,Neutral
10573,The packaging is useless. Will return it.,Negative
10574,I think the quality seems perfect. I love it.,Neutral
10575,The design seems totally great. Highly recommended!,Positive
10576,I think delivery seems disappointing. Will return it.,Negative
10577,The design was normal. It does the job.,Neutral
10578,"The quality feels very typical. Not bad, not great.",Neutral
10579,The product proved to be fairly perfect. Very satisfied.,Positive
10580,The packaging is very excellent. Best purchase ever.,Positive
10581,The quality was really brilliant. Exceeded expectations.,Positive
10582,I think customer support proved to be wonderful. Highly recommended!,Positive
10583,The design seems totally fine. Serves its purpose.,Neutral
10584,My experience is fairly awesome. I love it.,Positive
10585,The product looks poor. I hate it.,Negative
10586,"The price looks acceptable. Not bad, not great.",Neutral
10587,The product is extremely great. Best purchase ever.,Positive
10588,The price seems worst. Will return it.,Negative
10589,My experience is worst. Will return it.,Negative
10590,I think delivery looks fine. As expected.,Neutral
10591,"I think the quality is fine. Not bad, not great.",Neutral
10592,This item was truly amazing. Highly recommended!,Negative
10593,I think the service feels bad. Save your money.,Negative
10594,I think this item seems poor. Will return it.,Negative
10595,My experience looks normal. Might buy again.,Neutral
10596,I think the product proved to be stellar. I love it.,Positive
10597,I think delivery looks wonderful. Will buy again.,Neutral
10598,I think the quality is dreadful. Very frustrated.,Negative
10599,Delivery feels useless. Save your money.,Negative
10600,Delivery looks acceptable. Nothing special.,Neutral
10601,Customer support proved to be disappointing. Total waste of money.,Negative
10602,The design is really fine. Nothing special.,Neutral
10603,I think the design looks worst. Very frustrated.,Negative
10604,The design was superb. Very satisfied.,Positive
10605,I think the price seems bad. Save your money.,Negative
10606,My experience was terrible. Very frustrated.,Negative
10607,I think the product feels standard. It does the job.,Neutral
10608,My experience looks somewhat poor. Save your money.,Negative
10609,I think the design feels subpar. Total waste of money.,Negative
10610,The service was really worst. Total waste of money.,Positive
10611,The product proved to be truly perfect. Very satisfied.,Positive
10612,I think the price is brilliant. Exceeded expectations.,Positive
10613,Customer support looks somewhat typical. Serves its purpose.,Neutral
10614,I think the price proved to be brilliant. Best purchase ever.,Positive
10615,Customer support was brilliant. Very satisfied.,Positive
10616,The design feels fairly brilliant. Highly recommended!,Positive
10617,I think the design is standard. It does the job.,Neutral
10618,I think delivery looks acceptable. Might buy again.,Neutral
10619,The packaging feels worst. I hate it.,Negative
10620,I think the packaging was dreadful. Total waste of money.,Negative
10621,I think the service is subpar. Save your money.,Negative
10622,I think the design proved to be awful. Save your money.,Neutral
10623,Delivery is okay. Nothing special.,Neutral
10624,I think this item seems subpar. Will return it.,Negative
10625,The packaging was horrible. Do not buy.,Negative
10626,I think my experience was disappointing. I hate it.,Neutral
10627,The packaging is fairly excellent. Highly recommended!,Positive
10628,This item proved to be somewhat typical. It does the job.,Neutral
10629,The price seems completely useless. Will return it.,Negative
10630,The price feels acceptable. Nothing special.,Neutral
10631,The service looks subpar. Do not buy.,Negative
10632,The price is completely wonderful. Exceeded expectations.,Positive
10633,The quality was dreadful. I hate it.,Negative
10634,My experience is acceptable. Might buy again.,Neutral
10635,I think the service feels brilliant. Highly recommended!,Positive
10636,I think the quality is regular. Nothing special.,Neutral
10637,I think my experience was standard. Serves its purpose.,Neutral
10638,I think customer support seems useless. Total waste of money.,Positive
10639,This item looks really amazing. Will buy again.,Positive
10640,I think the product looks awesome. Exceeded expectations.,Positive
10641,My experience proved to be excellent. Highly recommended!,Positive
10642,My experience proved to be awful. I hate it.,Negative
10643,My experience feels fairly brilliant. Exceeded expectations.,Positive
10644,The service looks useless. Very frustrated.,Negative
10645,The quality looks truly excellent. Will buy again.,Positive
10646,I think the product feels amazing. Very satisfied.,Positive
10647,This item feels quite worst. Very frustrated.,Negative
10648,I think the service was poor. Total waste of money.,Negative
10649,The quality is great. Exceeded expectations.,Positive
10650,The packaging was brilliant. Very satisfied.,Positive
10651,The quality looks mediocre. Nothing special.,Neutral
10652,The product proved to be superb. I love it.,Positive
10653,The packaging seems truly horrible. Total waste of money.,Negative
10654,Customer support looks truly fair. Nothing special.,Neutral
10655,I think my experience was wonderful. Highly recommended!,Positive
10656,This item feels dreadful. Do not buy.,Negative
10657,The design feels absolutely fair. It does the job.,Negative
10658,Customer support seems quite fantastic. Will buy again.,Positive
10659,This item seems quite acceptable. It does the job.,Neutral
10660,Customer support looks perfect. Exceeded expectations.,Positive
10661,My experience looks fairly dreadful. Do not buy.,Negative
10662,The packaging seems great. Will buy again.,Positive
10663,The quality seems subpar. I hate it.,Negative
10664,I think the product seems terrible. Save your money.,Negative
10665,This item is horrible. Will return it.,Negative
10666,I think customer support proved to be regular. As expected.,Neutral
10667,The quality was totally subpar. Will return it.,Negative
10668,I think the price was terrible. I hate it.,Negative
10669,This item proved to be very worst. Save your money.,Negative
10670,The service proved to be extremely brilliant. Highly recommended!,Positive
10671,I think this item is brilliant. Exceeded expectations.,Positive
10672,The product looks somewhat superb. I love it.,Positive
10673,The packaging seems wonderful. I love it.,Positive
10674,I think the design seems amazing. Best purchase ever.,Positive
10675,My experience is amazing. Exceeded expectations.,Positive
10676,I think customer support is terrible. Total waste of money.,Negative
10677,Delivery looks stellar. Very satisfied.,Positive
10678,This item proved to be totally amazing. Will buy again.,Positive
10679,This item feels standard. As expected.,Neutral
10680,I think the design seems dreadful. Do not buy.,Negative
10681,Customer support proved to be totally terrible. Total waste of money.,Negative
10682,The service looks truly great. I love it.,Positive
10683,The service seems fairly normal. As expected.,Neutral
10684,I think the quality feels fine. As expected.,Neutral
10685,The product proved to be very poor. Will return it.,Negative
10686,My experience looks subpar. I hate it.,Negative
10687,Delivery is poor. Total waste of money.,Negative
10688,Customer support proved to be fine. As expected.,Neutral
10689,I think the service proved to be superb. I love it.,Positive
10690,I think this item was horrible. I hate it.,Negative
10691,The design was quite horrible. Total waste of money.,Negative
10692,The design is somewhat average. Nothing special.,Neutral
10693,I think this item feels brilliant. I love it.,Positive
10694,Delivery was amazing. Exceeded expectations.,Positive
10695,My experience looks completely great. Will buy again.,Positive
10696,The design feels completely mediocre. Serves its purpose.,Neutral
10697,The quality was quite terrible. Very frustrated.,Negative
10698,Customer support seems wonderful. I love it.,Positive
10699,I think the quality looks worst. Save your money.,Negative
10700,The price feels fairly great. I love it.,Positive
10701,I think this item feels mediocre. Might buy again.,Neutral
10702,The design feels truly bad. Save your money.,Negative
10703,The price looks absolutely amazing. Very satisfied.,Positive
10704,The packaging seems perfect. Will buy again.,Positive
10705,The service proved to be worst. Very frustrated.,Negative
10706,Customer support looks standard. As expected.,Neutral
10707,The product is perfect. Will buy again.,Positive
10708,"I think the price proved to be acceptable. Not bad, not great.",Neutral
10709,Delivery looks awesome. Highly recommended!,Positive
10710,The packaging looks extremely mediocre. It does the job.,Neutral
10711,The design feels truly normal. Might buy again.,Neutral
10712,"The design looks fairly typical. Not bad, not great.",Negative
10713,The service feels normal. Nothing special.,Neutral
10714,I think the product looks average. Serves its purpose.,Neutral
10715,I think customer support seems awesome. I love it.,Positive
10716,I think my experience was fair. As expected.,Neutral
10717,The quality was terrible. Total waste of money.,Negative
10718,I think delivery feels subpar. Will return it.,Negative
10719,The packaging looks totally horrible. I hate it.,Negative
10720,The price was dreadful. Save your money.,Negative
10721,Delivery was okay. It does the job.,Neutral
10722,The product feels useless. Do not buy.,Negative
10723,This item seems quite typical. Might buy again.,Neutral
10724,The quality was very stellar. Highly recommended!,Positive
10725,My experience is subpar. Very frustrated.,Negative
10726,The design proved to be really awful. Total waste of money.,Negative
10727,I think this item is superb. I love it.,Positive
10728,The service seems average. Serves its purpose.,Neutral
10729,I think the product was superb. Best purchase ever.,Positive
10730,Customer support is awesome. Very satisfied.,Positive
10731,I think the design is awful. Will return it.,Negative
10732,The price looks awesome. Will buy again.,Positive
10733,The service proved to be very worst. Total waste of money.,Negative
10734,I think delivery is fantastic. Will buy again.,Positive
10735,The service feels truly subpar. Do not buy.,Negative
10736,The price was useless. Will return it.,Negative
10737,The quality seems quite stellar. Highly recommended!,Positive
10738,I think the quality feels awful. Total waste of money.,Negative
10739,My experience is quite dreadful. Will return it.,Positive
10740,The price seems typical. Nothing special.,Neutral
10741,The quality feels okay. It does the job.,Neutral
10742,I think the packaging was average. Nothing special.,Neutral
10743,The service looks completely awesome. Will buy again.,Neutral
10744,The price looks absolutely superb. Best purchase ever.,Positive
10745,The packaging proved to be useless. Do not buy.,Negative
10746,The packaging feels bad. Do not buy.,Negative
10747,The quality proved to be quite stellar. Very satisfied.,Positive
10748,Customer support is quite fair. Nothing special.,Neutral
10749,The product looks extremely subpar. I hate it.,Negative
10750,This item feels fantastic. Will buy again.,Positive
10751,The product is awful. Do not buy.,Negative
10752,The product seems horrible. Will return it.,Negative
10753,My experience is fantastic. Best purchase ever.,Positive
10754,I think this item feels brilliant. Will buy again.,Positive
10755,I think delivery looks typical. It does the job.,Neutral
10756,I think the design seems awful. I hate it.,Negative
10757,The price looks somewhat amazing. Exceeded expectations.,Positive
10758,Delivery proved to be awesome. Very satisfied.,Positive
10759,Customer support seems fairly acceptable. Serves its purpose.,Neutral
10760,I think the product seems okay. As expected.,Neutral
10761,The service was dreadful. Total waste of money.,Negative
10762,I think the packaging was fine. Might buy again.,Neutral
10763,I think the quality is disappointing. Total waste of money.,Negative
10764,The design was brilliant. Best purchase ever.,Positive
10765,I think the product seems subpar. Will return it.,Negative
10766,I think customer support looks subpar. Will return it.,Negative
10767,I think the price was excellent. Best purchase ever.,Positive
10768,The service was horrible. Total waste of money.,Negative
10769,This item feels stellar. Very satisfied.,Positive
10770,I think the product is wonderful. Will buy again.,Positive
10771,I think customer support proved to be awesome. Best purchase ever.,Positive
10772,This item was worst. Save your money.,Negative
10773,The price is fairly subpar. I hate it.,Negative
10774,This item is really okay. As expected.,Neutral
10775,The packaging was awful. Total waste of money.,Negative
10776,The service is awesome. Highly recommended!,Positive
10777,Delivery looks very perfect. Exceeded expectations.,Positive
10778,This item was truly dreadful. Total waste of money.,Negative
10779,The quality is very useless. Will return it.,Negative
10780,The quality proved to be absolutely acceptable. It does the job.,Neutral
10781,This item seems disappointing. Total waste of money.,Negative
10782,My experience proved to be bad. I hate it.,Negative
10783,I think the product feels awful. Very frustrated.,Negative
10784,The service looks completely disappointing. I hate it.,Negative
10785,The price seems fair. It does the job.,Neutral
10786,The service proved to be awful. I hate it.,Negative
10787,The design feels fine. Nothing special.,Neutral
10788,This item is awful. Save your money.,Negative
10789,Delivery was absolutely bad. Total waste of money.,Negative
10790,I think the design was great. Will buy again.,Negative
10791,My experience looks really great. Will buy again.,Positive
10792,The price looks subpar. Total waste of money.,Negative
10793,The price was stellar. Highly recommended!,Positive
10794,This item was somewhat average. It does the job.,Neutral
10795,The price feels completely brilliant. I love it.,Positive
10796,The design is very fantastic. Very satisfied.,Positive
10797,My experience seems superb. Highly recommended!,Positive
10798,I think the price feels brilliant. Exceeded expectations.,Positive
10799,I think delivery is stellar. Best purchase ever.,Positive
10800,I think the price feels awful. Save your money.,Negative
10801,The product looks really dreadful. I hate it.,Positive
10802,I think the price is perfect. Highly recommended!,Positive
10803,The design seems amazing. Will buy again.,Positive
10804,My experience proved to be truly fantastic. I love it.,Positive
10805,The service is normal. Serves its purpose.,Neutral
10806,The packaging is excellent. I love it.,Positive
10807,Customer support looks awful. I hate it.,Negative
10808,The product feels absolutely superb. Very satisfied.,Positive
10809,The design feels perfect. Very satisfied.,Positive
10810,I think the price looks awesome. Very satisfied.,Positive
10811,I think the design proved to be dreadful. I hate it.,Negative
10812,I think the packaging feels wonderful. Exceeded expectations.,Negative
10813,I think my experience was fantastic. Best purchase ever.,Positive
10814,This item proved to be very superb. Exceeded expectations.,Positive
10815,Delivery feels very standard. Might buy again.,Neutral
10816,My experience proved to be subpar. I hate it.,Negative
10817,I think delivery feels dreadful. Do not buy.,Negative
10818,The price looks very stellar. Very satisfied.,Positive
10819,I think this item was excellent. Exceeded expectations.,Positive
10820,The packaging proved to be extremely worst. Will return it.,Negative
10821,I think the product seems okay. Nothing special.,Positive
10822,I think the quality looks horrible. Will return it.,Negative
10823,Customer support feels average. Nothing special.,Neutral
10824,I think delivery looks perfect. I love it.,Positive
10825,My experience proved to be perfect. Will buy again.,Positive
10826,This item was poor. I hate it.,Negative
10827,The quality looks excellent. Highly recommended!,Positive
10828,My experience looks somewhat fantastic. Highly recommended!,Positive
10829,The packaging seems standard. Might buy again.,Neutral
10830,I think the quality is typical. It does the job.,Neutral
10831,The product is excellent. Will buy again.,Positive
10832,The service looks fairly amazing. I love it.,Positive
10833,I think the product looks stellar. Highly recommended!,Positive
10834,I think the price seems fair. It does the job.,Neutral
10835,Customer support looks truly terrible. Save your money.,Positive
10836,I think the price looks poor. Total waste of money.,Negative
10837,I think the service was stellar. Highly recommended!,Positive
10838,I think the service looks poor. Will return it.,Negative
10839,The packaging seems brilliant. I love it.,Positive
10840,The quality feels completely poor. Do not buy.,Neutral
10841,The service seems totally worst. Save your money.,Negative
10842,I think the packaging looks fantastic. Highly recommended!,Positive
10843,My experience looks somewhat amazing. Will buy again.,Positive
10844,The quality is quite average. As expected.,Neutral
10845,I think the design feels useless. Very frustrated.,Negative
10846,I think the service seems great. Best purchase ever.,Positive
10847,I think customer support seems standard. As expected.,Neutral
10848,The design proved to be quite poor. I hate it.,Negative
10849,My experience feels quite terrible. I hate it.,Negative
10850,This item looks completely dreadful. Will return it.,Negative
10851,The product feels bad. Very frustrated.,Negative
10852,The packaging proved to be extremely dreadful. Will return it.,Negative
10853,The design is extremely typical. Serves its purpose.,Neutral
10854,Delivery was fairly terrible. Save your money.,Negative
10855,My experience was completely terrible. Will return it.,Negative
10856,Delivery feels absolutely wonderful. I love it.,Positive
10857,I think the price was disappointing. Very frustrated.,Negative
10858,The quality feels worst. Total waste of money.,Negative
10859,I think the product looks worst. I hate it.,Negative
10860,I think the packaging seems superb. Best purchase ever.,Positive
10861,The design is brilliant. Exceeded expectations.,Positive
10862,I think customer support looks amazing. Highly recommended!,Positive
10863,I think the packaging proved to be excellent. Best purchase ever.,Positive
10864,I think the product seems horrible. Do not buy.,Negative
10865,This item feels worst. Very frustrated.,Negative
10866,I think the service feels brilliant. Highly recommended!,Positive
10867,Delivery seems superb. Highly recommended!,Positive
10868,I think the price is regular. Serves its purpose.,Neutral
10869,Customer support is terrible. Will return it.,Negative
10870,The packaging looks great. I love it.,Positive
10871,The product was excellent. Very satisfied.,Positive
10872,The design seems extremely terrible. I hate it.,Negative
10873,Delivery proved to be excellent. I love it.,Positive
10874,The design proved to be useless. Total waste of money.,Negative
10875,I think the packaging looks awesome. I love it.,Positive
10876,The product feels standard. It does the job.,Neutral
10877,Customer support looks fairly awesome. Exceeded expectations.,Positive
10878,My experience was fairly horrible. Will return it.,Negative
10879,I think this item was dreadful. Do not buy.,Negative
10880,The design looks fairly average. Serves its purpose.,Neutral
10881,The product looks absolutely amazing. Highly recommended!,Positive
10882,"The design is quite regular. Not bad, not great.",Neutral
10883,The product feels subpar. Will return it.,Negative
10884,I think my experience feels mediocre. Might buy again.,Neutral
10885,I think delivery was average. Might buy again.,Neutral
10886,The price feels standard. It does the job.,Neutral
10887,Customer support seems stellar. Very satisfied.,Positive
10888,My experience was fairly brilliant. Very satisfied.,Positive
10889,"The packaging is fairly okay. Not bad, not great.",Neutral
10890,The design proved to be horrible. Total waste of money.,Negative
10891,The product proved to be useless. Will return it.,Negative
10892,Delivery proved to be brilliant. Exceeded expectations.,Positive
10893,"The price proved to be fairly normal. Not bad, not great.",Neutral
10894,I think my experience looks bad. Save your money.,Negative
10895,I think this item feels dreadful. I hate it.,Negative
10896,The price was brilliant. Highly recommended!,Neutral
10897,Delivery seems terrible. Very frustrated.,Negative
10898,I think delivery looks disappointing. Very frustrated.,Negative
10899,The design looks absolutely terrible. I hate it.,Negative
10900,I think customer support is useless. Total waste of money.,Negative
10901,I think this item proved to be typical. Might buy again.,Neutral
10902,The packaging proved to be subpar. I hate it.,Negative
10903,I think the product proved to be fantastic. Very satisfied.,Positive
10904,The service looks worst. Save your money.,Negative
10905,I think delivery seems subpar. Save your money.,Negative
10906,The price is brilliant. I love it.,Positive
10907,I think the price seems fantastic. Exceeded expectations.,Positive
10908,The price was great. Will buy again.,Positive
10909,The packaging is absolutely great. Best purchase ever.,Positive
10910,The packaging feels totally brilliant. Will buy again.,Positive
10911,I think the packaging looks great. Highly recommended!,Positive
10912,This item seems terrible. Save your money.,Negative
10913,I think the product seems disappointing. Very frustrated.,Negative
10914,I think the design is worst. Do not buy.,Negative
10915,I think the product feels brilliant. I love it.,Positive
10916,I think my experience looks useless. I hate it.,Neutral
10917,I think delivery was normal. As expected.,Neutral
10918,I think the quality proved to be excellent. Exceeded expectations.,Positive
10919,This item was totally bad. Very frustrated.,Negative
10920,I think the quality proved to be disappointing. I hate it.,Negative
10921,Delivery looks awful. Do not buy.,Negative
10922,The service is worst. Save your money.,Negative
10923,This item feels wonderful. Will buy again.,Positive
10924,The price looks absolutely horrible. Do not buy.,Neutral
10925,The service feels very disappointing. I hate it.,Negative
10926,The price was terrible. Very frustrated.,Negative
10927,Delivery was absolutely brilliant. Exceeded expectations.,Positive
10928,The price is dreadful. I hate it.,Negative
10929,I think the design proved to be brilliant. Highly recommended!,Positive
10930,I think the quality seems superb. Very satisfied.,Positive
10931,The quality seems extremely standard. It does the job.,Neutral
10932,The product seems totally typical. It does the job.,Neutral
10933,I think the packaging is fine. Might buy again.,Neutral
10934,The product seems totally awesome. Best purchase ever.,Positive
10935,I think the price proved to be fantastic. Best purchase ever.,Positive
10936,The product seems amazing. Very satisfied.,Positive
10937,The quality feels fair. It does the job.,Neutral
10938,Customer support was completely perfect. Highly recommended!,Positive
10939,I think the design seems subpar. Will return it.,Negative
10940,The quality is regular. As expected.,Neutral
10941,The quality was mediocre. Nothing special.,Neutral
10942,I think the design seems worst. Very frustrated.,Negative
10943,Delivery was somewhat wonderful. I love it.,Positive
10944,I think this item was bad. I hate it.,Negative
10945,Customer support proved to be fairly okay. It does the job.,Neutral
10946,The design seems okay. Might buy again.,Neutral
10947,The service proved to be completely excellent. Very satisfied.,Positive
10948,My experience was totally subpar. Very frustrated.,Negative
10949,Customer support was excellent. Will buy again.,Positive
10950,Customer support was somewhat superb. Will buy again.,Positive
10951,Customer support looks totally standard. Nothing special.,Neutral
10952,Customer support seems terrible. Will return it.,Negative
10953,The product looks poor. Save your money.,Negative
10954,I think the quality looks standard. Serves its purpose.,Neutral
10955,I think the price feels fantastic. Very satisfied.,Positive
10956,Delivery was quite great. Highly recommended!,Positive
10957,The quality seems really standard. Nothing special.,Neutral
10958,Customer support seems disappointing. Very frustrated.,Negative
10959,I think the packaging seems worst. Total waste of money.,Negative
10960,I think my experience proved to be great. Very satisfied.,Positive
10961,My experience proved to be extremely disappointing. Save your money.,Negative
10962,I think the design looks excellent. Will buy again.,Positive
10963,I think the design feels brilliant. Very satisfied.,Positive
10964,The quality was typical. As expected.,Neutral
10965,The quality seems amazing. I love it.,Positive
10966,The design feels totally awful. Will return it.,Negative
10967,I think the design feels useless. Will return it.,Negative
10968,Delivery proved to be horrible. Will return it.,Negative
10969,The price was quite mediocre. Might buy again.,Neutral
10970,The service seems perfect. Highly recommended!,Positive
10971,I think the packaging seems dreadful. I hate it.,Negative
10972,My experience seems really stellar. Exceeded expectations.,Positive
10973,I think the packaging feels wonderful. Highly recommended!,Positive
10974,The quality looks fairly stellar. Very satisfied.,Positive
10975,I think the design looks amazing. Very satisfied.,Positive
10976,The quality feels absolutely average. Might buy again.,Neutral
10977,I think this item looks amazing. Exceeded expectations.,Positive
10978,This item is wonderful. Very satisfied.,Positive
10979,The packaging proved to be completely acceptable. As expected.,Neutral
10980,I think the product feels horrible. Will return it.,Negative
10981,The price looks absolutely subpar. I hate it.,Negative
10982,I think this item looks horrible. Do not buy.,Negative
10983,The packaging feels truly wonderful. Best purchase ever.,Positive
10984,I think the packaging proved to be acceptable. As expected.,Neutral
10985,I think the packaging is disappointing. I hate it.,Negative
10986,The design was really disappointing. Very frustrated.,Negative
10987,The packaging feels extremely useless. Total waste of money.,Negative
10988,The packaging looks somewhat awesome. Very satisfied.,Positive
10989,I think the design is standard. As expected.,Neutral
10990,"I think my experience proved to be normal. Not bad, not great.",Neutral
10991,The packaging feels wonderful. Exceeded expectations.,Positive
10992,I think delivery was awesome. Very satisfied.,Negative
10993,This item feels awful. Very frustrated.,Negative
10994,The price feels poor. Save your money.,Negative
10995,The design seems awesome. Very satisfied.,Positive
10996,I think the product seems awesome. Highly recommended!,Positive
10997,I think customer support was awful. I hate it.,Negative
10998,The price seems extremely poor. Very frustrated.,Negative
10999,"The product looks fair. Not bad, not great.",Neutral
11000,The price looks worst. Do not buy.,Negative
11001,product is very expensive,
